SEQID	Genome size	circ.	Coverage	Completeness	Contamination	classification	simple_classification	Species	Phylum	Genus	5S ribosomal RNA	16S ribosomal RNA	23S ribosomal RNA	# 5S rRNA/16S rRNA / 23S rRNA	Number_of_tRNA	Contigs	Passed_assembly_QC	Assembly_QC_reason	In_bac120_MSA	N_bac120_markers	In_bac120_tree	Tree_exclusion_reason	AntiSMASH_failure	AntiSMASH_OK	GenomeQ	ID	inhibit Enterococcus mundtii DSM 4838	inhibit Enterobacter mori DSM 26271	inhibit Staphylococcus epidermidis AU 24	inhibit Escherichia coli DSM 498	inhibit Pseudomonas putida DSM 6125	inhibit Acinetobacter baylyi DSM 14961	inhibit Staphylococcus aureus DSM 20231
PAQ87969.barcode01	16335	N	17	54.95	1.61	d__Bacteria;p__Bacillota;c__Bacilli;o__Bacillales;f__DSM-1321;g__Peribacillus;s__Peribacillus simplex_E	Bacillota - g__Peribacillus	Peribacillus simplex_E	p__Bacillota	g__Peribacillus	6	2	1	6/2/1	19	392	FALSE	completeness<90;contigs>20;	NA	NA	FALSE	failed_assembly_qc	NA	TRUE	Medium quality genome	NA	NA	NA	NA	NA	NA	NA	NA
PAQ87969.barcode03	9105	N	9	7.48	0.05	d__Bacteria;p__Bacillota;c__Bacilli;o__Bacillales;f__DSM-1321;g__Peribacillus;s__Peribacillus simplex_E	Bacillota - g__Peribacillus	Peribacillus simplex_E	p__Bacillota	g__Peribacillus	1	1	1	1/1/1	0	66	FALSE	completeness<90;contigs>20;size<1500000;	NA	NA	FALSE	failed_assembly_qc	NA	TRUE	Low quality genome	NA	NA	NA	NA	NA	NA	NA	NA
PAQ87969.barcode04	2614434	N	57	100	0.87	d__Bacteria;p__Bacillota;c__Bacilli;o__Bacillales;f__DSM-1321;g__Peribacillus;s__Peribacillus frigoritolerans	Bacillota - g__Peribacillus	Peribacillus frigoritolerans	p__Bacillota	g__Peribacillus	12	13	12	12/13/12	25	15	TRUE	NA	TRUE	112	TRUE	NA	NA	TRUE	High quality genome	NA	NA	NA	NA	NA	NA	NA	NA
PAQ87969.barcode05	58153	N	15	85.3	1.32	d__Bacteria;p__Actinomycetota;c__Actinomycetes;o__Streptomycetales;f__Streptomycetaceae;g__Streptomyces;s__Streptomyces decoyicus	Actinomycetota - g__Streptomyces	Streptomyces decoyicus	p__Actinomycetota	g__Streptomyces	1	1	1	1/1/1	24	940	FALSE	completeness<90;contigs>20;	NA	NA	FALSE	failed_assembly_qc	NA	TRUE	Medium quality genome	NA	NA	NA	NA	NA	NA	NA	NA
PAQ87969.barcode06	3854401	N	31	100	0.59	d__Bacteria;p__Actinomycetota;c__Actinomycetes;o__Streptomycetales;f__Streptomycetaceae;g__Streptomyces;s__	Actinomycetota - g__Streptomyces	Streptomyces sp.	p__Actinomycetota	g__Streptomyces	8	6	8	8/6/8	23	8	TRUE	NA	TRUE	116	TRUE	NA	NA	TRUE	High quality genome	NA	NA	NA	NA	NA	NA	NA	NA
PAQ87969.barcode07	1057898	N	62	100	0	d__Bacteria;p__Bacillota;c__Bacilli;o__Bacillales;f__DSM-1321;g__Peribacillus;s__Peribacillus simplex_E	Bacillota - g__Peribacillus	Peribacillus simplex_E	p__Bacillota	g__Peribacillus	12	9	5	12/9/5	25	47	FALSE	contigs>20;	NA	NA	FALSE	failed_assembly_qc	NA	TRUE	High quality genome	NA	NA	NA	NA	NA	NA	NA	NA
PAQ87969.barcode08	54403	N	8	79.82	2.02	d__Bacteria;p__Actinomycetota;c__Actinomycetes;o__Streptomycetales;f__Streptomycetaceae;g__Streptomyces;s__Streptomyces platensis	Actinomycetota - g__Streptomyces	Streptomyces platensis	p__Actinomycetota	g__Streptomyces	1	1	1	1/1/1	22	952	FALSE	completeness<90;contigs>20;	NA	NA	FALSE	failed_assembly_qc	NA	TRUE	Medium quality genome	NA	NA	NA	NA	NA	NA	NA	NA
PAQ87969.barcode09	6685118	Y	45	100	0.23	d__Bacteria;p__Pseudomonadota;c__Gammaproteobacteria;o__Pseudomonadales;f__Pseudomonadaceae;g__Aquipseudomonas;s__Aquipseudomonas koreensis_A	Pseudomonadota - g__Aquipseudomonas	Aquipseudomonas koreensis_A	p__Pseudomonadota	g__Aquipseudomonas	7	6	6	7/6/6	27	1	TRUE	NA	TRUE	117	TRUE	NA	NA	TRUE	High quality genome	NA	NA	NA	NA	NA	NA	NA	NA
PAQ87969.barcode10	233311	N	36	99.99	2.1	d__Bacteria;p__Bacillota;c__Bacilli;o__Bacillales;f__DSM-1321;g__Peribacillus;s__Peribacillus simplex	Bacillota - g__Peribacillus	Peribacillus simplex	p__Bacillota	g__Peribacillus	6	8	2	6/8/2	26	243	FALSE	contigs>20;	NA	NA	FALSE	failed_assembly_qc	NA	TRUE	High quality genome	NA	NA	NA	NA	NA	NA	NA	NA
PAQ87969.barcode11	2511318	N	30	100	0.27	d__Bacteria;p__Actinomycetota;c__Actinomycetes;o__Streptomycetales;f__Streptomycetaceae;g__Streptomyces;s__Streptomyces gardneri	Actinomycetota - g__Streptomyces	Streptomyces gardneri	p__Actinomycetota	g__Streptomyces	6	7	7	6/7/7	25	7	TRUE	NA	TRUE	115	TRUE	NA	NA	TRUE	High quality genome	NA	NA	NA	NA	NA	NA	NA	NA
PAQ87969.barcode12	5362671	N	54	100	0.72	d__Bacteria;p__Bacillota;c__Bacilli;o__Bacillales;f__DSM-1321;g__Peribacillus;s__Peribacillus frigoritolerans	Bacillota - g__Peribacillus	Peribacillus frigoritolerans	p__Bacillota	g__Peribacillus	14	12	14	14/12/14	25	2	TRUE	NA	TRUE	112	TRUE	NA	NA	TRUE	High quality genome	NA	NA	NA	NA	NA	NA	NA	NA
PAQ87969.barcode13	5493907	Y	54	100	0.75	d__Bacteria;p__Bacillota;c__Bacilli;o__Bacillales;f__DSM-1321;g__Peribacillus;s__Peribacillus frigoritolerans	Bacillota - g__Peribacillus	Peribacillus frigoritolerans	p__Bacillota	g__Peribacillus	14	14	14	14/14/14	25	1	TRUE	NA	TRUE	112	TRUE	NA	NA	TRUE	High quality genome	NA	NA	NA	NA	NA	NA	NA	NA
PAQ87969.barcode14	5508208	Y	50	100	0.61	d__Bacteria;p__Bacillota;c__Bacilli;o__Bacillales;f__DSM-1321;g__Peribacillus;s__Peribacillus simplex	Bacillota - g__Peribacillus	Peribacillus simplex	p__Bacillota	g__Peribacillus	15	14	14	15/14/14	25	3	TRUE	NA	TRUE	113	TRUE	NA	NA	TRUE	High quality genome	NA	NA	NA	NA	NA	NA	NA	NA
PAQ87969.barcode15	5080583	Y	61	100	0.18	d__Bacteria;p__Pseudomonadota;c__Gammaproteobacteria;o__Enterobacterales;f__Enterobacteriaceae;g__Enterobacter;s__Enterobacter mori	Pseudomonadota - g__Enterobacter	Enterobacter mori	p__Pseudomonadota	g__Enterobacter	9	8	8	9/8/8	27	1	TRUE	NA	TRUE	118	TRUE	NA	NA	TRUE	High quality genome	NA	NA	NA	NA	NA	NA	NA	NA
PAQ87969.barcode16	5080601	Y	62	100	0.19	d__Bacteria;p__Pseudomonadota;c__Gammaproteobacteria;o__Enterobacterales;f__Enterobacteriaceae;g__Enterobacter;s__Enterobacter mori	Pseudomonadota - g__Enterobacter	Enterobacter mori	p__Pseudomonadota	g__Enterobacter	9	8	8	9/8/8	27	1	TRUE	NA	TRUE	118	TRUE	NA	NA	TRUE	High quality genome	NA	NA	NA	NA	NA	NA	NA	NA
PAQ87969.barcode17	2409464	Y	124	99.85	0.33	d__Bacteria;p__Actinomycetota;c__Actinomycetes;o__Actinomycetales;f__Micrococcaceae;g__Micrococcus;s__Micrococcus luteus	Actinomycetota - g__Micrococcus	Micrococcus luteus	p__Actinomycetota	g__Micrococcus	2	2	2	2/2/2	23	12	TRUE	NA	TRUE	119	TRUE	NA	NA	TRUE	High quality genome	NA	NA	NA	NA	NA	NA	NA	NA
PAQ87969.barcode19	2316263	N	28	100	0.85	d__Bacteria;p__Actinomycetota;c__Actinomycetes;o__Streptomycetales;f__Streptomycetaceae;g__Streptomyces;s__Streptomyces zaomyceticus	Actinomycetota - g__Streptomyces	Streptomyces zaomyceticus	p__Actinomycetota	g__Streptomyces	2	6	4	2/6/4	23	21	FALSE	contigs>20;	NA	NA	FALSE	failed_assembly_qc	NA	TRUE	High quality genome	MIDD2022-Gr14-R2A-16	0	1	1	1	0	1	0
PAQ87969.barcode20	3556697	N	30	100	0.06	d__Bacteria;p__Actinomycetota;c__Actinomycetes;o__Streptomycetales;f__Streptomycetaceae;g__Streptomyces;s__Streptomyces sp026342235	Actinomycetota - g__Streptomyces	Streptomyces sp026342235	p__Actinomycetota	g__Streptomyces	5	8	8	5/8/8	22	10	TRUE	NA	TRUE	115	TRUE	NA	NA	TRUE	High quality genome	SILK2023-Gr2-R2A-11	1	0	0	0	0	0	0
PAQ87969.barcode21	28394	N	31	83.56	3.16	d__Bacteria;p__Actinomycetota;c__Actinomycetes;o__Streptomycetales;f__Streptomycetaceae;g__Streptomyces;s__Streptomyces atratus_B	Actinomycetota - g__Streptomyces	Streptomyces atratus_B	p__Actinomycetota	g__Streptomyces	3	1	1	3/1/1	26	1505	FALSE	completeness<90;contigs>20;	NA	NA	FALSE	failed_assembly_qc	NA	TRUE	Medium quality genome	VIBO2023-Gr12-R2A-15	0	0	1	0	0	0	1
PAQ87969.barcode22	2469378	N	26	100	0.07	d__Bacteria;p__Actinomycetota;c__Actinomycetes;o__Streptomycetales;f__Streptomycetaceae;g__Streptomyces;s__Streptomyces virginiae_A	Actinomycetota - g__Streptomyces	Streptomyces virginiae_A	p__Actinomycetota	g__Streptomyces	7	7	8	7/7/8	22	17	TRUE	NA	TRUE	116	TRUE	NA	NA	TRUE	High quality genome	VHG2023-Gr11-R2A-17	1	0	1	0	0	0	1
PAQ87969.barcode23	443694	Y	18	99.38	40.02	d__Bacteria;p__Pseudomonadota;c__Alphaproteobacteria;o__Rhodobacterales;f__Rhodobacteraceae;g__Haematobacter;s__Haematobacter massiliensis	Pseudomonadota - g__Haematobacter	Haematobacter massiliensis	p__Pseudomonadota	g__Haematobacter	5	7	3	5/7/3	26	928	FALSE	contamination>=5;contigs>20;	NA	NA	FALSE	failed_assembly_qc	NA	TRUE	Unannotated genomes	HJØRSTx2023-Gr4-R2A-2	0	0	0	0	0	0	0
PAQ87969.barcode24	1304953	N	35	99.99	0.01	d__Bacteria;p__Actinomycetota;c__Actinomycetes;o__Streptomycetales;f__Streptomycetaceae;g__Streptomyces;s__Streptomyces sp045040375	Actinomycetota - g__Streptomyces	Streptomyces sp045040375	p__Actinomycetota	g__Streptomyces	7	7	7	7/7/7	24	26	FALSE	contigs>20;	NA	NA	FALSE	failed_assembly_qc	NA	TRUE	High quality genome	MARSBioA2022-Gr1-R2A-1	1	0	1	0	0	0	0
PAQ87969.barcode25	4541336	N	32	100	0.97	d__Bacteria;p__Actinomycetota;c__Actinomycetes;o__Streptomycetales;f__Streptomycetaceae;g__Streptomyces;s__Streptomyces sp036346295	Actinomycetota - g__Streptomyces	Streptomyces sp036346295	p__Actinomycetota	g__Streptomyces	7	7	7	7/7/7	23	7	TRUE	NA	TRUE	117	TRUE	NA	NA	TRUE	High quality genome	VHG2023-Gr8-R2A-20	1	0	1	0	0	0	1
PAQ87969.barcode26	5162470	Y	41	100	0.87	d__Bacteria;p__Pseudomonadota;c__Gammaproteobacteria;o__Burkholderiales;f__Burkholderiaceae_C;g__Variovorax;s__	Pseudomonadota - g__Variovorax	Variovorax sp.	p__Pseudomonadota	g__Variovorax	2	2	2	2/2/2	23	3	TRUE	NA	TRUE	118	TRUE	NA	NA	TRUE	High quality genome	HJØRSTX2023-Gr1-R2A-4	1	0	1	0	0	0	0
PAQ87969.barcode27	5968820	Y	50	99.98	0.03	d__Bacteria;p__Pseudomonadota;c__Gammaproteobacteria;o__Pseudomonadales;f__Pseudomonadaceae;g__Aquipseudomonas;s__Aquipseudomonas capeferrum	Pseudomonadota - g__Aquipseudomonas	Aquipseudomonas capeferrum	p__Pseudomonadota	g__Aquipseudomonas	7	6	6	7/6/6	25	1	TRUE	NA	TRUE	118	TRUE	NA	NA	TRUE	High quality genome	MARS2023-Gr14-R2A-9	1	0	1	1	1	1	0
PAQ87969.barcode28	5613998	N	55	100	0.52	d__Bacteria;p__Pseudomonadota;c__Gammaproteobacteria;o__Pseudomonadales;f__Pseudomonadaceae;g__Aquipseudomonas;s__Aquipseudomonas sp900187505	Pseudomonadota - g__Aquipseudomonas	Aquipseudomonas sp900187505	p__Pseudomonadota	g__Aquipseudomonas	8	7	7	8/7/7	24	1	TRUE	NA	TRUE	118	TRUE	NA	NA	TRUE	High quality genome	MARS2023-Gr13-10%NB-1	1	0	1	0	0	1	0
PAQ87969.barcode29	3066	N	3	6.38	0	Unclassified	NA - g__NA	NA	NA	NA	NA	NA	NA	NA	NA	3	FALSE	completeness<90;size<1500000;	NA	NA	FALSE	failed_assembly_qc	NA	TRUE	Low quality genome	GLHE2023-Gr8-10%NB-18	0	0	1	1	1	1	0
PAQ87969.barcode30	21600	N	6	35.05	0.72	d__Bacteria;p__Actinomycetota;c__Actinomycetes;o__Streptomycetales;f__Streptomycetaceae;g__Streptomyces;s__Streptomyces sp026343345	Actinomycetota - g__Streptomyces	Streptomyces sp026343345	p__Actinomycetota	g__Streptomyces	1	2	1	1/2/1	14	735	FALSE	completeness<90;contigs>20;	NA	NA	FALSE	failed_assembly_qc	NA	TRUE	Low quality genome	PAD2021-Gr6-10%NB-5	0	0	0	0	0	0	0
PAQ87969.barcode31	2388209	N	34	100	0.05	d__Bacteria;p__Actinomycetota;c__Actinomycetes;o__Streptomycetales;f__Streptomycetaceae;g__Streptomyces;s__Streptomyces niveus_A	Actinomycetota - g__Streptomyces	Streptomyces niveus_A	p__Actinomycetota	g__Streptomyces	7	7	3	7/7/3	24	14	TRUE	NA	TRUE	116	TRUE	NA	NA	TRUE	High quality genome	HJO2021-Gr2-10%NB-13	1	1	1	1	1	1	1
PAQ87969.barcode32	4858028	Y	61	100	0.9	d__Bacteria;p__Pseudomonadota;c__Alphaproteobacteria;o__Sphingomonadales;f__Sphingomonadaceae;g__Sphingomonas;s__	Pseudomonadota - g__Sphingomonas	Sphingomonas sp.	p__Pseudomonadota	g__Sphingomonas	3	3	3	3/3/3	23	2	TRUE	NA	TRUE	117	TRUE	NA	NA	TRUE	High quality genome	SILK2023-Gr13-10%NB-17	1	0	0	0	0	0	0
PAQ87969.barcode33	178942	N	13	90.88	1.77	d__Bacteria;p__Actinomycetota;c__Actinomycetes;o__Streptomycetales;f__Streptomycetaceae;g__Streptomyces;s__Streptomyces sp045040105	Actinomycetota - g__Streptomyces	Streptomyces sp045040105	p__Actinomycetota	g__Streptomyces	0	2	1	0/2/1	23	346	FALSE	contigs>20;	NA	NA	FALSE	failed_assembly_qc	NA	TRUE	Medium quality genome	VIBO2023-Gr3-10%NB-10	NA	NA	NA	NA	NA	NA	NA
PAQ87969.barcode35	1926597	N	25	100	0.68	d__Bacteria;p__Actinomycetota;c__Actinomycetes;o__Streptomycetales;f__Streptomycetaceae;g__Streptomyces;s__Streptomyces sp026339935	Actinomycetota - g__Streptomyces	Streptomyces sp026339935	p__Actinomycetota	g__Streptomyces	8	6	9	8/6/9	23	26	FALSE	contigs>20;	NA	NA	FALSE	failed_assembly_qc	NA	TRUE	High quality genome	MAR2020-JAR-10%NB-8	1	0	1	0	0	0	1
PAQ87969.barcode36	2254084	N	29	100	0.05	d__Bacteria;p__Actinomycetota;c__Actinomycetes;o__Streptomycetales;f__Streptomycetaceae;g__Streptomyces;s__Streptomyces niveus	Actinomycetota - g__Streptomyces	Streptomyces niveus	p__Actinomycetota	g__Streptomyces	5	7	6	5/7/6	23	8	TRUE	NA	TRUE	115	TRUE	NA	NA	TRUE	High quality genome	HJO2021-Gr2-10%NB-14	1	0	1	0	0	0	1
PAQ87969.barcode37	4965043	N	29	100	1.15	d__Bacteria;p__Actinomycetota;c__Actinomycetes;o__Streptomycetales;f__Streptomycetaceae;g__Streptomyces;s__Streptomyces sp026340975	Actinomycetota - g__Streptomyces	Streptomyces sp026340975	p__Actinomycetota	g__Streptomyces	6	7	7	6/7/7	22	6	TRUE	NA	TRUE	115	TRUE	NA	NA	TRUE	High quality genome	MAR2020-CLARA-10%NB-10	1	0	1	0	0	0	1
PAQ87969.barcode38	3890468	N	31	100	0.56	d__Bacteria;p__Actinomycetota;c__Actinomycetes;o__Streptomycetales;f__Streptomycetaceae;g__Streptomyces;s__Streptomyces virginiae_A	Actinomycetota - g__Streptomyces	Streptomyces virginiae_A	p__Actinomycetota	g__Streptomyces	7	8	8	7/8/8	22	7	TRUE	NA	TRUE	116	TRUE	NA	NA	TRUE	High quality genome	MAR2020-CLARA-10%NB-15	1	0	0	0	0	0	0
PAQ87969.barcode39	9315117	N	31	99.91	0.76	d__Bacteria;p__Actinomycetota;c__Actinomycetes;o__Streptomycetales;f__Streptomycetaceae;g__Kitasatospora;s__Kitasatospora sp045160805	Actinomycetota - g__Kitasatospora	Kitasatospora sp045160805	p__Actinomycetota	g__Kitasatospora	11	11	11	11/11/11	24	3	TRUE	NA	TRUE	114	TRUE	NA	NA	TRUE	High quality genome	VIBO2023-Gr12-AC-7	1	0	1	1	0	0	1
PAQ87969.barcode40	8429085	N	34	100	0.43	d__Bacteria;p__Actinomycetota;c__Actinomycetes;o__Streptomycetales;f__Streptomycetaceae;g__Streptomyces;s__Streptomyces sp001279695	Actinomycetota - g__Streptomyces	Streptomyces sp001279695	p__Actinomycetota	g__Streptomyces	8	8	8	8/8/8	24	3	TRUE	NA	TRUE	114	TRUE	NA	NA	TRUE	High quality genome	SILK2023-Gr1-AC-1	0	0	1	0	0	0	1
PAQ87969.barcode41	5267092	N	31	100	1.5	d__Bacteria;p__Actinomycetota;c__Actinomycetes;o__Streptomycetales;f__Streptomycetaceae;g__Streptomyces;s__Streptomyces sp001279695	Actinomycetota - g__Streptomyces	Streptomyces sp001279695	p__Actinomycetota	g__Streptomyces	7	8	7	7/8/7	24	12	TRUE	NA	TRUE	112	TRUE	NA	NA	TRUE	High quality genome	SILK2023-Gr17-AC-16	1	0	0	0	0	0	0
PAQ87969.barcode42	4494733	Y	68	100	0.05	d__Bacteria;p__Actinomycetota;c__Actinomycetes;o__Actinomycetales;f__Microbacteriaceae;g__Agromyces;s__Agromyces sp051016555	Actinomycetota - g__Agromyces	Agromyces sp051016555	p__Actinomycetota	g__Agromyces	3	3	3	3/3/3	23	1	TRUE	NA	TRUE	118	TRUE	NA	NA	TRUE	High quality genome	MIDD2022-Gr3-AC-17	1	1	1	1	0	0	1
PAQ87969.barcode43	631929	N	22	100	0.14	d__Bacteria;p__Actinomycetota;c__Actinomycetes;o__Streptomycetales;f__Streptomycetaceae;g__Streptomyces;s__Streptomyces sp026340595	Actinomycetota - g__Streptomyces	Streptomyces sp026340595	p__Actinomycetota	g__Streptomyces	5	5	5	5/5/5	24	70	FALSE	contigs>20;	NA	NA	FALSE	failed_assembly_qc	NA	TRUE	High quality genome	PAD2021-Gr5-AC-7	0	0	0	0	0	0	0
PAQ87969.barcode44	5002350	N	31	100	1.5	d__Bacteria;p__Actinomycetota;c__Actinomycetes;o__Streptomycetales;f__Streptomycetaceae;g__Kitasatospora;s__Kitasatospora sp040651915	Actinomycetota - g__Kitasatospora	Kitasatospora sp040651915	p__Actinomycetota	g__Kitasatospora	12	11	12	12/11/12	26	7	TRUE	NA	TRUE	115	TRUE	NA	NA	TRUE	High quality genome	SILK2023-Gr17-AC-17	1	0	0	0	0	0	0
PAQ87969.barcode45	8100506	N	34	100	0.41	d__Bacteria;p__Actinomycetota;c__Actinomycetes;o__Streptomycetales;f__Streptomycetaceae;g__Streptomyces;s__Streptomyces sp026340885	Actinomycetota - g__Streptomyces	Streptomyces sp026340885	p__Actinomycetota	g__Streptomyces	6	6	6	6/6/6	24	7	TRUE	NA	TRUE	113	TRUE	NA	NA	TRUE	High quality genome	VIBO2023-Gr3-AC-5	0	1	1	0	0	0	0
PAQ87969.barcode46	4667053	Y	67	100	0.08	d__Bacteria;p__Pseudomonadota;c__Gammaproteobacteria;o__Enterobacterales;f__Enterobacteriaceae;g__Buttiauxella;s__Buttiauxella brennerae	Pseudomonadota - g__Buttiauxella	Buttiauxella brennerae	p__Pseudomonadota	g__Buttiauxella	9	8	8	9/8/8	26	1	TRUE	NA	TRUE	117	TRUE	NA	NA	TRUE	High quality genome	MARS2023-Gr3-AC-6	0	0	1	1	0	0	1
PAQ87969.barcode47	6425777	Y	46	100	0.45	d__Bacteria;p__Pseudomonadota;c__Gammaproteobacteria;o__Pseudomonadales;f__Pseudomonadaceae;g__Aquipseudomonas;s__Aquipseudomonas azotoformans_A	Pseudomonadota - g__Aquipseudomonas	Aquipseudomonas azotoformans_A	p__Pseudomonadota	g__Aquipseudomonas	7	6	6	7/6/6	25	1	TRUE	NA	TRUE	117	TRUE	NA	NA	TRUE	High quality genome	MARS2023-Gr4-AC-9	1	0	1	0	0	1	1
PAQ87969.barcode48	6220658	Y	48	100	0.04	d__Bacteria;p__Pseudomonadota;c__Gammaproteobacteria;o__Pseudomonadales;f__Pseudomonadaceae;g__Aquipseudomonas;s__Aquipseudomonas sp019956555	Pseudomonadota - g__Aquipseudomonas	Aquipseudomonas sp019956555	p__Pseudomonadota	g__Aquipseudomonas	7	6	6	7/6/6	25	1	TRUE	NA	TRUE	118	TRUE	NA	NA	TRUE	High quality genome	HJØR2023-Gr1-AC-1	0	0	1	0	0	1	0
PAQ87969.barcode49	3755908	Y	81	100	0	d__Bacteria;p__Bacillota;c__Bacilli;o__Bacillales;f__Bacillaceae;g__Bacillus;s__Bacillus pumilus	Bacillota - g__Bacillus	Bacillus pumilus	p__Bacillota	g__Bacillus	8	8	8	8/8/8	26	1	TRUE	NA	TRUE	117	TRUE	NA	NA	TRUE	High quality genome	STG2023-Gr2-AC-14	0	1	1	1	1	1	1
PAQ87969.barcode50	2510759	N	51	100	1.34	d__Bacteria;p__Bacillota;c__Bacilli;o__Bacillales;f__DSM-1321;g__Peribacillus;s__Peribacillus frigoritolerans	Bacillota - g__Peribacillus	Peribacillus frigoritolerans	p__Bacillota	g__Peribacillus	14	12	13	14/12/13	25	15	TRUE	NA	TRUE	111	TRUE	NA	NA	TRUE	High quality genome	HJØR2023-Gr1-AC-5	1	0	1	0	0	0	1
PAQ87969.barcode51	5141621	Y	59	100	0.21	d__Bacteria;p__Bacillota;c__Bacilli;o__Bacillales_A;f__Planococcaceae;g__Lysinibacillus;s__Lysinibacillus sp050272295	Bacillota - g__Lysinibacillus	Lysinibacillus sp050272295	p__Bacillota	g__Lysinibacillus	13	12	12	13/12/12	24	3	TRUE	NA	TRUE	114	TRUE	NA	NA	TRUE	High quality genome	HJØR2023-Gr3-AC-19	0	0	0	0	0	1	0
PAQ87969.barcode53	4544231	N	47	100	0.04	d__Bacteria;p__Pseudomonadota;c__Gammaproteobacteria;o__Pseudomonadales;f__Pseudomonadaceae;g__Aquipseudomonas;s__Aquipseudomonas neuropathica	Pseudomonadota - g__Aquipseudomonas	Aquipseudomonas neuropathica	p__Pseudomonadota	g__Aquipseudomonas	7	6	6	7/6/6	26	4	TRUE	NA	TRUE	118	TRUE	NA	NA	TRUE	High quality genome	HJØR2023-Gr2-AC-17	1	0	1	0	1	1	0
PAQ87969.barcode54	6425781	Y	47	100	0.47	d__Bacteria;p__Pseudomonadota;c__Gammaproteobacteria;o__Pseudomonadales;f__Pseudomonadaceae;g__Aquipseudomonas;s__Aquipseudomonas azotoformans_A	Pseudomonadota - g__Aquipseudomonas	Aquipseudomonas azotoformans_A	p__Pseudomonadota	g__Aquipseudomonas	7	6	6	7/6/6	24	1	TRUE	NA	TRUE	117	TRUE	NA	NA	TRUE	High quality genome	MARS2023-Gr4-AC-3	1	0	1	0	0	1	1
PAQ87969.barcode55	2248836	Y	130	100	0.05	d__Bacteria;p__Bacillota;c__Bacilli;o__Staphylococcales;f__Staphylococcaceae;g__Staphylococcus;s__Staphylococcus hominis	Bacillota - g__Staphylococcus	Staphylococcus hominis	p__Bacillota	g__Staphylococcus	7	7	7	7/7/7	24	6	TRUE	NA	TRUE	118	TRUE	NA	NA	TRUE	High quality genome	STG2023-Gr2-AC-2	0	1	0	1	1	1	0
PAQ87969.barcode56	5175255	Y	56	100	0.5	d__Bacteria;p__Bacillota;c__Bacilli;o__Bacillales;f__Bacillaceae_C;g__Heyndrickxia;s__Heyndrickxia oleronia	Bacillota - g__Heyndrickxia	Heyndrickxia oleronia	p__Bacillota	g__Heyndrickxia	12	13	13	12/13/13	24	6	TRUE	NA	TRUE	110	TRUE	NA	NA	TRUE	High quality genome	STG2023-Gr2-AC-16	0	0	1	0	0	0	0
PAQ87969.barcode57	3837641	Y	80	100	0.28	d__Bacteria;p__Bacillota;c__Bacilli;o__Bacillales;f__Bacillaceae;g__Bacillus;s__Bacillus altitudinis	Bacillota - g__Bacillus	Bacillus altitudinis	p__Bacillota	g__Bacillus	8	8	8	8/8/8	24	2	TRUE	NA	TRUE	117	TRUE	NA	NA	TRUE	High quality genome	STG2023-Gr2-AC-15	0	0	1	0	0	0	0
PAQ87969.barcode58	254294	N	23	100	1.24	d__Bacteria;p__Bacillota;c__Bacilli;o__Bacillales;f__DSM-1321;g__Peribacillus;s__Peribacillus frigoritolerans	Bacillota - g__Peribacillus	Peribacillus frigoritolerans	p__Bacillota	g__Peribacillus	13	13	11	13/13/11	25	196	FALSE	contigs>20;	NA	NA	FALSE	failed_assembly_qc	NA	TRUE	High quality genome	HJØR2023-Gr1-AC-18	1	0	1	0	0	1	0
PAQ87969.barcode59	3755934	Y	81	100	0	d__Bacteria;p__Bacillota;c__Bacilli;o__Bacillales;f__Bacillaceae;g__Bacillus;s__Bacillus pumilus	Bacillota - g__Bacillus	Bacillus pumilus	p__Bacillota	g__Bacillus	8	8	8	8/8/8	26	1	TRUE	NA	TRUE	117	TRUE	NA	NA	TRUE	High quality genome	STG2023-Gr2-AC-4	0	1	1	0	0	1	1
PAQ87969.barcode60	3174386	N	56	100	0.26	d__Bacteria;p__Bacillota;c__Bacilli;o__Bacillales;f__DSM-1321;g__Peribacillus;s__Peribacillus simplex_A	Bacillota - g__Peribacillus	Peribacillus simplex_A	p__Bacillota	g__Peribacillus	10	9	9	10/9/9	24	16	TRUE	NA	TRUE	113	TRUE	NA	NA	TRUE	High quality genome	HJØR2023-Gr1-AC-16	1	0	1	0	0	1	0
PAQ87969.barcode61	2448447	N	55	100	3.64	d__Bacteria;p__Bacillota;c__Bacilli;o__Bacillales;f__DSM-1321;g__Peribacillus;s__Peribacillus butanolivorans	Bacillota - g__Peribacillus	Peribacillus butanolivorans	p__Bacillota	g__Peribacillus	12	12	12	12/12/12	26	23	FALSE	contigs>20;	NA	NA	FALSE	failed_assembly_qc	NA	TRUE	High quality genome	HJØR2023-Gr1-AC-17	1	0	1	0	0	1	0
PAQ87969.barcode62	6094743	Y	50	100	1.34	d__Bacteria;p__Pseudomonadota;c__Gammaproteobacteria;o__Pseudomonadales;f__Pseudomonadaceae;g__Aquipseudomonas;s__	Pseudomonadota - g__Aquipseudomonas	Aquipseudomonas sp.	p__Pseudomonadota	g__Aquipseudomonas	8	7	7	8/7/7	26	1	TRUE	NA	TRUE	118	TRUE	NA	NA	TRUE	High quality genome	MARS2023-Gr3-AC-5	0	0	1	0	0	1	0
PAQ87969.barcode63	8873651	N	33	100	0.89	d__Bacteria;p__Actinomycetota;c__Actinomycetes;o__Streptomycetales;f__Streptomycetaceae;g__Streptomyces;s__Streptomyces sioyaensis	Actinomycetota - g__Streptomyces	Streptomyces sioyaensis	p__Actinomycetota	g__Streptomyces	6	6	6	6/6/6	24	7	TRUE	NA	TRUE	113	TRUE	NA	NA	TRUE	High quality genome	VIBO2023-Gr3-AC-9	1	0	0	0	0	0	0
PAQ87969.barcode64	27763	N	7	37.48	1.66	d__Bacteria;p__Actinomycetota;c__Actinomycetes;o__Streptomycetales;f__Streptomycetaceae;g__Streptomyces;s__Streptomyces caniferus	Actinomycetota - g__Streptomyces	Streptomyces caniferus	p__Actinomycetota	g__Streptomyces	5	1	0	5/1/0	16	648	FALSE	completeness<90;contigs>20;	NA	NA	FALSE	failed_assembly_qc	NA	TRUE	Low quality genome	VIBO2023-Gr3-AC-20	1	0	1	0	0	0	1
PAQ87969.barcode65	136867	N	12	98.36	0.14	d__Bacteria;p__Actinomycetota;c__Actinomycetes;o__Streptomycetales;f__Streptomycetaceae;g__Streptomyces;s__Streptomyces violascens	Actinomycetota - g__Streptomyces	Streptomyces violascens	p__Actinomycetota	g__Streptomyces	4	2	2	4/2/2	22	350	FALSE	contigs>20;	NA	NA	FALSE	failed_assembly_qc	NA	TRUE	High quality genome	VIBO2023-Gr6-AC-16	0	0	1	0	0	0	0
PAQ87969.barcode66	129439	N	20	99.9	2.81	d__Bacteria;p__Actinomycetota;c__Actinomycetes;o__Streptomycetales;f__Streptomycetaceae;g__Streptomyces;s__Streptomyces goshikiensis	Actinomycetota - g__Streptomyces	Streptomyces goshikiensis	p__Actinomycetota	g__Streptomyces	2	1	1	2/1/1	21	519	FALSE	contigs>20;	NA	NA	FALSE	failed_assembly_qc	NA	TRUE	High quality genome	FJER2023-Gr1-AC-23	1	0	1	0	0	0	1
PAQ87969.barcode67	191953	N	12	86.9	1.12	d__Bacteria;p__Actinomycetota;c__Actinomycetes;o__Streptomycetales;f__Streptomycetaceae;g__Streptomyces;s__Streptomyces sp018614155	Actinomycetota - g__Streptomyces	Streptomyces sp018614155	p__Actinomycetota	g__Streptomyces	2	1	1	2/1/1	22	403	FALSE	completeness<90;contigs>20;	NA	NA	FALSE	failed_assembly_qc	NA	TRUE	Medium quality genome	GRE2020-Gr2-AC-17	1	1	1	1	1	1	1
PAQ87969.barcode70	4693812	N	32	99.99	0.39	d__Bacteria;p__Actinomycetota;c__Actinomycetes;o__Streptomycetales;f__Streptomycetaceae;g__Streptomyces;s__Streptomyces atratus_B	Actinomycetota - g__Streptomyces	Streptomyces atratus_B	p__Actinomycetota	g__Streptomyces	6	7	8	6/7/8	24	17	TRUE	NA	TRUE	113	TRUE	NA	NA	TRUE	High quality genome	MARS2BK2022-Gr8-AC-17	1	0	1	0	0	0	1
PAQ87969.barcode72	361819	N	36	91.15	1.02	d__Bacteria;p__Actinomycetota;c__Actinomycetes;o__Streptomycetales;f__Streptomycetaceae;g__Streptomyces;s__Streptomyces aureus	Actinomycetota - g__Streptomyces	Streptomyces aureus	p__Actinomycetota	g__Streptomyces	5	6	5	5/6/5	25	303	FALSE	contigs>20;	NA	NA	FALSE	failed_assembly_qc	NA	TRUE	High quality genome	VIBO2023-Gr6-AC-1	1	0	1	0	0	0	0
PAQ87969.barcode73	4191836	Y	68	99.93	0.28	d__Bacteria;p__Actinomycetota;c__Actinomycetes;o__Actinomycetales;f__Micrococcaceae;g__Crystallibacter;s__Crystallibacter sp963696055	Actinomycetota - g__Crystallibacter	Crystallibacter sp963696055	p__Actinomycetota	g__Crystallibacter	4	4	4	4/4/4	24	2	TRUE	NA	TRUE	117	TRUE	NA	NA	TRUE	High quality genome	SØN2021-Gr2-BHI-4	1	0	0	0	0	0	0
PAQ87969.barcode75	5255532	Y	56	99.96	1.08	d__Bacteria;p__Actinomycetota;c__Actinomycetes;o__Actinomycetales;f__Micrococcaceae;g__Arthrobacter;s__Arthrobacter sp963810895	Actinomycetota - g__Arthrobacter	Arthrobacter sp963810895	p__Actinomycetota	g__Arthrobacter	5	5	5	5/5/5	23	2	TRUE	NA	TRUE	118	TRUE	NA	NA	TRUE	High quality genome	SKIVE2022-Gr6-BHI-18	1	0	1	0	0	0	0
PAQ87969.barcode76	2471666	Y	110	100	1.03	d__Bacteria;p__Bacillota;c__Bacilli;o__Staphylococcales;f__Staphylococcaceae;g__Staphylococcus;s__Staphylococcus pasteuri	Bacillota - g__Staphylococcus	Staphylococcus pasteuri	p__Bacillota	g__Staphylococcus	6	5	5	6/5/5	24	6	TRUE	NA	TRUE	119	TRUE	NA	NA	TRUE	High quality genome	AKAT2023-Gr2-BHI-13	1	0	1	0	0	0	0
PAQ87969.barcode77	2587868	N	57	100	0.61	d__Bacteria;p__Bacillota;c__Bacilli;o__Bacillales;f__DSM-1321;g__Peribacillus;s__Peribacillus frigoritolerans	Bacillota - g__Peribacillus	Peribacillus frigoritolerans	p__Bacillota	g__Peribacillus	14	11	13	14/11/13	24	7	TRUE	NA	TRUE	112	TRUE	NA	NA	TRUE	High quality genome	AKAT2023-Gr3-BHI-1	0	0	0	0	0	0	0
PAQ87969.barcode79	1810850	N	32	100	0.95	d__Bacteria;p__Actinomycetota;c__Actinomycetes;o__Streptomycetales;f__Streptomycetaceae;g__Streptomyces;s__Streptomyces canus	Actinomycetota - g__Streptomyces	Streptomyces canus	p__Actinomycetota	g__Streptomyces	6	5	6	6/5/6	23	47	FALSE	contigs>20;	NA	NA	FALSE	failed_assembly_qc	NA	TRUE	High quality genome	PAD2021-Gr5-ISP2-19	0	0	0	1	0	0	0
PAQ87969.barcode80	138005	N	16	94.57	1.82	d__Bacteria;p__Actinomycetota;c__Actinomycetes;o__Streptomycetales;f__Streptomycetaceae;g__Streptomyces;s__Streptomyces platensis	Actinomycetota - g__Streptomyces	Streptomyces platensis	p__Actinomycetota	g__Streptomyces	3	1	1	3/1/1	24	470	FALSE	contigs>20;	NA	NA	FALSE	failed_assembly_qc	NA	TRUE	High quality genome	PAD2021-Gr6-ISP2-16	0	0	1	0	0	0	1
PAQ87969.barcode82	152996	N	16	95.51	2.44	d__Bacteria;p__Actinomycetota;c__Actinomycetes;o__Streptomycetales;f__Streptomycetaceae;g__Streptomyces;s__Streptomyces inhibens	Actinomycetota - g__Streptomyces	Streptomyces inhibens	p__Actinomycetota	g__Streptomyces	1	1	1	1/1/1	24	655	FALSE	contigs>20;	NA	NA	FALSE	failed_assembly_qc	NA	TRUE	High quality genome	PAD2021-Gr6-ISP2-18	0	0	0	0	0	0	0
PAQ87969.barcode83	1997155	N	18	99.55	1.04	d__Bacteria;p__Actinomycetota;c__Actinomycetes;o__Streptomycetales;f__Streptomycetaceae;g__Streptomyces;s__Streptomyces goshikiensis	Actinomycetota - g__Streptomyces	Streptomyces goshikiensis	p__Actinomycetota	g__Streptomyces	7	8	7	7/8/7	22	17	TRUE	NA	TRUE	115	TRUE	NA	NA	TRUE	High quality genome	VHG2023-Gr7-ISP2-19	1	0	1	0	0	0	1
PAQ87969.barcode84	541438	N	21	100	3.75	d__Bacteria;p__Actinomycetota;c__Actinomycetes;o__Streptomycetales;f__Streptomycetaceae;g__Kitasatospora;s__Kitasatospora purpeofusca_A	Actinomycetota - g__Kitasatospora	Kitasatospora purpeofusca_A	p__Actinomycetota	g__Kitasatospora	11	9	4	11/9/4	22	66	FALSE	contigs>20;	NA	NA	FALSE	failed_assembly_qc	NA	TRUE	High quality genome	MAR2020-CLARA-ISP2-2	1	0	1	0	0	0	1
PAQ87969.barcode85	481297	N	22	99.99	1.84	d__Bacteria;p__Actinomycetota;c__Actinomycetes;o__Streptomycetales;f__Streptomycetaceae;g__Streptomyces;s__Streptomyces mirabilis_D	Actinomycetota - g__Streptomyces	Streptomyces mirabilis_D	p__Actinomycetota	g__Streptomyces	0	1	1	0/1/1	25	228	FALSE	contigs>20;	NA	NA	FALSE	failed_assembly_qc	NA	TRUE	Medium quality genome	VIBO2023-Gr4-ISP2-16	1	0	1	0	0	1	1
PAQ87969.barcode86	1037099	N	28	99.36	1.53	d__Bacteria;p__Actinomycetota;c__Actinomycetes;o__Streptomycetales;f__Streptomycetaceae;g__Streptomyces;s__	Actinomycetota - g__Streptomyces	Streptomyces sp.	p__Actinomycetota	g__Streptomyces	3	7	5	3/7/5	23	37	FALSE	contigs>20;	NA	NA	FALSE	failed_assembly_qc	NA	TRUE	High quality genome	MAR2020-SAED-ISP2-23	1	0	1	0	0	0	0
PAQ87969.barcode87	8871367	N	34	99.98	1.65	d__Bacteria;p__Actinomycetota;c__Actinomycetes;o__Streptomycetales;f__Streptomycetaceae;g__Kitasatospora;s__	Actinomycetota - g__Kitasatospora	Kitasatospora sp.	p__Actinomycetota	g__Kitasatospora	9	9	9	9/9/9	25	2	TRUE	NA	TRUE	113	TRUE	NA	NA	TRUE	High quality genome	SILK2023-Gr14-ISP2-18	1	1	0	0	1	0	0
PAQ87969.barcode88	1806971	N	58	100	0.3	d__Bacteria;p__Bacillota;c__Bacilli;o__Bacillales;f__Bacillaceae_G;g__Bacillus_A;s__Bacillus_A mycoides	Bacillota - g__Bacillus_A	Bacillus_A mycoides	p__Bacillota	g__Bacillus_A	11	13	13	11/13/13	24	11	TRUE	NA	TRUE	110	TRUE	NA	NA	TRUE	High quality genome	AKAT2023-Gr7-ISP2-14	1	0	1	0	0	0	0
PAQ87969.barcode89	2700964	N	29	100	1.68	d__Bacteria;p__Actinomycetota;c__Actinomycetes;o__Streptomycetales;f__Streptomycetaceae;g__Streptomyces;s__Streptomyces kaempferi	Actinomycetota - g__Streptomyces	Streptomyces kaempferi	p__Actinomycetota	g__Streptomyces	4	8	7	4/8/7	24	12	TRUE	NA	TRUE	115	TRUE	NA	NA	TRUE	High quality genome	BJE2020-SMH-ISP2-17	1	0	1	0	0	0	0
PAQ87969.barcode90	1157964	N	31	100	1.72	d__Bacteria;p__Actinomycetota;c__Actinomycetes;o__Mycobacteriales;f__Mycobacteriaceae;g__Nocardia;s__	Actinomycetota - g__Nocardia	Nocardia sp.	p__Actinomycetota	g__Nocardia	4	3	3	4/3/3	26	44	FALSE	contigs>20;	NA	NA	FALSE	failed_assembly_qc	NA	TRUE	High quality genome	PAD2021-Gr5-ISP2-6	1	0	1	0	0	0	1
PAQ87969.barcode91	1923727	N	35	100	0.01	d__Bacteria;p__Actinomycetota;c__Actinomycetes;o__Streptomycetales;f__Streptomycetaceae;g__Streptomyces;s__Streptomyces nigrescens	Actinomycetota - g__Streptomyces	Streptomyces nigrescens	p__Actinomycetota	g__Streptomyces	3	7	6	3/7/6	25	12	TRUE	NA	TRUE	113	TRUE	NA	NA	TRUE	High quality genome	CELF2021-Gr2-ISP2-8	1	0	1	0	0	0	0
PAQ87969.barcode92	5197554	N	32	99.95	0.71	d__Bacteria;p__Actinomycetota;c__Actinomycetes;o__Streptomycetales;f__Streptomycetaceae;g__Kitasatospora;s__	Actinomycetota - g__Kitasatospora	Kitasatospora sp.	p__Actinomycetota	g__Kitasatospora	9	9	9	9/9/9	23	6	TRUE	NA	TRUE	114	TRUE	NA	NA	TRUE	High quality genome	VHG2023-Gr2-ISP2-18	1	1	1	0	0	0	1
PAQ87969.barcode93	3343579	Y	90	99.99	0.98	d__Bacteria;p__Actinomycetota;c__Actinomycetes;o__Actinomycetales;f__Microbacteriaceae;g__Frigoribacterium;s__Frigoribacterium sp001421165	Actinomycetota - g__Frigoribacterium	Frigoribacterium sp001421165	p__Actinomycetota	g__Frigoribacterium	3	3	3	3/3/3	23	2	TRUE	NA	TRUE	116	TRUE	NA	NA	TRUE	High quality genome	SILK2023-Gr14-ISP2-14	1	1	0	0	1	0	0
PAQ87969.barcode94	26439	N	26	4.04	0	d__Bacteria;p__Bacillota;c__Bacilli;o__Bacillales;f__Bacillaceae;g__Bacillus;s__Bacillus velezensis	Bacillota - g__Bacillus	Bacillus velezensis	p__Bacillota	g__Bacillus	0	0	1	0/0/1	0	32	FALSE	completeness<90;contigs>20;size<1500000;	NA	NA	FALSE	failed_assembly_qc	NA	TRUE	Low quality genome	VIBY2021-Gr5-ISP2-19	0	0	0	0	0	0	0
PAQ87969.barcode95	2788243	N	86	99.96	0.8	d__Bacteria;p__Actinomycetota;c__Actinomycetes;o__Actinomycetales;f__Microbacteriaceae;g__Curtobacterium;s__Curtobacterium sp003234795	Actinomycetota - g__Curtobacterium	Curtobacterium sp003234795	p__Actinomycetota	g__Curtobacterium	2	3	3	2/3/3	23	2	TRUE	NA	TRUE	117	TRUE	NA	NA	TRUE	High quality genome	MIDD2022-Gr7-ISP2-4	1	1	0	1	1	0	0
PAQ87969.barcode96	5266532	Y	57	99.98	1.73	d__Bacteria;p__Actinomycetota;c__Actinomycetes;o__Actinomycetales;f__Micrococcaceae;g__Arthrobacter;s__Arthrobacter sp918697925	Actinomycetota - g__Arthrobacter	Arthrobacter sp918697925	p__Actinomycetota	g__Arthrobacter	5	5	5	5/5/5	23	1	TRUE	NA	TRUE	119	TRUE	NA	NA	TRUE	High quality genome	MAR2020-CLARA-ISP2-13	0	1	1	0	0	1	1
PAQ88969.barcode01	5080572	Y	59	100	0.18	d__Bacteria;p__Pseudomonadota;c__Gammaproteobacteria;o__Enterobacterales;f__Enterobacteriaceae;g__Enterobacter;s__Enterobacter mori	Pseudomonadota - g__Enterobacter	Enterobacter mori	p__Pseudomonadota	g__Enterobacter	9	8	8	9/8/8	27	1	TRUE	NA	TRUE	118	TRUE	NA	NA	TRUE	High quality genome	NA	NA	NA	NA	NA	NA	NA	NA
PAQ88969.barcode02	5080576	Y	42	100	83.54	d__Bacteria;p__Pseudomonadota;c__Gammaproteobacteria;o__Enterobacterales;f__Enterobacteriaceae;g__Enterobacter;s__Enterobacter mori	Pseudomonadota - g__Enterobacter	Enterobacter mori	p__Pseudomonadota	g__Enterobacter	15	14	14	15/14/14	29	4	FALSE	contamination>=5;	NA	NA	FALSE	failed_assembly_qc	NA	TRUE	Unannotated genomes	NA	NA	NA	NA	NA	NA	NA	NA
PAQ88969.barcode04	10162	N	4	3.51	0.04	Unclassified Bacteria	NA - g__NA	NA	NA	NA	0	1	1	0/1/1	3	51	FALSE	completeness<90;contigs>20;size<1500000;	NA	NA	FALSE	failed_assembly_qc	NA	TRUE	Low quality genome	MIDD2022-Gr17-AC-5	1	0	1	0	0	0	0
PAQ88969.barcode05	2717917	N	63	100	0.29	d__Bacteria;p__Pseudomonadota;c__Gammaproteobacteria;o__Enterobacterales;f__Enterobacteriaceae;g__Xenorhabdus;s__Xenorhabdus bovienii	Pseudomonadota - g__Xenorhabdus	Xenorhabdus bovienii	p__Pseudomonadota	g__Xenorhabdus	8	7	7	8/7/7	28	5	TRUE	NA	TRUE	118	TRUE	NA	antismash exited 1 at 2026-08-07T13:10:24+02:00	FALSE	High quality genome	MKM2023-1.4	NA	NA	NA	NA	NA	NA	NA
PAQ88969.barcode06	31196	N	8	60.34	2.65	d__Bacteria;p__Bacillota;c__Bacilli;o__Bacillales;f__Bacillaceae_H;g__Priestia;s__Priestia megaterium	Bacillota - g__Priestia	Priestia megaterium	p__Bacillota	g__Priestia	2	1	1	2/1/1	24	579	FALSE	completeness<90;contigs>20;	NA	NA	FALSE	failed_assembly_qc	NA	TRUE	Medium quality genome	AKAT2023-Gr3-AC-10	NA	NA	NA	NA	NA	NA	NA
PAQ88969.barcode07	45997	N	57	93.41	4.21	d__Bacteria;p__Bacillota;c__Bacilli;o__Bacillales;f__Bacillaceae;g__Bacillus;s__Bacillus altitudinis	Bacillota - g__Bacillus	Bacillus altitudinis	p__Bacillota	g__Bacillus	1	1	1	1/1/1	24	534	FALSE	contigs>20;	NA	NA	FALSE	failed_assembly_qc	NA	TRUE	High quality genome	SILK2023-Gr5-AC-15	0	0	1	0	0	0	0
PAQ88969.barcode08	6546969	Y	47	99.98	1.79	d__Bacteria;p__Bacillota;c__Bacilli;o__Paenibacillales;f__Paenibacillaceae;g__Pristimantibacillus;s__Pristimantibacillus castaneae	Bacillota - g__Pristimantibacillus	Pristimantibacillus castaneae	p__Bacillota	g__Pristimantibacillus	11	11	11	11/11/11	24	1	TRUE	NA	TRUE	109	TRUE	NA	NA	TRUE	High quality genome	SILK2023-Gr7-AC-18	0	0	0	0	0	0	0
PAQ88969.barcode09	3728507	N	58	100	0.7	d__Bacteria;p__Bacillota;c__Bacilli;o__Bacillales;f__DSM-1321;g__Peribacillus;s__Peribacillus frigoritolerans	Bacillota - g__Peribacillus	Peribacillus frigoritolerans	p__Bacillota	g__Peribacillus	13	12	12	13/12/12	24	7	TRUE	NA	TRUE	112	TRUE	NA	NA	TRUE	High quality genome	NA	NA	NA	NA	NA	NA	NA	NA
PAQ88969.barcode12	7446100	N	40	88.3	0.06	d__Bacteria;p__Actinomycetota;c__Actinomycetes;o__Streptomycetales;f__Streptomycetaceae;g__Streptomyces;s__	Actinomycetota - g__Streptomyces	Streptomyces sp.	p__Actinomycetota	g__Streptomyces	6	6	6	6/6/6	23	4	FALSE	completeness<90;	NA	NA	FALSE	failed_assembly_qc	NA	TRUE	Medium quality genome	MIDD2022-Gr17-AC-2	1	0	1	0	0	1	0
PAQ88969.barcode13	120637	N	7	60.17	1.92	d__Bacteria;p__Actinomycetota;c__Actinomycetes;o__Streptomycetales;f__Streptomycetaceae;g__Streptomyces;s__Streptomyces anulatus	Actinomycetota - g__Streptomyces	Streptomyces anulatus	p__Actinomycetota	g__Streptomyces	2	1	1	2/1/1	23	400	FALSE	completeness<90;contigs>20;	NA	NA	FALSE	failed_assembly_qc	NA	TRUE	Medium quality genome	AAST2022-Gr1-PDA-7	1	0	0	0	0	0	0
PAQ88969.barcode15	5335078	Y	45	100	82.69	d__Bacteria;p__Pseudomonadota;c__Gammaproteobacteria;o__Pseudomonadales;f__Pseudomonadaceae;g__Aquipseudomonas;s__Aquipseudomonas migulae	Pseudomonadota - g__Aquipseudomonas	Aquipseudomonas migulae	p__Pseudomonadota	g__Aquipseudomonas	22	20	20	22/20/20	30	19	FALSE	contamination>=5;	NA	NA	FALSE	failed_assembly_qc	NA	TRUE	Unannotated genomes	SILK2023-Gr6-AC-25	NA	NA	NA	NA	NA	NA	NA
PAQ88969.barcode16	5756560	N	49	100	0	d__Bacteria;p__Pseudomonadota;c__Gammaproteobacteria;o__Pseudomonadales;f__Pseudomonadaceae;g__Aquipseudomonas;s__Aquipseudomonas migulae	Pseudomonadota - g__Aquipseudomonas	Aquipseudomonas migulae	p__Pseudomonadota	g__Aquipseudomonas	7	6	6	7/6/6	25	2	TRUE	NA	TRUE	118	TRUE	NA	NA	TRUE	High quality genome	SILK2023-Gr8-AC-10	1	0	1	0	1	1	1
PAQ88969.barcode17	3218649	N	29	100	32.43	d__Bacteria;p__Bacillota;c__Bacilli;o__Bacillales;f__DSM-1321;g__Peribacillus;s__Peribacillus frigoritolerans	Bacillota - g__Peribacillus	Peribacillus frigoritolerans	p__Bacillota	g__Peribacillus	16	11	14	16/11/14	25	268	FALSE	contamination>=5;contigs>20;	NA	NA	FALSE	failed_assembly_qc	NA	TRUE	Unannotated genomes	NA	NA	NA	NA	NA	NA	NA	NA
PAQ88969.barcode20	2747225	N	38	99.95	0.51	d__Bacteria;p__Actinomycetota;c__Actinomycetes;o__Streptomycetales;f__Streptomycetaceae;g__Streptomyces;s__	Actinomycetota - g__Streptomyces	Streptomyces sp.	p__Actinomycetota	g__Streptomyces	7	5	6	7/5/6	24	5	TRUE	NA	TRUE	115	TRUE	NA	NA	TRUE	High quality genome	MAR2021-Gr2-AC-32	0	0	0	0	0	0	0
PAQ88969.barcode21	1589892	N	53	100	0.25	d__Bacteria;p__Pseudomonadota;c__Gammaproteobacteria;o__Enterobacterales;f__Enterobacteriaceae;g__Xenorhabdus;s__Xenorhabdus bovienii	Pseudomonadota - g__Xenorhabdus	Xenorhabdus bovienii	p__Pseudomonadota	g__Xenorhabdus	8	7	7	8/7/7	27	12	TRUE	NA	TRUE	118	TRUE	NA	NA	TRUE	High quality genome	MKM2023-1.5.1	NA	NA	NA	NA	NA	NA	NA
PAQ88969.barcode23	49734	N	5	34.75	0.09	d__Bacteria;p__Actinomycetota;c__Actinomycetes;o__Streptomycetales;f__Streptomycetaceae;g__Streptomyces;s__Streptomyces goshikiensis	Actinomycetota - g__Streptomyces	Streptomyces goshikiensis	p__Actinomycetota	g__Streptomyces	2	3	2	2/3/2	18	401	FALSE	completeness<90;contigs>20;	NA	NA	FALSE	failed_assembly_qc	NA	TRUE	Low quality genome	GG2023-Gr2-AC-1	NA	NA	NA	NA	NA	NA	NA
PAQ88969.barcode24	713842	N	49	100	0.27	d__Bacteria;p__Bacillota;c__Bacilli;o__Paenibacillales;f__Paenibacillaceae;g__Paenibacillus;s__Paenibacillus polymyxa_B	Bacillota - g__Paenibacillus	Paenibacillus polymyxa_B	p__Bacillota	g__Paenibacillus	12	13	12	12/13/12	25	33	FALSE	contigs>20;	NA	NA	FALSE	failed_assembly_qc	NA	TRUE	High quality genome	SILK2023-Gr15-AC-14	1	1	1	1	1	1	1
PAQ88969.barcode25	3377184	N	36	100	0.07	d__Bacteria;p__Bacillota;c__Bacilli;o__Bacillales;f__Bacillaceae_G;g__Bacillus_A;s__Bacillus_A mycoides	Bacillota - g__Bacillus_A	Bacillus_A mycoides	p__Bacillota	g__Bacillus_A	11	12	11	11/12/11	26	18	TRUE	NA	TRUE	111	TRUE	NA	NA	TRUE	High quality genome	NA	NA	NA	NA	NA	NA	NA	NA
PAQ88969.barcode26	4484055	Y	66	99.98	0.27	d__Bacteria;p__Actinomycetota;c__Actinomycetes;o__Actinomycetales;f__Micrococcaceae;g__Arthrobacter;s__	Actinomycetota - g__Arthrobacter	Arthrobacter sp.	p__Actinomycetota	g__Arthrobacter	5	5	5	5/5/5	23	2	TRUE	NA	TRUE	118	TRUE	NA	NA	TRUE	High quality genome	NA	NA	NA	NA	NA	NA	NA	NA
PAQ88969.barcode27	884289	N	15	99.99	0.04	d__Bacteria;p__Actinomycetota;c__Actinomycetes;o__Streptomycetales;f__Streptomycetaceae;g__Streptomyces;s__Streptomyces anulatus	Actinomycetota - g__Streptomyces	Streptomyces anulatus	p__Actinomycetota	g__Streptomyces	3	6	5	3/6/5	24	43	FALSE	contigs>20;	NA	NA	FALSE	failed_assembly_qc	NA	TRUE	High quality genome	MAR2020-SAED-10%NB-22	1	0	1	1	0	0	1
PAQ88969.barcode28	4712579	Y	59	100	0.46	d__Bacteria;p__Actinomycetota;c__Actinomycetes;o__Actinomycetales;f__Micrococcaceae;g__Arthrobacter;s__	Actinomycetota - g__Arthrobacter	Arthrobacter sp.	p__Actinomycetota	g__Arthrobacter	4	4	4	4/4/4	23	2	TRUE	NA	TRUE	119	TRUE	NA	NA	TRUE	High quality genome	RØD2022-Gr7-AC-14	1	1	1	1	0	1	1
PAQ88969.barcode29	4661180	N	66	100	0.19	d__Bacteria;p__Pseudomonadota;c__Gammaproteobacteria;o__Enterobacterales;f__Enterobacteriaceae;g__Xenorhabdus;s__Xenorhabdus bovienii	Pseudomonadota - g__Xenorhabdus	Xenorhabdus bovienii	p__Pseudomonadota	g__Xenorhabdus	8	7	7	8/7/7	27	4	TRUE	NA	TRUE	119	TRUE	NA	NA	TRUE	High quality genome	MKM2023-1.5.2	NA	NA	NA	NA	NA	NA	NA
PAQ88969.barcode30	4982721	N	44	100	0.44	d__Bacteria;p__Bacillota;c__Bacilli;o__Bacillales;f__Bacillaceae_G;g__Bacillus_A;s__Bacillus_A mycoides	Bacillota - g__Bacillus_A	Bacillus_A mycoides	p__Bacillota	g__Bacillus_A	14	11	12	14/11/12	24	7	TRUE	NA	TRUE	110	TRUE	NA	NA	TRUE	High quality genome	MARS2023-Gr12-AC-19	NA	NA	NA	NA	NA	NA	NA
PAQ88969.barcode31	2475815	Y	118	99.99	0.55	d__Bacteria;p__Bacillota;c__Bacilli;o__Staphylococcales;f__Staphylococcaceae;g__Staphylococcus;s__Staphylococcus pasteuri	Bacillota - g__Staphylococcus	Staphylococcus pasteuri	p__Bacillota	g__Staphylococcus	7	6	6	7/6/6	24	2	TRUE	NA	TRUE	118	TRUE	NA	NA	TRUE	High quality genome	MARS2023-Gr1-AC-8	0	0	0	1	0	0	0
PAQ88969.barcode32	4647405	Y	63	99.99	0.06	d__Bacteria;p__Actinomycetota;c__Actinomycetes;o__Actinomycetales;f__Micrococcaceae;g__Arthrobacter;s__Arthrobacter humicola_A	Actinomycetota - g__Arthrobacter	Arthrobacter humicola_A	p__Actinomycetota	g__Arthrobacter	5	5	5	5/5/5	23	1	TRUE	NA	TRUE	118	TRUE	NA	NA	TRUE	High quality genome	HJØR2023-Gr3-AC-16	1	0	0	0	0	1	0
PAQ88969.barcode33	4645294	N	13	99.99	1.74	d__Bacteria;p__Pseudomonadota;c__Gammaproteobacteria;o__Pseudomonadales;f__Pseudomonadaceae;g__Aquipseudomonas;s__Aquipseudomonas sp001269805	Pseudomonadota - g__Aquipseudomonas	Aquipseudomonas sp001269805	p__Pseudomonadota	g__Aquipseudomonas	8	7	7	8/7/7	25	11	TRUE	NA	TRUE	117	TRUE	NA	NA	TRUE	High quality genome	NA	NA	NA	NA	NA	NA	NA	NA
PAQ88969.barcode34	19271	N	4	4.13	0.1	Unclassified Bacteria	NA - g__NA	NA	NA	NA	1	0	0	1/0/0	6	95	FALSE	completeness<90;contigs>20;size<1500000;	NA	NA	FALSE	failed_assembly_qc	NA	TRUE	Low quality genome	NA	NA	NA	NA	NA	NA	NA	NA
PAQ88969.barcode37	4660910	N	39	100	0.19	d__Bacteria;p__Pseudomonadota;c__Gammaproteobacteria;o__Enterobacterales;f__Enterobacteriaceae;g__Xenorhabdus;s__Xenorhabdus bovienii	Pseudomonadota - g__Xenorhabdus	Xenorhabdus bovienii	p__Pseudomonadota	g__Xenorhabdus	8	7	7	8/7/7	27	4	TRUE	NA	TRUE	119	TRUE	NA	NA	TRUE	High quality genome	MKM2023-1.5.3	NA	NA	NA	NA	NA	NA	NA
PAQ88969.barcode38	3190378	N	39	100	2.09	d__Bacteria;p__Bacillota;c__Bacilli;o__Bacillales;f__Bacillaceae_G;g__Bacillus_A;s__Bacillus_A mycoides	Bacillota - g__Bacillus_A	Bacillus_A mycoides	p__Bacillota	g__Bacillus_A	10	13	11	10/13/11	24	12	TRUE	NA	TRUE	110	TRUE	NA	NA	TRUE	High quality genome	SILK2023-Gr15-AC-13	1	0	1	0	0	1	0
PAQ88969.barcode39	2119780	N	62	100	0.68	d__Bacteria;p__Bacillota;c__Bacilli;o__Bacillales;f__Bacillaceae_G;g__Bacillus_A;s__Bacillus_A sp018966865	Bacillota - g__Bacillus_A	Bacillus_A sp018966865	p__Bacillota	g__Bacillus_A	13	12	12	13/12/12	24	40	FALSE	contigs>20;	NA	NA	FALSE	failed_assembly_qc	NA	TRUE	High quality genome	VIBO2023-Gr14-AC-15	1	0	1	0	0	0	0
PAQ88969.barcode40	6373480	Y	47	100	0.63	d__Bacteria;p__Pseudomonadota;c__Gammaproteobacteria;o__Pseudomonadales;f__Pseudomonadaceae;g__Aquipseudomonas;s__Aquipseudomonas lini_B	Pseudomonadota - g__Aquipseudomonas	Aquipseudomonas lini_B	p__Pseudomonadota	g__Aquipseudomonas	7	6	6	7/6/6	25	1	TRUE	NA	TRUE	118	TRUE	NA	NA	TRUE	High quality genome	HJØR2023-Gr3-AC-18	1	1	1	0	1	1	1
PAQ88969.barcode41	4771102	N	30	100	4.89	d__Bacteria;p__Bacillota;c__Bacilli;o__Bacillales;f__DSM-1321;g__Peribacillus;s__Peribacillus butanolivorans	Bacillota - g__Peribacillus	Peribacillus butanolivorans	p__Bacillota	g__Peribacillus	14	12	14	14/12/14	27	14	TRUE	NA	TRUE	113	TRUE	NA	NA	TRUE	High quality genome	NA	NA	NA	NA	NA	NA	NA	NA
PAQ88969.barcode42	2345093	N	60	100	0.72	d__Bacteria;p__Bacillota;c__Bacilli;o__Bacillales_A;f__Planococcaceae;g__Lysinibacillus;s__Lysinibacillus xylanilyticus_A	Bacillota - g__Lysinibacillus	Lysinibacillus xylanilyticus_A	p__Bacillota	g__Lysinibacillus	14	11	12	14/11/12	25	14	TRUE	NA	TRUE	112	TRUE	NA	NA	TRUE	High quality genome	NA	NA	NA	NA	NA	NA	NA	NA
PAQ88969.barcode45	3494215	N	63	100	0.03	d__Bacteria;p__Pseudomonadota;c__Gammaproteobacteria;o__Enterobacterales;f__Enterobacteriaceae;g__Xenorhabdus;s__Xenorhabdus bovienii	Pseudomonadota - g__Xenorhabdus	Xenorhabdus bovienii	p__Pseudomonadota	g__Xenorhabdus	9	7	7	9/7/7	28	9	TRUE	NA	TRUE	118	TRUE	NA	NA	TRUE	High quality genome	MKM2023-1.5.4	NA	NA	NA	NA	NA	NA	NA
PAQ88969.barcode46	5988252	Y	51	100	0.16	d__Bacteria;p__Pseudomonadota;c__Gammaproteobacteria;o__Pseudomonadales;f__Pseudomonadaceae;g__Aquipseudomonas;s__Aquipseudomonas sp007713465	Pseudomonadota - g__Aquipseudomonas	Aquipseudomonas sp007713465	p__Pseudomonadota	g__Aquipseudomonas	7	6	6	7/6/6	25	1	TRUE	NA	TRUE	118	TRUE	NA	NA	TRUE	High quality genome	SILK2023-Gr13-AC-9	1	1	0	0	0	1	1
PAQ88969.barcode47	5433426	Y	53	100	0.27	d__Bacteria;p__Bacillota;c__Bacilli;o__Bacillales;f__Bacillaceae_G;g__Bacillus_A;s__Bacillus_A mycoides	Bacillota - g__Bacillus_A	Bacillus_A mycoides	p__Bacillota	g__Bacillus_A	13	13	13	13/13/13	24	2	TRUE	NA	TRUE	111	TRUE	NA	NA	TRUE	High quality genome	VIBO2023-Gr14-AC-11	1	0	1	0	0	1	0
PAQ88969.barcode48	653848	N	32	100	0.73	d__Bacteria;p__Bacillota;c__Bacilli;o__Bacillales;f__DSM-1321;g__Peribacillus;s__Peribacillus frigoritolerans	Bacillota - g__Peribacillus	Peribacillus frigoritolerans	p__Bacillota	g__Peribacillus	10	13	13	10/13/13	25	40	FALSE	contigs>20;	NA	NA	FALSE	failed_assembly_qc	antismash exited 1 at 2026-08-07T13:10:37+02:00	FALSE	High quality genome	HJØR2023-Gr1-AC-5	1	0	1	0	0	0	1
PAQ88969.barcode49	833195	N	16	100	0.75	d__Bacteria;p__Bacillota;c__Bacilli;o__Bacillales;f__DSM-1321;g__Peribacillus;s__Peribacillus frigoritolerans	Bacillota - g__Peribacillus	Peribacillus frigoritolerans	p__Bacillota	g__Peribacillus	11	12	11	11/12/11	25	36	FALSE	contigs>20;	NA	NA	FALSE	failed_assembly_qc	NA	TRUE	High quality genome	NA	NA	NA	NA	NA	NA	NA	NA
PAQ88969.barcode51	10685	N	8	11.93	0.16	d__Bacteria;p__Actinomycetota;c__Actinomycetes;o__Streptomycetales;f__Streptomycetaceae;g__Streptomyces;s__Streptomyces anulatus	Actinomycetota - g__Streptomyces	Streptomyces anulatus	p__Actinomycetota	g__Streptomyces	1	0	2	1/0/2	4	304	FALSE	completeness<90;contigs>20;size<1500000;	NA	NA	FALSE	failed_assembly_qc	NA	TRUE	Low quality genome	SKAND3z2021-Gr3-10%NB-16	1	0	1	0	0	0	1
PAQ88969.barcode52	4854109	N	33	100	0.11	d__Bacteria;p__Actinomycetota;c__Actinomycetes;o__Streptomycetales;f__Streptomycetaceae;g__Streptomyces;s__Streptomyces anulatus	Actinomycetota - g__Streptomyces	Streptomyces anulatus	p__Actinomycetota	g__Streptomyces	4	6	6	4/6/6	23	8	TRUE	NA	TRUE	116	TRUE	NA	NA	TRUE	High quality genome	AAST2022-Gr1-PDA-7	1	0	0	0	0	0	0
PAQ88969.barcode53	2165921	N	63	100	0.15	d__Bacteria;p__Pseudomonadota;c__Gammaproteobacteria;o__Enterobacterales;f__Enterobacteriaceae;g__Xenorhabdus;s__Xenorhabdus bovienii	Pseudomonadota - g__Xenorhabdus	Xenorhabdus bovienii	p__Pseudomonadota	g__Xenorhabdus	8	7	7	8/7/7	28	9	TRUE	NA	TRUE	118	TRUE	NA	NA	TRUE	High quality genome	MKM2023-1.5.5	NA	NA	NA	NA	NA	NA	NA
PAQ88969.barcode55	7188309	Y	41	100	1.29	d__Bacteria;p__Pseudomonadota;c__Gammaproteobacteria;o__Pseudomonadales;f__Pseudomonadaceae;g__Aquipseudomonas;s__Aquipseudomonas saponiphila	Pseudomonadota - g__Aquipseudomonas	Aquipseudomonas saponiphila	p__Pseudomonadota	g__Aquipseudomonas	7	6	6	7/6/6	25	1	TRUE	NA	TRUE	116	TRUE	NA	NA	TRUE	High quality genome	VIBO2023-Gr13-AC-19	1	0	1	0	1	1	1
PAQ88969.barcode56	913452	N	82	100	0.12	d__Bacteria;p__Bacillota;c__Bacilli;o__Bacillales;f__DSM-1321;g__Peribacillus;s__Peribacillus simplex_A	Bacillota - g__Peribacillus	Peribacillus simplex_A	p__Bacillota	g__Peribacillus	7	9	4	7/9/4	24	54	FALSE	contigs>20;	NA	NA	FALSE	failed_assembly_qc	NA	TRUE	High quality genome	HJØR2023-Gr4-AC-15	1	0	0	0	0	0	0
PAQ88969.barcode57	3373025	N	40	100	0.09	d__Bacteria;p__Bacillota;c__Bacilli;o__Bacillales;f__Bacillaceae_G;g__Bacillus_A;s__Bacillus_A mycoides	Bacillota - g__Bacillus_A	Bacillus_A mycoides	p__Bacillota	g__Bacillus_A	10	12	11	10/12/11	26	20	TRUE	NA	TRUE	111	TRUE	NA	NA	TRUE	High quality genome	NA	NA	NA	NA	NA	NA	NA	NA
PAQ88969.barcode58	6399045	Y	44	100	0.24	d__Bacteria;p__Actinomycetota;c__Actinomycetes;o__Mycobacteriales;f__Mycobacteriaceae;g__Rhodococcus_F;s__Rhodococcus_F erythropolis	Actinomycetota - g__Rhodococcus_F	Rhodococcus_F erythropolis	p__Actinomycetota	g__Rhodococcus_F	5	5	5	5/5/5	23	3	TRUE	NA	TRUE	117	TRUE	NA	NA	TRUE	High quality genome	NA	NA	NA	NA	NA	NA	NA	NA
PAQ88969.barcode59	4637408	N	51	100	0.54	d__Bacteria;p__Bacillota;c__Bacilli;o__Bacillales;f__Bacillaceae_G;g__Bacillus_A;s__Bacillus_A cereus_U	Bacillota - g__Bacillus_A	Bacillus_A cereus_U	p__Bacillota	g__Bacillus_A	15	13	14	15/13/14	24	21	FALSE	contigs>20;	NA	NA	FALSE	failed_assembly_qc	NA	TRUE	High quality genome	HJØR2022-Gr5-AC-6	0	0	0	0	0	0	0
PAQ88969.barcode60	9337402	N	30	99.94	0.65	d__Bacteria;p__Actinomycetota;c__Actinomycetes;o__Streptomycetales;f__Streptomycetaceae;g__Streptomyces;s__Streptomyces sp042890265	Actinomycetota - g__Streptomyces	Streptomyces sp042890265	p__Actinomycetota	g__Streptomyces	7	7	7	7/7/7	23	3	TRUE	NA	TRUE	114	TRUE	NA	NA	TRUE	High quality genome	AAGV2022-Gr6-PDA-30	0	0	0	0	0	0	0
PAQ88969.barcode61	51747	N	25	85.89	3.87	d__Bacteria;p__Bacillota;c__Bacilli;o__Bacillales;f__Bacillaceae_G;g__Bacillus_A;s__Bacillus_A cereus_U	Bacillota - g__Bacillus_A	Bacillus_A cereus_U	p__Bacillota	g__Bacillus_A	3	2	1	3/2/1	24	615	FALSE	completeness<90;contigs>20;	NA	NA	FALSE	failed_assembly_qc	NA	TRUE	Medium quality genome	MARS2023-Gr1-AC-5	NA	NA	NA	NA	NA	NA	NA
PAQ88969.barcode62	4029956	N	57	100	0.37	d__Bacteria;p__Pseudomonadota;c__Gammaproteobacteria;o__Enterobacterales;f__Enterobacteriaceae;g__Rahnella;s__Rahnella variigena	Pseudomonadota - g__Rahnella	Rahnella variigena	p__Pseudomonadota	g__Rahnella	8	7	7	8/7/7	24	2	TRUE	NA	TRUE	118	TRUE	NA	NA	TRUE	High quality genome	SILK2023-Gr11-AC-14	1	0	1	0	0	0	0
PAQ88969.barcode64	291040	N	50	100	0.26	d__Bacteria;p__Bacillota;c__Bacilli;o__Bacillales;f__DSM-1321;g__Peribacillus;s__Peribacillus simplex_A	Bacillota - g__Peribacillus	Peribacillus simplex_A	p__Bacillota	g__Peribacillus	11	7	10	11/7/10	25	216	FALSE	contigs>20;	NA	NA	FALSE	failed_assembly_qc	NA	TRUE	High quality genome	HJØR2023-Gr4-AC-17	1	0	1	0	0	0	0
PAQ88969.barcode65	3370035	N	39	100	0.08	d__Bacteria;p__Bacillota;c__Bacilli;o__Bacillales;f__Bacillaceae_G;g__Bacillus_A;s__Bacillus_A mycoides	Bacillota - g__Bacillus_A	Bacillus_A mycoides	p__Bacillota	g__Bacillus_A	11	11	10	11/11/10	26	22	FALSE	contigs>20;	NA	NA	FALSE	failed_assembly_qc	NA	TRUE	High quality genome	NA	NA	NA	NA	NA	NA	NA	NA
PAQ88969.barcode67	4196823	N	33	100	0.48	d__Bacteria;p__Actinomycetota;c__Actinomycetes;o__Streptomycetales;f__Streptomycetaceae;g__Streptomyces;s__Streptomyces stackebrandtii	Actinomycetota - g__Streptomyces	Streptomyces stackebrandtii	p__Actinomycetota	g__Streptomyces	5	7	6	5/7/6	24	4	TRUE	NA	TRUE	117	TRUE	NA	NA	TRUE	High quality genome	MARS2BK2022-Gr3-AC-16	1	0	1	0	1	1	1
PAQ88969.barcode69	931872	N	15	99.73	1.28	d__Bacteria;p__Actinomycetota;c__Actinomycetes;o__Actinomycetales;f__Micrococcaceae;g__Kocuria;s__Kocuria rhizophila	Actinomycetota - g__Kocuria	Kocuria rhizophila	p__Actinomycetota	g__Kocuria	2	2	2	2/2/2	24	18	TRUE	NA	TRUE	115	TRUE	NA	NA	TRUE	High quality genome	GLHE2023-Gr8-AC-9	NA	NA	NA	NA	NA	NA	NA
PAQ88969.barcode70	1935865	N	56	100	0.82	d__Bacteria;p__Actinomycetota;c__Actinomycetes;o__Actinomycetales;f__Micrococcaceae;g__Arthrobacter;s__	Actinomycetota - g__Arthrobacter	Arthrobacter sp.	p__Actinomycetota	g__Arthrobacter	3	5	3	3/5/3	24	3	TRUE	NA	TRUE	117	TRUE	NA	NA	TRUE	High quality genome	SILK2023-Gr9-AC-7	0	1	0	0	0	1	1
PAQ88969.barcode72	5290178	Y	56	100	0.27	d__Bacteria;p__Bacillota;c__Bacilli;o__Bacillales;f__DSM-1321;g__Peribacillus;s__Peribacillus simplex_A	Bacillota - g__Peribacillus	Peribacillus simplex_A	p__Bacillota	g__Peribacillus	12	12	12	12/12/12	24	2	TRUE	NA	TRUE	114	TRUE	NA	NA	TRUE	High quality genome	HJØR2023-Gr5-AC-8	1	0	0	0	0	1	0
PAQ88969.barcode75	4434854	Y	60	99.99	0.16	d__Bacteria;p__Actinomycetota;c__Actinomycetes;o__Actinomycetales;f__Micrococcaceae;g__Arthrobacter;s__	Actinomycetota - g__Arthrobacter	Arthrobacter sp.	p__Actinomycetota	g__Arthrobacter	5	5	5	5/5/5	24	1	TRUE	NA	TRUE	119	TRUE	NA	NA	TRUE	High quality genome	CELF2021-Gr3-AC-8	1	1	1	1	1	0	1
PAQ88969.barcode76	55145	N	5	42.6	0.1	d__Bacteria;p__Actinomycetota;c__Actinomycetes;o__Streptomycetales;f__Streptomycetaceae;g__Streptomyces;s__Streptomyces diastaticus	Actinomycetota - g__Streptomyces	Streptomyces diastaticus	p__Actinomycetota	g__Streptomyces	2	1	1	2/1/1	19	305	FALSE	completeness<90;contigs>20;	NA	NA	FALSE	failed_assembly_qc	NA	TRUE	Low quality genome	HJØREUC2023-Gr1-PDA-2	0	0	0	0	0	0	1
PAQ88969.barcode78	4998060	N	48	100	0.44	d__Bacteria;p__Bacillota;c__Bacilli;o__Bacillales;f__Bacillaceae_G;g__Bacillus_A;s__Bacillus_A mycoides	Bacillota - g__Bacillus_A	Bacillus_A mycoides	p__Bacillota	g__Bacillus_A	13	11	13	13/11/13	24	7	TRUE	NA	TRUE	110	TRUE	NA	NA	TRUE	High quality genome	SILK2023-Gr10-AC-14	0	0	0	0	0	0	0
PAQ88969.barcode79	5216079	Y	57	100	0.11	d__Bacteria;p__Bacillota;c__Bacilli;o__Bacillales;f__DSM-1321;g__Peribacillus;s__Peribacillus simplex_A	Bacillota - g__Peribacillus	Peribacillus simplex_A	p__Bacillota	g__Peribacillus	13	13	13	13/13/13	25	2	TRUE	NA	TRUE	113	TRUE	NA	NA	TRUE	High quality genome	VIBO2023-Gr7-AC-13	0	0	0	0	0	0	0
PAQ88969.barcode80	47161	N	8	73.63	3.51	d__Bacteria;p__Bacillota;c__Bacilli;o__Bacillales;f__DSM-1321;g__Peribacillus;s__Peribacillus frigoritolerans	Bacillota - g__Peribacillus	Peribacillus frigoritolerans	p__Bacillota	g__Peribacillus	4	3	4	4/3/4	23	432	FALSE	completeness<90;contigs>20;	NA	NA	FALSE	failed_assembly_qc	NA	TRUE	Medium quality genome	HJØR2023-Gr6-AC-1	0	0	0	0	0	1	1
PAQ88969.barcode81	5080577	Y	60	100	0.18	d__Bacteria;p__Pseudomonadota;c__Gammaproteobacteria;o__Enterobacterales;f__Enterobacteriaceae;g__Enterobacter;s__Enterobacter mori	Pseudomonadota - g__Enterobacter	Enterobacter mori	p__Pseudomonadota	g__Enterobacter	9	8	8	9/8/8	27	1	TRUE	NA	TRUE	118	TRUE	NA	NA	TRUE	High quality genome	NA	NA	NA	NA	NA	NA	NA	NA
PAQ88969.barcode83	4425088	N	68	100	0	d__Bacteria;p__Actinomycetota;c__Actinomycetes;o__Actinomycetales;f__Microbacteriaceae;g__Agromyces;s__Agromyces sp051016555	Actinomycetota - g__Agromyces	Agromyces sp051016555	p__Actinomycetota	g__Agromyces	3	3	3	3/3/3	23	2	TRUE	NA	TRUE	118	TRUE	NA	NA	TRUE	High quality genome	MARSAnne2022-Gr7-AC-15	0	0	1	1	0	1	1
PAQ88969.barcode84	537507	N	13	96.22	0.13	d__Bacteria;p__Actinomycetota;c__Actinomycetes;o__Streptomycetales;f__Streptomycetaceae;g__Streptomyces;s__Streptomyces sp018614155	Actinomycetota - g__Streptomyces	Streptomyces sp018614155	p__Actinomycetota	g__Streptomyces	2	4	3	2/4/3	25	131	FALSE	contigs>20;	NA	NA	FALSE	failed_assembly_qc	NA	TRUE	High quality genome	EGAA2023-Gr1-PDA-14	0	0	0	0	0	0	1
PAQ88969.barcode85	3995379	Y	78	99.99	0.98	d__Bacteria;p__Bacillota;c__Bacilli;o__Bacillales_A;f__Planococcaceae;g__Psychrobacillus;s__Psychrobacillus faecigallinarum	Bacillota - g__Psychrobacillus	Psychrobacillus faecigallinarum	p__Bacillota	g__Psychrobacillus	10	10	10	10/10/10	24	2	TRUE	NA	TRUE	112	TRUE	NA	NA	TRUE	High quality genome	MARS2023-Gr11-AC-11	NA	NA	NA	NA	NA	NA	NA
PAQ88969.barcode86	133874	N	9	81	2.34	d__Bacteria;p__Bacillota;c__Bacilli;o__Bacillales;f__DSM-1321;g__Peribacillus;s__Peribacillus simplex_A	Bacillota - g__Peribacillus	Peribacillus simplex_A	p__Bacillota	g__Peribacillus	3	4	3	3/4/3	25	264	FALSE	completeness<90;contigs>20;	NA	NA	FALSE	failed_assembly_qc	NA	TRUE	Medium quality genome	SILK2023-Gr8-AC-11	1	0	1	0	1	1	0
PAQ88969.barcode87	1542456	N	94	99.99	0.09	d__Bacteria;p__Bacillota;c__Bacilli;o__Staphylococcales;f__Staphylococcaceae;g__Staphylococcus;s__Staphylococcus epidermidis	Bacillota - g__Staphylococcus	Staphylococcus epidermidis	p__Bacillota	g__Staphylococcus	6	5	5	6/5/5	24	3	TRUE	NA	TRUE	117	TRUE	NA	NA	TRUE	High quality genome	SILK2023-Gr18-AC-20	1	1	1	1	1	1	1
PAQ88969.barcode89	6532839	Y	45	100	0.11	d__Bacteria;p__Pseudomonadota;c__Gammaproteobacteria;o__Pseudomonadales;f__Pseudomonadaceae;g__Aquipseudomonas;s__Aquipseudomonas veronii	Pseudomonadota - g__Aquipseudomonas	Aquipseudomonas veronii	p__Pseudomonadota	g__Aquipseudomonas	8	7	6	8/7/6	26	3	TRUE	NA	TRUE	118	TRUE	NA	NA	TRUE	High quality genome	NA	NA	NA	NA	NA	NA	NA	NA
PAQ88969.barcode90	2534673	Y	110	99.85	0.02	d__Bacteria;p__Actinomycetota;c__Actinomycetes;o__Actinomycetales;f__Micrococcaceae;g__Micrococcus;s__Micrococcus luteus	Actinomycetota - g__Micrococcus	Micrococcus luteus	p__Actinomycetota	g__Micrococcus	2	2	2	2/2/2	23	4	TRUE	NA	TRUE	119	TRUE	NA	NA	TRUE	High quality genome	BJE2020-Gr1-10%NB-7	1	0	1	0	0	1	0
PAQ88969.barcode91	5407126	N	48	100	0.68	d__Bacteria;p__Actinomycetota;c__Actinomycetes;o__Actinomycetales;f__Micrococcaceae;g__Arthrobacter;s__	Actinomycetota - g__Arthrobacter	Arthrobacter sp.	p__Actinomycetota	g__Arthrobacter	5	5	5	5/5/5	22	3	TRUE	NA	TRUE	119	TRUE	NA	NA	TRUE	High quality genome	MAR2020-JAR-AC-9	NA	NA	NA	NA	NA	NA	NA
PAQ88969.barcode94	5519871	N	54	99.98	0.35	d__Bacteria;p__Bacillota;c__Bacilli;o__Paenibacillales;f__Paenibacillaceae;g__Paenibacillus;s__Paenibacillus polymyxa_D	Bacillota - g__Paenibacillus	Paenibacillus polymyxa_D	p__Bacillota	g__Paenibacillus	13	13	13	13/13/13	24	5	TRUE	NA	TRUE	113	TRUE	NA	NA	TRUE	High quality genome	SILK2023-Gr8-AC-17	1	1	1	1	1	1	1
PAQ88969.barcode95	6094956	Y	50	100	0.19	d__Bacteria;p__Pseudomonadota;c__Gammaproteobacteria;o__Pseudomonadales;f__Pseudomonadaceae;g__Aquipseudomonas;s__Aquipseudomonas sp007713465	Pseudomonadota - g__Aquipseudomonas	Aquipseudomonas sp007713465	p__Pseudomonadota	g__Aquipseudomonas	8	7	7	8/7/7	25	1	TRUE	NA	TRUE	118	TRUE	NA	NA	TRUE	High quality genome	SILK2023-Gr15-AC-16	1	0	1	1	0	1	1
PAQ88969.barcode96	12038	N	3	2.23	0	Unclassified	NA - g__NA	NA	NA	NA	NA	NA	NA	NA	NA	21	FALSE	completeness<90;contigs>20;size<1500000;	NA	NA	FALSE	failed_assembly_qc	NA	TRUE	Low quality genome	CELF2021-Gr4-PDA-4	1	0	1	0	0	0	1
PAQ89233.barcode02	7270	N	7	6.73	0	d__Bacteria;p__Bacillota;c__Bacilli;o__Bacillales;f__Bacillaceae;g__Bacillus;s__Bacillus velezensis	Bacillota - g__Bacillus	Bacillus velezensis	p__Bacillota	g__Bacillus	0	0	0	0/0/0	0	55	FALSE	completeness<90;contigs>20;size<1500000;	NA	NA	FALSE	failed_assembly_qc	NA	TRUE	Low quality genome	NA	NA	NA	NA	NA	NA	NA	NA
PAQ89233.barcode04	6460052	Y	46	100	0	d__Bacteria;p__Pseudomonadota;c__Gammaproteobacteria;o__Pseudomonadales;f__Pseudomonadaceae;g__Aquipseudomonas;s__Aquipseudomonas sp900187425	Pseudomonadota - g__Aquipseudomonas	Aquipseudomonas sp900187425	p__Pseudomonadota	g__Aquipseudomonas	8	7	7	8/7/7	25	1	TRUE	NA	TRUE	118	TRUE	NA	NA	TRUE	High quality genome	AAGV2022-Gr5-AC-2	1	1	1	0	1	1	1
PAQ89233.barcode05	6358565	Y	49	99.99	0.41	d__Bacteria;p__Pseudomonadota;c__Gammaproteobacteria;o__Pseudomonadales;f__Pseudomonadaceae;g__Aquipseudomonas;s__Aquipseudomonas sp900187425	Pseudomonadota - g__Aquipseudomonas	Aquipseudomonas sp900187425	p__Pseudomonadota	g__Aquipseudomonas	8	7	7	8/7/7	26	2	TRUE	NA	TRUE	118	TRUE	NA	NA	TRUE	High quality genome	AAGV2022-Gr5-AC-1	1	1	1	0	1	1	1
PAQ89233.barcode07	7020784	Y	43	100	0.64	d__Bacteria;p__Pseudomonadota;c__Gammaproteobacteria;o__Pseudomonadales;f__Pseudomonadaceae;g__Aquipseudomonas;s__Aquipseudomonas arabinosi	Pseudomonadota - g__Aquipseudomonas	Aquipseudomonas arabinosi	p__Pseudomonadota	g__Aquipseudomonas	8	7	7	8/7/7	26	1	TRUE	NA	TRUE	118	TRUE	NA	NA	TRUE	High quality genome	FJER2023-Gr2-AC-6	0	0	1	0	0	1	0
PAQ89233.barcode09	1172244	N	39	100	0.94	d__Bacteria;p__Bacillota;c__Bacilli;o__Bacillales;f__DSM-1321;g__Peribacillus;s__Peribacillus frigoritolerans	Bacillota - g__Peribacillus	Peribacillus frigoritolerans	p__Bacillota	g__Peribacillus	12	12	12	12/12/12	25	34	FALSE	contigs>20;	NA	NA	FALSE	failed_assembly_qc	NA	TRUE	High quality genome	EGAA2023-Gr9-AC-17	0	0	1	0	0	0	0
PAQ89233.barcode10	903597	N	19	100	0	d__Bacteria;p__Actinomycetota;c__Actinomycetes;o__Streptomycetales;f__Streptomycetaceae;g__Streptomyces;s__Streptomyces sp042268445	Actinomycetota - g__Streptomyces	Streptomyces sp042268445	p__Actinomycetota	g__Streptomyces	6	5	6	6/5/6	23	42	FALSE	contigs>20;	NA	NA	FALSE	failed_assembly_qc	NA	TRUE	High quality genome	PAD2023-Gr3-AC-14	NA	NA	NA	NA	NA	NA	NA
PAQ89233.barcode12	41277	N	3	35.23	3.07	d__Bacteria;p__Bacillota;c__Bacilli;o__Paenibacillales;f__Paenibacillaceae;g__Paenibacillus;s__	Bacillota - g__Paenibacillus	Paenibacillus sp.	p__Bacillota	g__Paenibacillus	1	2	2	1/2/2	17	366	FALSE	completeness<90;contigs>20;	NA	NA	FALSE	failed_assembly_qc	NA	TRUE	Low quality genome	PAD2023-Gr3-AC-12	1	0	0	0	0	0	0
PAQ89233.barcode13	135103	N	25	99.99	0.29	d__Bacteria;p__Bacillota;c__Bacilli;o__Paenibacillales;f__Paenibacillaceae;g__Paenibacillus;s__Paenibacillus polymyxa_B	Bacillota - g__Paenibacillus	Paenibacillus polymyxa_B	p__Bacillota	g__Paenibacillus	3	1	0	3/1/0	24	394	FALSE	contigs>20;	NA	NA	FALSE	failed_assembly_qc	NA	TRUE	Medium quality genome	SILK2023-Gr3-AC-6	1	1	1	1	1	1	1
PAQ89233.barcode14	75995	N	16	99.47	2.12	d__Bacteria;p__Bacillota;c__Bacilli;o__Bacillales_A;f__Planococcaceae;g__Lysinibacillus;s__Lysinibacillus sp050272295	Bacillota - g__Lysinibacillus	Lysinibacillus sp050272295	p__Bacillota	g__Lysinibacillus	5	3	3	5/3/3	24	375	FALSE	contigs>20;	NA	NA	FALSE	failed_assembly_qc	NA	TRUE	High quality genome	PAD2023-Gr3-AC-17	NA	NA	NA	NA	NA	NA	NA
PAQ89233.barcode15	2336940	N	74	100	0.05	d__Bacteria;p__Bacillota;c__Bacilli;o__Bacillales;f__Bacillaceae;g__Bacillus;s__Bacillus subtilis	Bacillota - g__Bacillus	Bacillus subtilis	p__Bacillota	g__Bacillus	8	9	9	8/9/9	24	2	TRUE	NA	TRUE	116	TRUE	NA	NA	TRUE	High quality genome	SILK2023-Gr3-AC-5	0	0	0	1	0	0	0
PAQ89233.barcode16	336197	N	48	100	4.74	d__Bacteria;p__Bacillota;c__Bacilli;o__Paenibacillales;f__Paenibacillaceae;g__Paenibacillus;s__Paenibacillus terrae_A	Bacillota - g__Paenibacillus	Paenibacillus terrae_A	p__Bacillota	g__Paenibacillus	5	6	6	5/6/6	24	100	FALSE	contigs>20;	NA	NA	FALSE	failed_assembly_qc	NA	TRUE	High quality genome	FJER2023-Gr4-AC-4	1	1	0	1	1	1	0
PAQ89233.barcode17	106422	N	22	100	0.63	d__Bacteria;p__Bacillota;c__Bacilli;o__Paenibacillales;f__Paenibacillaceae;g__Paenibacillus;s__Paenibacillus polymyxa_B	Bacillota - g__Paenibacillus	Paenibacillus polymyxa_B	p__Bacillota	g__Paenibacillus	1	1	1	1/1/1	22	345	FALSE	contigs>20;	NA	NA	FALSE	failed_assembly_qc	NA	TRUE	High quality genome	AAGV2022-Gr1-AC-16	0	0	0	0	0	0	0
PAQ89233.barcode18	6243446	Y	51	100	0.09	d__Bacteria;p__Pseudomonadota;c__Gammaproteobacteria;o__Pseudomonadales;f__Pseudomonadaceae;g__Aquipseudomonas;s__	Pseudomonadota - g__Aquipseudomonas	Aquipseudomonas sp.	p__Pseudomonadota	g__Aquipseudomonas	7	6	6	7/6/6	26	2	TRUE	NA	TRUE	118	TRUE	NA	NA	TRUE	High quality genome	AAGV2022-Gr2-AC-4	1	0	1	0	1	1	0
PAQ89233.barcode20	131449	N	25	99.99	2.49	d__Bacteria;p__Bacillota;c__Bacilli;o__Staphylococcales;f__Staphylococcaceae;g__Staphylococcus;s__Staphylococcus aureus	Bacillota - g__Staphylococcus	Staphylococcus aureus	p__Bacillota	g__Staphylococcus	2	1	1	2/1/1	23	107	FALSE	contigs>20;	NA	NA	FALSE	failed_assembly_qc	NA	TRUE	High quality genome	EGAA2023-Gr10-AC-16	1	0	1	0	1	1	1
PAQ89233.barcode21	97817	N	14	88.28	1.5	d__Bacteria;p__Bacillota;c__Bacilli;o__Paenibacillales;f__Paenibacillaceae;g__Paenibacillus;s__Paenibacillus amylolyticus	Bacillota - g__Paenibacillus	Paenibacillus amylolyticus	p__Bacillota	g__Paenibacillus	3	2	3	3/2/3	16	492	FALSE	completeness<90;contigs>20;	NA	NA	FALSE	failed_assembly_qc	NA	TRUE	Medium quality genome	HJØRSTX2023-Gr2-AC-2	0	0	0	0	0	0	0
PAQ89233.barcode22	3690699	Y	81	99.22	0.11	d__Bacteria;p__Actinomycetota;c__Actinomycetes;o__Actinomycetales;f__Microbacteriaceae;g__Curtobacterium;s__Curtobacterium flaccumfaciens	Actinomycetota - g__Curtobacterium	Curtobacterium flaccumfaciens	p__Actinomycetota	g__Curtobacterium	3	3	3	3/3/3	23	1	TRUE	NA	TRUE	117	TRUE	NA	NA	TRUE	High quality genome	VHG2023-Gr11-AC-5	1	1	0	1	0	1	0
PAQ89233.barcode23	4023008	Y	75	100	4.62	d__Bacteria;p__Actinomycetota;c__Actinomycetes;o__Actinomycetales;f__Microbacteriaceae;g__Plantibacter;s__Plantibacter auratus	Actinomycetota - g__Plantibacter	Plantibacter auratus	p__Actinomycetota	g__Plantibacter	2	2	2	2/2/2	22	17	TRUE	NA	TRUE	114	TRUE	NA	NA	TRUE	High quality genome	PADE2023-Gr3-AC-6	1	0	0	0	0	0	0
PAQ89233.barcode24	4023016	Y	42	100	14.15	d__Bacteria;p__Actinomycetota;c__Actinomycetes;o__Actinomycetales;f__Microbacteriaceae;g__Plantibacter;s__Plantibacter auratus	Actinomycetota - g__Plantibacter	Plantibacter auratus	p__Actinomycetota	g__Plantibacter	6	3	3	6/3/3	25	293	FALSE	contamination>=5;contigs>20;	NA	NA	FALSE	failed_assembly_qc	NA	TRUE	Unannotated genomes	AAGV2022-Gr1-AC-8	1	1	1	1	1	1	1
PAQ89233.barcode26	132833	N	30	97.4	2.02	d__Bacteria;p__Bacillota;c__Bacilli;o__Brevibacillales;f__Brevibacillaceae;g__Brevibacillus_B;s__Brevibacillus_B laterosporus_D	Bacillota - g__Brevibacillus_B	Brevibacillus_B laterosporus_D	p__Bacillota	g__Brevibacillus_B	7	8	4	7/8/4	24	353	FALSE	contigs>20;	NA	NA	FALSE	failed_assembly_qc	NA	TRUE	High quality genome	HJØREUC2023-Gr3-AC-1	1	0	1	1	1	1	1
PAQ89233.barcode27	1032229	N	49	100	1.45	d__Bacteria;p__Actinomycetota;c__Actinomycetes;o__Actinomycetales;f__Micrococcaceae;g__Arthrobacter;s__	Actinomycetota - g__Arthrobacter	Arthrobacter sp.	p__Actinomycetota	g__Arthrobacter	4	6	5	4/6/5	23	18	TRUE	NA	TRUE	119	TRUE	NA	NA	TRUE	High quality genome	MARSANNE2022-Gr2-AC-10	NA	NA	NA	NA	NA	NA	NA
PAQ89233.barcode30	1491755	N	11	100	30.78	d__Bacteria;p__Actinomycetota;c__Actinomycetes;o__Actinomycetales;f__Microbacteriaceae;g__Curtobacterium;s__Curtobacterium flaccumfaciens	Actinomycetota - g__Curtobacterium	Curtobacterium flaccumfaciens	p__Actinomycetota	g__Curtobacterium	12	13	12	12/13/12	26	220	FALSE	contamination>=5;contigs>20;	NA	NA	FALSE	failed_assembly_qc	NA	TRUE	Unannotated genomes	EGAA2023-Gr1-AC-12	NA	NA	NA	NA	NA	NA	NA
PAQ89233.barcode31	17927	N	7	16.83	0.32	d__Bacteria;p__Bacillota;c__Bacilli;o__Bacillales;f__Bacillaceae_G;g__Bacillus_A;s__Bacillus_A mycoides	Bacillota - g__Bacillus_A	Bacillus_A mycoides	p__Bacillota	g__Bacillus_A	2	1	1	2/1/1	18	160	FALSE	completeness<90;contigs>20;size<1500000;	NA	NA	FALSE	failed_assembly_qc	NA	TRUE	Low quality genome	FJER2023-Gr7-AC-18	0	0	0	0	0	0	1
PAQ89233.barcode32	42011	N	10	58.34	0.99	d__Bacteria;p__Bacillota;c__Bacilli;o__Bacillales;f__DSM-1321;g__Peribacillus;s__Peribacillus sp050274955	Bacillota - g__Peribacillus	Peribacillus sp050274955	p__Bacillota	g__Peribacillus	3	1	3	3/1/3	18	251	FALSE	completeness<90;contigs>20;	NA	NA	FALSE	failed_assembly_qc	NA	TRUE	Medium quality genome	VHG2023-Gr6-AC-1	1	0	1	0	0	1	1
PAQ89233.barcode33	874746	N	54	100	0.23	d__Bacteria;p__Bacillota;c__Bacilli;o__Bacillales;f__Bacillaceae;g__Bacillus;s__Bacillus subtilis	Bacillota - g__Bacillus	Bacillus subtilis	p__Bacillota	g__Bacillus	7	7	7	7/7/7	24	25	FALSE	contigs>20;	NA	NA	FALSE	failed_assembly_qc	NA	TRUE	High quality genome	VHG2023-Gr6-AC-7	0	0	1	0	0	0	1
PAQ89233.barcode34	1153905	N	52	100	0.45	d__Bacteria;p__Bacillota;c__Bacilli;o__Paenibacillales;f__Paenibacillaceae;g__Paenibacillus;s__Paenibacillus polymyxa_B	Bacillota - g__Paenibacillus	Paenibacillus polymyxa_B	p__Bacillota	g__Paenibacillus	11	11	12	11/11/12	24	29	FALSE	contigs>20;	NA	NA	FALSE	failed_assembly_qc	NA	TRUE	High quality genome	EGAA2023-Gr3-AC-2	1	0	1	1	1	1	1
PAQ89233.barcode36	399082	N	35	100	0.46	d__Bacteria;p__Bacillota;c__Bacilli;o__Paenibacillales;f__Paenibacillaceae;g__Paenibacillus;s__Paenibacillus polymyxa_B	Bacillota - g__Paenibacillus	Paenibacillus polymyxa_B	p__Bacillota	g__Paenibacillus	11	4	2	11/4/2	24	170	FALSE	contigs>20;	NA	NA	FALSE	failed_assembly_qc	NA	TRUE	High quality genome	HJØREUC2023-Gr2-AC-14	1	1	1	1	1	1	1
PAQ89233.barcode37	15673	N	8	13.47	0.14	d__Bacteria;p__Bacillota;c__Bacilli;o__Bacillales;f__Bacillaceae_G;g__Bacillus_A;s__Bacillus_A mycoides	Bacillota - g__Bacillus_A	Bacillus_A mycoides	p__Bacillota	g__Bacillus_A	1	1	1	1/1/1	23	103	FALSE	completeness<90;contigs>20;size<1500000;	NA	NA	FALSE	failed_assembly_qc	NA	TRUE	Low quality genome	EGAA2023-Gr2-AC-8	1	0	0	0	0	1	1
PAQ89233.barcode38	136232	N	36	100	1.34	d__Bacteria;p__Bacillota;c__Bacilli;o__Staphylococcales;f__Staphylococcaceae;g__Staphylococcus;s__Staphylococcus aureus	Bacillota - g__Staphylococcus	Staphylococcus aureus	p__Bacillota	g__Staphylococcus	4	4	3	4/4/3	24	74	FALSE	contigs>20;	NA	NA	FALSE	failed_assembly_qc	NA	TRUE	High quality genome	EGAA2023-Gr10-AC-18	1	0	1	0	1	1	1
PAQ89233.barcode39	4017688	Y	80	100	0.06	d__Bacteria;p__Bacillota;c__Bacilli;o__Bacillales;f__Bacillaceae;g__Bacillus;s__Bacillus velezensis	Bacillota - g__Bacillus	Bacillus velezensis	p__Bacillota	g__Bacillus	9	9	9	9/9/9	26	1	TRUE	NA	TRUE	115	TRUE	NA	NA	TRUE	High quality genome	EGAA2023-Gr4-AC-9	0	0	1	1	0	1	0
PAQ89233.barcode40	6669777	Y	47	100	0.82	d__Bacteria;p__Pseudomonadota;c__Gammaproteobacteria;o__Pseudomonadales;f__Pseudomonadaceae;g__Aquipseudomonas;s__Aquipseudomonas sp002303925	Pseudomonadota - g__Aquipseudomonas	Aquipseudomonas sp002303925	p__Pseudomonadota	g__Aquipseudomonas	8	7	7	8/7/7	25	1	TRUE	NA	TRUE	118	TRUE	NA	NA	TRUE	High quality genome	EGAA2023-Gr8-AC-17	1	1	0	0	1	1	0
PAQ89233.barcode41	6935610	Y	43	100	0.28	d__Bacteria;p__Pseudomonadota;c__Gammaproteobacteria;o__Pseudomonadales;f__Pseudomonadaceae;g__Aquipseudomonas;s__Aquipseudomonas lyxosi	Pseudomonadota - g__Aquipseudomonas	Aquipseudomonas lyxosi	p__Pseudomonadota	g__Aquipseudomonas	8	7	7	8/7/7	26	1	TRUE	NA	TRUE	118	TRUE	NA	NA	TRUE	High quality genome	STG2023-Gr1-ISP2-7	0	0	0	0	1	1	0
PAQ89233.barcode42	2273420	N	35	100	0.15	d__Bacteria;p__Pseudomonadota;c__Gammaproteobacteria;o__Pseudomonadales;f__Pseudomonadaceae;g__Aquipseudomonas;s__Aquipseudomonas neuropathica	Pseudomonadota - g__Aquipseudomonas	Aquipseudomonas neuropathica	p__Pseudomonadota	g__Aquipseudomonas	6	6	6	6/6/6	26	6	TRUE	NA	TRUE	118	TRUE	NA	NA	TRUE	High quality genome	FJER2023-Gr6-ISP2-12	1	0	1	0	1	1	0
PAQ89233.barcode44	6114063	N	51	100	0.93	d__Bacteria;p__Pseudomonadota;c__Gammaproteobacteria;o__Pseudomonadales;f__Pseudomonadaceae;g__Aquipseudomonas;s__Aquipseudomonas fulgida	Pseudomonadota - g__Aquipseudomonas	Aquipseudomonas fulgida	p__Pseudomonadota	g__Aquipseudomonas	6	5	5	6/5/5	24	1	TRUE	NA	TRUE	118	TRUE	NA	NA	TRUE	High quality genome	HJØSTX2023-Gr3-ISP2-3	NA	NA	NA	NA	NA	NA	NA
PAQ89233.barcode45	196078	N	18	99.97	1.72	d__Bacteria;p__Pseudomonadota;c__Gammaproteobacteria;o__Enterobacterales;f__Enterobacteriaceae;g__Serratia;s__Serratia plymuthica	Pseudomonadota - g__Serratia	Serratia plymuthica	p__Pseudomonadota	g__Serratia	2	1	2	2/1/2	25	243	FALSE	contigs>20;	NA	NA	FALSE	failed_assembly_qc	NA	TRUE	High quality genome	STG2023-Gr1-ISP2-14	1	1	1	1	0	1	1
PAQ89233.barcode46	60366	N	11	84.67	0.49	d__Bacteria;p__Pseudomonadota;c__Gammaproteobacteria;o__Enterobacterales;f__Enterobacteriaceae;g__Serratia;s__Serratia plymuthica	Pseudomonadota - g__Serratia	Serratia plymuthica	p__Pseudomonadota	g__Serratia	4	1	1	4/1/1	24	426	FALSE	completeness<90;contigs>20;	NA	NA	FALSE	failed_assembly_qc	NA	TRUE	Medium quality genome	STG2023-Gr1-ISP2-18	1	1	1	1	0	1	1
PAQ89233.barcode48	24207	N	6	32.51	1.46	d__Bacteria;p__Bacillota;c__Bacilli;o__Bacillales;f__DSM-1321;g__Peribacillus;s__Peribacillus frigoritolerans	Bacillota - g__Peribacillus	Peribacillus frigoritolerans	p__Bacillota	g__Peribacillus	2	1	1	2/1/1	18	226	FALSE	completeness<90;contigs>20;size<1500000;	NA	NA	FALSE	failed_assembly_qc	NA	TRUE	Low quality genome	HASS2023-Gr6-ISP2-12	1	0	0	0	0	0	0
PAQ89233.barcode49	23091	N	5	12.6	0.07	d__Bacteria;p__Bacillota;c__Bacilli;o__Bacillales;f__DSM-1321;g__Peribacillus;s__Peribacillus frigoritolerans	Bacillota - g__Peribacillus	Peribacillus frigoritolerans	p__Bacillota	g__Peribacillus	1	1	1	1/1/1	0	120	FALSE	completeness<90;contigs>20;size<1500000;	NA	NA	FALSE	failed_assembly_qc	NA	TRUE	Low quality genome	HASS2023-Gr6-ISP2-11	0	0	0	0	0	0	0
PAQ89233.barcode50	43411	N	17	79.13	4.29	d__Bacteria;p__Bacillota;c__Bacilli;o__Bacillales;f__DSM-1321;g__Peribacillus;s__Peribacillus frigoritolerans	Bacillota - g__Peribacillus	Peribacillus frigoritolerans	p__Bacillota	g__Peribacillus	1	1	1	1/1/1	23	611	FALSE	completeness<90;contigs>20;	NA	NA	FALSE	failed_assembly_qc	NA	TRUE	Medium quality genome	HASS2023-Gr6-ISP2-14	1	0	1	0	0	0	0
PAQ89233.barcode52	24923	N	7	31.6	0.86	d__Bacteria;p__Bacillota;c__Bacilli;o__Bacillales;f__DSM-1321;g__Peribacillus;s__Peribacillus butanolivorans	Bacillota - g__Peribacillus	Peribacillus butanolivorans	p__Bacillota	g__Peribacillus	0	2	1	0/2/1	4	200	FALSE	completeness<90;contigs>20;size<1500000;	NA	NA	FALSE	failed_assembly_qc	NA	TRUE	Low quality genome	VHG2023-Gr2-ISP2-17	1	0	1	0	0	0	0
PAQ89233.barcode53	116271	N	20	92.31	1.61	d__Bacteria;p__Bacillota;c__Bacilli;o__Bacillales;f__DSM-1321;g__Peribacillus;s__Peribacillus frigoritolerans	Bacillota - g__Peribacillus	Peribacillus frigoritolerans	p__Bacillota	g__Peribacillus	8	7	3	8/7/3	24	302	FALSE	contigs>20;	NA	NA	FALSE	failed_assembly_qc	NA	TRUE	High quality genome	FJE2023-Gr2-LB-1	NA	NA	NA	NA	NA	NA	NA
PAQ89233.barcode54	43552	N	11	69.26	0.85	d__Bacteria;p__Bacillota;c__Bacilli;o__Bacillales;f__DSM-1321;g__Peribacillus;s__Peribacillus butanolivorans	Bacillota - g__Peribacillus	Peribacillus butanolivorans	p__Bacillota	g__Peribacillus	2	1	1	2/1/1	23	301	FALSE	completeness<90;contigs>20;	NA	NA	FALSE	failed_assembly_qc	NA	TRUE	Medium quality genome	MARSANNE2022-Gr2-LB-17	NA	NA	NA	NA	NA	NA	NA
PAQ89233.barcode55	6673619	N	46	100	0.38	d__Bacteria;p__Pseudomonadota;c__Gammaproteobacteria;o__Pseudomonadales;f__Pseudomonadaceae;g__Aquipseudomonas;s__Aquipseudomonas fluorescens_BH	Pseudomonadota - g__Aquipseudomonas	Aquipseudomonas fluorescens_BH	p__Pseudomonadota	g__Aquipseudomonas	8	7	7	8/7/7	25	1	TRUE	NA	TRUE	117	TRUE	NA	NA	TRUE	High quality genome	MARSANNE2022-Gr2-LB-16	NA	NA	NA	NA	NA	NA	NA
PAQ89233.barcode56	6854052	N	45	100	0.27	d__Bacteria;p__Pseudomonadota;c__Gammaproteobacteria;o__Pseudomonadales;f__Pseudomonadaceae;g__Aquipseudomonas;s__Aquipseudomonas fluorescens_BH	Pseudomonadota - g__Aquipseudomonas	Aquipseudomonas fluorescens_BH	p__Pseudomonadota	g__Aquipseudomonas	8	7	7	8/7/7	25	1	TRUE	NA	TRUE	117	TRUE	NA	NA	TRUE	High quality genome	MARSANNE2022-Gr1-LB-11	NA	NA	NA	NA	NA	NA	NA
PAQ89233.barcode57	6276349	Y	48	100	0.86	d__Bacteria;p__Pseudomonadota;c__Gammaproteobacteria;o__Pseudomonadales;f__Pseudomonadaceae;g__Aquipseudomonas;s__Aquipseudomonas sp002303925	Pseudomonadota - g__Aquipseudomonas	Aquipseudomonas sp002303925	p__Pseudomonadota	g__Aquipseudomonas	8	7	7	8/7/7	25	1	TRUE	NA	TRUE	118	TRUE	NA	NA	TRUE	High quality genome	MARSANNE2022-Gr1-LB-10	NA	NA	NA	NA	NA	NA	NA
PAQ89233.barcode58	145236	N	10	91.57	4.49	d__Bacteria;p__Bacillota;c__Bacilli;o__Bacillales;f__DSM-1321;g__Peribacillus;s__Peribacillus butanolivorans	Bacillota - g__Peribacillus	Peribacillus butanolivorans	p__Bacillota	g__Peribacillus	5	3	6	5/3/6	25	337	FALSE	contigs>20;	NA	NA	FALSE	failed_assembly_qc	NA	TRUE	High quality genome	MARSANNE2022-Gr2-LB-15	NA	NA	NA	NA	NA	NA	NA
PAQ89233.barcode59	404483	N	22	100	0	d__Bacteria;p__Bacillota;c__Bacilli;o__Paenibacillales;f__Paenibacillaceae;g__Paenibacillus;s__Paenibacillus amylolyticus	Bacillota - g__Paenibacillus	Paenibacillus amylolyticus	p__Bacillota	g__Paenibacillus	3	4	4	3/4/4	25	164	FALSE	contigs>20;	NA	NA	FALSE	failed_assembly_qc	NA	TRUE	High quality genome	MARS2023-Gr5-LB-16	0	0	1	1	0	1	1
PAQ89233.barcode60	199060	N	22	99.96	5.13	d__Bacteria;p__Bacillota;c__Bacilli;o__Bacillales;f__DSM-1321;g__Peribacillus;s__Peribacillus butanolivorans	Bacillota - g__Peribacillus	Peribacillus butanolivorans	p__Bacillota	g__Peribacillus	7	6	6	7/6/6	25	311	FALSE	contamination>=5;contigs>20;	NA	NA	FALSE	failed_assembly_qc	NA	TRUE	Medium quality genome	DRON2023-Gr6-LB-9	1	0	1	1	1	0	1
PAQ89233.barcode62	23056	N	6	39.75	0.53	d__Bacteria;p__Bacillota;c__Bacilli;o__Bacillales;f__Bacillaceae_G;g__Bacillus_A;s__Bacillus_A mycoides	Bacillota - g__Bacillus_A	Bacillus_A mycoides	p__Bacillota	g__Bacillus_A	1	3	1	1/3/1	19	239	FALSE	completeness<90;contigs>20;	NA	NA	FALSE	failed_assembly_qc	NA	TRUE	Low quality genome	HJØEUC2023-Gr4-LB-15	NA	NA	NA	NA	NA	NA	NA
PAQ89233.barcode63	577011	N	41	100	4.92	d__Bacteria;p__Bacillota;c__Bacilli;o__Bacillales;f__Bacillaceae_G;g__Bacillus_A;s__Bacillus_A mycoides	Bacillota - g__Bacillus_A	Bacillus_A mycoides	p__Bacillota	g__Bacillus_A	12	14	14	12/14/14	25	207	FALSE	contigs>20;	NA	NA	FALSE	failed_assembly_qc	NA	TRUE	High quality genome	VHG2023-Gr4-BHI-4	1	0	1	1	0	1	1
PAQ89233.barcode64	2229798	N	55	100	8.84	d__Bacteria;p__Bacillota;c__Bacilli;o__Bacillales_A;f__Planococcaceae;g__Lysinibacillus;s__Lysinibacillus sp050272295	Bacillota - g__Lysinibacillus	Lysinibacillus sp050272295	p__Bacillota	g__Lysinibacillus	12	11	10	12/11/10	24	204	FALSE	contamination>=5;contigs>20;	NA	NA	FALSE	failed_assembly_qc	NA	TRUE	Medium quality genome	VHG2023-Gr5-BHI-13	0	0	0	0	1	1	0
PAQ89233.barcode65	222323	N	24	99.99	0.16	d__Bacteria;p__Bacillota;c__Bacilli;o__Bacillales;f__DSM-1321;g__Peribacillus;s__Peribacillus simplex_A	Bacillota - g__Peribacillus	Peribacillus simplex_A	p__Bacillota	g__Peribacillus	8	7	8	8/7/8	25	161	FALSE	contigs>20;	NA	NA	FALSE	failed_assembly_qc	NA	TRUE	High quality genome	SILK2023-Gr2-BHI-5	1	0	1	1	0	1	0
PAQ89233.barcode66	1608007	N	64	99.76	0.03	d__Bacteria;p__Bacillota;c__Bacilli;o__Bacillales_A;f__Planococcaceae;g__Sporosarcina;s__	Bacillota - g__Sporosarcina	Sporosarcina sp.	p__Bacillota	g__Sporosarcina	9	8	7	9/8/7	25	7	TRUE	NA	TRUE	116	TRUE	NA	NA	TRUE	High quality genome	VHG2023-Gr4-BHI-16	0	1	1	1	1	0	0
PAQ89233.barcode67	6354560	N	49	100	0.18	d__Bacteria;p__Pseudomonadota;c__Gammaproteobacteria;o__Pseudomonadales;f__Pseudomonadaceae;g__Aquipseudomonas;s__Aquipseudomonas monachiensis	Pseudomonadota - g__Aquipseudomonas	Aquipseudomonas monachiensis	p__Pseudomonadota	g__Aquipseudomonas	8	7	7	8/7/7	26	1	TRUE	NA	TRUE	118	TRUE	NA	NA	TRUE	High quality genome	EGAA2023-Gr3-BHI-20	1	0	1	0	1	1	1
PAQ89233.barcode68	8487338	N	34	99.9	0.38	d__Bacteria;p__Actinomycetota;c__Actinomycetes;o__Streptomycetales;f__Streptomycetaceae;g__Streptomyces;s__Streptomyces celluloflavus	Actinomycetota - g__Streptomyces	Streptomyces celluloflavus	p__Actinomycetota	g__Streptomyces	7	7	7	7/7/7	22	2	TRUE	NA	TRUE	112	TRUE	NA	NA	TRUE	High quality genome	VIBO2022-Gr1-BHI-3	1	1	0	1	1	1	1
PAQ89233.barcode69	3755841	N	24	98.38	0.31	d__Bacteria;p__Actinomycetota;c__Actinomycetes;o__Streptomycetales;f__Streptomycetaceae;g__Streptomyces;s__Streptomyces celluloflavus	Actinomycetota - g__Streptomyces	Streptomyces celluloflavus	p__Actinomycetota	g__Streptomyces	6	7	7	6/7/7	22	9	TRUE	NA	TRUE	111	TRUE	NA	NA	TRUE	High quality genome	VIBO2022-Gr1-BHI-2	1	1	0	1	1	1	1
PAQ89233.barcode70	6935582	Y	40	100	61.59	d__Bacteria;p__Pseudomonadota;c__Gammaproteobacteria;o__Pseudomonadales;f__Pseudomonadaceae;g__Aquipseudomonas;s__Aquipseudomonas sp002874965	Pseudomonadota - g__Aquipseudomonas	Aquipseudomonas sp002874965	p__Pseudomonadota	g__Aquipseudomonas	22	18	20	22/18/20	27	55	FALSE	contamination>=5;contigs>20;	NA	NA	FALSE	failed_assembly_qc	NA	TRUE	Unannotated genomes	EGAA2023-Gr6-BHI-2	NA	NA	NA	NA	NA	NA	NA
PAQ89233.barcode73	19307	N	5	21.61	1.2	d__Bacteria;p__Bacillota;c__Bacilli;o__Bacillales;f__Bacillaceae_G;g__Bacillus_A;s__Bacillus_A mycoides	Bacillota - g__Bacillus_A	Bacillus_A mycoides	p__Bacillota	g__Bacillus_A	4	1	1	4/1/1	16	148	FALSE	completeness<90;contigs>20;size<1500000;	NA	NA	FALSE	failed_assembly_qc	NA	TRUE	Low quality genome	MARS2023-Gr1-AC-3	NA	NA	NA	NA	NA	NA	NA
PAQ89233.barcode74	4404517	N	40	100	0.08	d__Bacteria;p__Bacillota;c__Bacilli;o__Bacillales;f__Bacillaceae_G;g__Bacillus_A;s__Bacillus_A toyonensis	Bacillota - g__Bacillus_A	Bacillus_A toyonensis	p__Bacillota	g__Bacillus_A	15	12	14	15/12/14	24	15	TRUE	NA	TRUE	110	TRUE	NA	NA	TRUE	High quality genome	VHG2023-Gr6-AC-1	1	0	1	0	0	1	1
PAQ89233.barcode75	940205	N	47	100	0.79	d__Bacteria;p__Bacillota;c__Bacilli;o__Paenibacillales;f__Paenibacillaceae;g__Paenibacillus;s__Paenibacillus polymyxa_B	Bacillota - g__Paenibacillus	Paenibacillus polymyxa_B	p__Bacillota	g__Paenibacillus	14	13	14	14/13/14	23	20	TRUE	NA	TRUE	110	TRUE	NA	NA	TRUE	High quality genome	EGAA2023-Gr3-AC-11	1	1	1	1	1	1	1
PAQ89233.barcode76	166361	N	15	99.83	0.2	d__Bacteria;p__Bacillota;c__Bacilli;o__Bacillales;f__Bacillaceae_G;g__Bacillus_A;s__Bacillus_A mycoides	Bacillota - g__Bacillus_A	Bacillus_A mycoides	p__Bacillota	g__Bacillus_A	7	6	7	7/6/7	25	317	FALSE	contigs>20;	NA	NA	FALSE	failed_assembly_qc	NA	TRUE	High quality genome	HJØRSTX2023-Gr1-AC-20	1	0	0	0	1	0	0
PAQ89233.barcode78	4659808	N	44	99.95	1	d__Bacteria;p__Actinomycetota;c__Actinomycetes;o__Actinomycetales;f__Micrococcaceae;g__Paeniglutamicibacter;s__Paeniglutamicibacter kerguelensis	Actinomycetota - g__Paeniglutamicibacter	Paeniglutamicibacter kerguelensis	p__Actinomycetota	g__Paeniglutamicibacter	7	6	6	7/6/6	24	7	TRUE	NA	TRUE	119	TRUE	NA	NA	TRUE	High quality genome	NA	NA	NA	NA	NA	NA	NA	NA
PAQ89233.barcode79	6935981	Y	16	100	91.8	d__Bacteria;p__Actinomycetota;c__Actinomycetes;o__Actinomycetales;f__Cellulomonadaceae;g__Oerskovia;s__Oerskovia jenensis	Actinomycetota - g__Oerskovia	Oerskovia jenensis	p__Actinomycetota	g__Oerskovia	19	16	16	19/16/16	27	93	FALSE	contamination>=5;contigs>20;size>15000000;	NA	NA	FALSE	failed_assembly_qc	NA	TRUE	Unannotated genomes	NA	NA	NA	NA	NA	NA	NA	NA
PAQ89233.barcode80	48638	N	12	78.71	1.98	d__Bacteria;p__Bacillota;c__Bacilli;o__Bacillales;f__Bacillaceae_G;g__Bacillus_A;s__Bacillus_A mycoides	Bacillota - g__Bacillus_A	Bacillus_A mycoides	p__Bacillota	g__Bacillus_A	3	5	2	3/5/2	22	443	FALSE	completeness<90;contigs>20;	NA	NA	FALSE	failed_assembly_qc	NA	TRUE	Medium quality genome	NA	NA	NA	NA	NA	NA	NA	NA
PAQ89233.barcode81	136797	N	17	89.36	1.87	d__Bacteria;p__Pseudomonadota;c__Gammaproteobacteria;o__Pseudomonadales;f__Moraxellaceae;g__Acinetobacter;s__Acinetobacter sp036666595	Pseudomonadota - g__Acinetobacter	Acinetobacter sp036666595	p__Pseudomonadota	g__Acinetobacter	1	2	1	1/2/1	23	193	FALSE	completeness<90;contigs>20;	NA	NA	FALSE	failed_assembly_qc	NA	TRUE	Medium quality genome	NA	NA	NA	NA	NA	NA	NA	NA
PAQ89233.barcode82	53448	N	8	74.97	0.47	d__Bacteria;p__Bacillota;c__Bacilli;o__Bacillales;f__DSM-1321;g__Peribacillus;s__Peribacillus simplex	Bacillota - g__Peribacillus	Peribacillus simplex	p__Bacillota	g__Peribacillus	2	5	3	2/5/3	21	412	FALSE	completeness<90;contigs>20;	NA	NA	FALSE	failed_assembly_qc	NA	TRUE	Medium quality genome	NA	NA	NA	NA	NA	NA	NA	NA
PAQ89233.barcode83	54149	N	12	75.72	2.05	d__Bacteria;p__Bacillota;c__Bacilli;o__Bacillales;f__DSM-1321;g__Peribacillus;s__Peribacillus frigoritolerans	Bacillota - g__Peribacillus	Peribacillus frigoritolerans	p__Bacillota	g__Peribacillus	2	2	1	2/2/1	22	461	FALSE	completeness<90;contigs>20;	NA	NA	FALSE	failed_assembly_qc	NA	TRUE	Medium quality genome	NA	NA	NA	NA	NA	NA	NA	NA
PAQ89233.barcode85	4160481	N	50	100	0.36	d__Bacteria;p__Pseudomonadota;c__Gammaproteobacteria;o__Pseudomonadales;f__Pseudomonadaceae;g__Aquipseudomonas;s__Aquipseudomonas atacamensis	Pseudomonadota - g__Aquipseudomonas	Aquipseudomonas atacamensis	p__Pseudomonadota	g__Aquipseudomonas	6	5	7	6/5/7	27	9	TRUE	NA	TRUE	117	TRUE	NA	NA	TRUE	High quality genome	NA	NA	NA	NA	NA	NA	NA	NA
PAQ89233.barcode86	153020	N	17	95.49	2.93	d__Bacteria;p__Actinomycetota;c__Actinomycetes;o__Streptomycetales;f__Streptomycetaceae;g__Streptomyces;s__Streptomyces zaomyceticus	Actinomycetota - g__Streptomyces	Streptomyces zaomyceticus	p__Actinomycetota	g__Streptomyces	1	0	1	1/0/1	22	484	FALSE	contigs>20;	NA	NA	FALSE	failed_assembly_qc	NA	TRUE	Medium quality genome	NA	NA	NA	NA	NA	NA	NA	NA
PAQ89233.barcode87	16628	N	7	5.39	0	d__Bacteria;p__Bacillota;c__Bacilli;o__Bacillales;f__DSM-1321;g__Peribacillus;s__Peribacillus frigoritolerans	Bacillota - g__Peribacillus	Peribacillus frigoritolerans	p__Bacillota	g__Peribacillus	1	1	1	1/1/1	0	31	FALSE	completeness<90;contigs>20;size<1500000;	NA	NA	FALSE	failed_assembly_qc	NA	TRUE	Low quality genome	NA	NA	NA	NA	NA	NA	NA	NA
PAQ89233.barcode88	60436	N	17	80.57	0.94	d__Bacteria;p__Bacillota;c__Bacilli;o__Bacillales;f__DSM-1321;g__Peribacillus;s__Peribacillus frigoritolerans	Bacillota - g__Peribacillus	Peribacillus frigoritolerans	p__Bacillota	g__Peribacillus	3	2	2	3/2/2	24	346	FALSE	completeness<90;contigs>20;	NA	NA	FALSE	failed_assembly_qc	NA	TRUE	Medium quality genome	NA	NA	NA	NA	NA	NA	NA	NA
PAQ89233.barcode89	18416	N	7	61.91	3.52	d__Bacteria;p__Bacillota;c__Bacilli;o__Bacillales;f__Bacillaceae_H;g__Priestia;s__Priestia megaterium	Bacillota - g__Priestia	Priestia megaterium	p__Bacillota	g__Priestia	1	3	1	1/3/1	22	665	FALSE	completeness<90;contigs>20;	NA	NA	FALSE	failed_assembly_qc	NA	TRUE	Medium quality genome	NA	NA	NA	NA	NA	NA	NA	NA
PAQ89233.barcode90	3040589	N	20	100	0.09	d__Bacteria;p__Actinomycetota;c__Actinomycetes;o__Streptomycetales;f__Streptomycetaceae;g__Streptomyces;s__Streptomyces kutzneri	Actinomycetota - g__Streptomyces	Streptomyces kutzneri	p__Actinomycetota	g__Streptomyces	7	7	7	7/7/7	22	16	TRUE	NA	TRUE	116	TRUE	NA	NA	TRUE	High quality genome	NA	NA	NA	NA	NA	NA	NA	NA
PAQ89233.barcode91	3199038	N	40	100	50.03	d__Bacteria;p__Pseudomonadota;c__Gammaproteobacteria;o__Pseudomonadales;f__Pseudomonadaceae;g__Aquipseudomonas;s__Aquipseudomonas putida_AE	Pseudomonadota - g__Aquipseudomonas	Aquipseudomonas putida_AE	p__Pseudomonadota	g__Aquipseudomonas	10	7	8	10/7/8	28	218	FALSE	contamination>=5;contigs>20;	NA	NA	FALSE	failed_assembly_qc	NA	TRUE	Unannotated genomes	NA	NA	NA	NA	NA	NA	NA	NA
PAQ89233.barcode92	3304135	N	37	100	74.81	d__Bacteria;p__Actinomycetota;c__Actinomycetes;o__Actinomycetales;f__Cellulomonadaceae;g__Oerskovia;s__Oerskovia jenensis	Actinomycetota - g__Oerskovia	Oerskovia jenensis	p__Actinomycetota	g__Oerskovia	12	11	11	12/11/11	26	239	FALSE	contamination>=5;contigs>20;	NA	NA	FALSE	failed_assembly_qc	NA	TRUE	Unannotated genomes	NA	NA	NA	NA	NA	NA	NA	NA
PAQ89233.barcode93	35958	N	11	53.78	0.44	d__Bacteria;p__Bacillota;c__Bacilli;o__Bacillales;f__DSM-1321;g__Peribacillus;s__Peribacillus frigoritolerans	Bacillota - g__Peribacillus	Peribacillus frigoritolerans	p__Bacillota	g__Peribacillus	1	0	1	1/0/1	9	200	FALSE	completeness<90;contigs>20;size<1500000;	NA	NA	FALSE	failed_assembly_qc	NA	TRUE	Medium quality genome	NA	NA	NA	NA	NA	NA	NA	NA
PAQ89233.barcode94	5080652	Y	61	100	0.18	d__Bacteria;p__Pseudomonadota;c__Gammaproteobacteria;o__Enterobacterales;f__Enterobacteriaceae;g__Enterobacter;s__Enterobacter mori	Pseudomonadota - g__Enterobacter	Enterobacter mori	p__Pseudomonadota	g__Enterobacter	9	8	8	9/8/8	27	2	TRUE	NA	TRUE	118	TRUE	NA	NA	TRUE	High quality genome	NA	NA	NA	NA	NA	NA	NA	NA
PAQ89233.barcode95	286184	N	19	99.99	0.4	d__Bacteria;p__Bacillota;c__Bacilli;o__Bacillales;f__DSM-1321;g__Peribacillus;s__Peribacillus simplex_A	Bacillota - g__Peribacillus	Peribacillus simplex_A	p__Bacillota	g__Peribacillus	8	9	9	8/9/9	24	229	FALSE	contigs>20;	NA	NA	FALSE	failed_assembly_qc	NA	TRUE	High quality genome	NA	NA	NA	NA	NA	NA	NA	NA
PAW76169.barcode01	5266362	Y	56	100	0.12	d__Bacteria;p__Bacillota;c__Bacilli;o__Bacillales;f__DSM-1321;g__Peribacillus;s__Peribacillus simplex_A	Bacillota - g__Peribacillus	Peribacillus simplex_A	p__Bacillota	g__Peribacillus	11	11	11	11/11/11	25	3	TRUE	NA	TRUE	113	TRUE	NA	NA	TRUE	High quality genome	HJØR2023-Gr4-AC-5	1	0	0	0	0	1	0
PAW76169.barcode02	6001264	Y	50	100	0.85	d__Bacteria;p__Bacillota;c__Bacilli;o__Paenibacillales;f__Paenibacillaceae;g__Paenibacillus;s__Paenibacillus polymyxa_B	Bacillota - g__Paenibacillus	Paenibacillus polymyxa_B	p__Bacillota	g__Paenibacillus	11	12	12	11/12/12	24	2	TRUE	NA	TRUE	112	TRUE	NA	NA	TRUE	High quality genome	AAGV2022-Gr1-AC-16	0	0	0	0	0	0	0
PAW76169.barcode03	6091462	Y	49	100	0.57	d__Bacteria;p__Bacillota;c__Bacilli;o__Paenibacillales;f__Paenibacillaceae;g__Paenibacillus;s__Paenibacillus polymyxa_B	Bacillota - g__Paenibacillus	Paenibacillus polymyxa_B	p__Bacillota	g__Paenibacillus	12	12	12	12/12/12	25	2	TRUE	NA	TRUE	112	TRUE	NA	NA	TRUE	High quality genome	AAGV2022-Gr1-AC-8	1	1	1	1	1	1	1
PAW76169.barcode04	2638063	N	34	100	0.11	d__Bacteria;p__Actinomycetota;c__Actinomycetes;o__Streptomycetales;f__Streptomycetaceae;g__Streptomyces;s__Streptomyces anulatus	Actinomycetota - g__Streptomyces	Streptomyces anulatus	p__Actinomycetota	g__Streptomyces	6	7	8	6/7/8	23	10	TRUE	NA	TRUE	116	TRUE	NA	NA	TRUE	High quality genome	AAST2022-Gr1-PDA-7	1	0	0	0	0	0	0
PAW76169.barcode05	5401016	Y	56	100	0.06	d__Bacteria;p__Bacillota;c__Bacilli;o__Bacillales;f__DSM-1321;g__Peribacillus;s__Peribacillus simplex_A	Bacillota - g__Peribacillus	Peribacillus simplex_A	p__Bacillota	g__Peribacillus	10	10	10	10/10/10	24	2	TRUE	NA	TRUE	114	TRUE	NA	NA	TRUE	High quality genome	AKAT2020-Gr5-10%NB-22	0	0	1	0	0	0	0
PAW76169.barcode06	5491449	Y	53	100	0.87	d__Bacteria;p__Bacillota;c__Bacilli;o__Bacillales;f__DSM-1321;g__Peribacillus;s__Peribacillus frigoritolerans	Bacillota - g__Peribacillus	Peribacillus frigoritolerans	p__Bacillota	g__Peribacillus	14	14	14	14/14/14	25	1	TRUE	NA	TRUE	112	TRUE	NA	NA	TRUE	High quality genome	BJE2020-Gr1-10%NB-6	1	0	1	0	0	0	0
PAW76169.barcode07	4637050	Y	65	100	0.03	d__Bacteria;p__Pseudomonadota;c__Gammaproteobacteria;o__Xanthomonadales;f__Rhodanobacteraceae;g__Luteibacter;s__	Pseudomonadota - g__Luteibacter	Luteibacter sp.	p__Pseudomonadota	g__Luteibacter	2	2	2	2/2/2	26	1	TRUE	NA	TRUE	118	TRUE	NA	NA	TRUE	High quality genome	CELF2021-Gr3-10%NB-13	0	0	1	0	0	0	0
PAW76169.barcode08	4811964	N	43	100	5.81	d__Bacteria;p__Bacillota;c__Bacilli;o__Bacillales;f__DSM-1321;g__Peribacillus;s__Peribacillus butanolivorans	Bacillota - g__Peribacillus	Peribacillus butanolivorans	p__Bacillota	g__Peribacillus	12	10	12	12/10/12	26	7	FALSE	contamination>=5;	NA	NA	FALSE	failed_assembly_qc	NA	TRUE	Medium quality genome	DRON2023-Gr6-LB-9	1	0	1	1	1	0	1
PAW76169.barcode09	2699925	Y	116	100	0.15	d__Bacteria;p__Bacillota;c__Bacilli;o__Staphylococcales;f__Staphylococcaceae;g__Staphylococcus;s__Staphylococcus aureus	Bacillota - g__Staphylococcus	Staphylococcus aureus	p__Bacillota	g__Staphylococcus	5	5	5	5/5/5	24	1	TRUE	NA	TRUE	118	TRUE	NA	NA	TRUE	High quality genome	EGAA2023-Gr10-AC-16	1	0	1	0	1	1	1
PAW76169.barcode10	502494	N	21	100	82.45	d__Bacteria;p__Bacillota;c__Bacilli;o__Bacillales;f__Bacillaceae_G;g__Bacillus_A;s__Bacillus_A mycoides	Bacillota - g__Bacillus_A	Bacillus_A mycoides	p__Bacillota	g__Bacillus_A	15	12	10	15/12/10	28	539	FALSE	contamination>=5;contigs>20;	NA	NA	FALSE	failed_assembly_qc	NA	TRUE	Unannotated genomes	EGAA2023-Gr10-AC-18	1	0	1	0	1	1	1
PAW76169.barcode11	589663	N	79	100	2.09	d__Bacteria;p__Bacillota;c__Bacilli;o__Bacillales;f__Bacillaceae_G;g__Bacillus_A;s__Bacillus_A mycoides	Bacillota - g__Bacillus_A	Bacillus_A mycoides	p__Bacillota	g__Bacillus_A	4	12	12	4/12/12	24	74	FALSE	contigs>20;	NA	NA	FALSE	failed_assembly_qc	NA	TRUE	High quality genome	EGAA2023-Gr2-AC-8	1	0	0	0	0	1	1
PAW76169.barcode12	5202657	N	49	100	0.07	d__Bacteria;p__Bacillota;c__Bacilli;o__Bacillales;f__Bacillaceae_G;g__Bacillus_A;s__Bacillus_A mycoides	Bacillota - g__Bacillus_A	Bacillus_A mycoides	p__Bacillota	g__Bacillus_A	14	11	13	14/11/13	24	6	TRUE	NA	TRUE	109	TRUE	NA	NA	TRUE	High quality genome	EGAAG2023-Gr6-BHI-2	1	0	1	0	0	0	1
PAW76169.barcode13	54346	N	11	74.19	0.41	d__Bacteria;p__Actinomycetota;c__Actinomycetes;o__Streptomycetales;f__Streptomycetaceae;g__Streptomyces;s__Streptomyces violascens	Actinomycetota - g__Streptomyces	Streptomyces violascens	p__Actinomycetota	g__Streptomyces	4	3	3	4/3/3	23	753	FALSE	completeness<90;contigs>20;	NA	NA	FALSE	failed_assembly_qc	NA	TRUE	Medium quality genome	FJER2023-Gr1-AC-23	1	0	1	0	0	0	1
PAW76169.barcode14	5514326	Y	54	100	0.31	d__Bacteria;p__Bacillota;c__Bacilli;o__Bacillales;f__DSM-1321;g__Peribacillus;s__Peribacillus frigoritolerans	Bacillota - g__Peribacillus	Peribacillus frigoritolerans	p__Bacillota	g__Peribacillus	13	14	14	13/14/14	26	1	TRUE	NA	TRUE	113	TRUE	NA	NA	TRUE	High quality genome	FJER2023-Gr2-LB-1	1	0	0	0	1	1	0
PAW76169.barcode15	6509392	Y	46	100	0.15	d__Bacteria;p__Pseudomonadota;c__Gammaproteobacteria;o__Pseudomonadales;f__Pseudomonadaceae;g__Aquipseudomonas;s__Aquipseudomonas neuropathica	Pseudomonadota - g__Aquipseudomonas	Aquipseudomonas neuropathica	p__Pseudomonadota	g__Aquipseudomonas	7	6	6	7/6/6	26	1	TRUE	NA	TRUE	118	TRUE	NA	NA	TRUE	High quality genome	FJER2023-Gr6-ISP2-14	1	0	0	0	1	1	0
PAW76169.barcode16	2360238	N	32	100	0.12	d__Bacteria;p__Bacillota;c__Bacilli;o__Bacillales;f__Bacillaceae_G;g__Bacillus_A;s__Bacillus_A mycoides	Bacillota - g__Bacillus_A	Bacillus_A mycoides	p__Bacillota	g__Bacillus_A	13	11	13	13/11/13	25	11	TRUE	NA	TRUE	108	TRUE	NA	NA	TRUE	High quality genome	FJER2023-Gr7-AC-18	0	0	0	0	0	0	1
PAW76169.barcode18	2940267	N	55	100	0.51	d__Bacteria;p__Bacillota;c__Bacilli;o__Bacillales;f__DSM-1321;g__Peribacillus;s__Peribacillus frigoritolerans	Bacillota - g__Peribacillus	Peribacillus frigoritolerans	p__Bacillota	g__Peribacillus	15	14	14	15/14/14	25	11	TRUE	NA	TRUE	112	TRUE	NA	NA	TRUE	High quality genome	HASS2023-Gr6-ISP2-14	1	0	1	0	0	0	0
PAW76169.barcode20	2909789	N	59	100	2.05	d__Bacteria;p__Actinomycetota;c__Actinomycetes;o__Actinomycetales;f__Micrococcaceae;g__Arthrobacter;s__	Actinomycetota - g__Arthrobacter	Arthrobacter sp.	p__Actinomycetota	g__Arthrobacter	4	5	5	4/5/5	24	5	TRUE	NA	TRUE	117	TRUE	NA	NA	TRUE	High quality genome	HJØR2023-Gr2-BHI-1	1	1	0	1	1	1	1
PAW76169.barcode21	5312466	N	49	100	0.25	d__Bacteria;p__Bacillota;c__Bacilli;o__Bacillales;f__DSM-1321;g__Peribacillus;s__	Bacillota - g__Peribacillus	Peribacillus sp.	p__Bacillota	g__Peribacillus	13	12	13	13/12/13	26	4	TRUE	NA	TRUE	113	TRUE	NA	NA	TRUE	High quality genome	HJØR2023-Gr7-AC-2	0	0	0	0	0	1	1
PAW76169.barcode23	6248987	Y	48	100	0.15	d__Bacteria;p__Pseudomonadota;c__Gammaproteobacteria;o__Pseudomonadales;f__Pseudomonadaceae;g__Aquipseudomonas;s__Aquipseudomonas lactucae	Pseudomonadota - g__Aquipseudomonas	Aquipseudomonas lactucae	p__Pseudomonadota	g__Aquipseudomonas	7	6	6	7/6/6	25	1	TRUE	NA	TRUE	116	TRUE	NA	NA	TRUE	High quality genome	HJØR2023-Gr7-PDA-13	1	0	1	1	1	1	1
PAW76169.barcode24	6248986	Y	48	100	0.15	d__Bacteria;p__Pseudomonadota;c__Gammaproteobacteria;o__Pseudomonadales;f__Pseudomonadaceae;g__Aquipseudomonas;s__Aquipseudomonas lactucae	Pseudomonadota - g__Aquipseudomonas	Aquipseudomonas lactucae	p__Pseudomonadota	g__Aquipseudomonas	7	6	6	7/6/6	25	1	TRUE	NA	TRUE	116	TRUE	NA	NA	TRUE	High quality genome	HJØR2023-Gr7-PDA-6	1	0	1	1	1	1	1
PAW76169.barcode25	3019164	N	48	100	0.15	d__Bacteria;p__Pseudomonadota;c__Gammaproteobacteria;o__Pseudomonadales;f__Pseudomonadaceae;g__Aquipseudomonas;s__Aquipseudomonas lactucae	Pseudomonadota - g__Aquipseudomonas	Aquipseudomonas lactucae	p__Pseudomonadota	g__Aquipseudomonas	7	6	6	7/6/6	25	3	TRUE	NA	TRUE	116	TRUE	NA	NA	TRUE	High quality genome	HJØR2023-Gr7-PDA-8	1	0	1	1	1	1	1
PAW76169.barcode26	6248987	Y	48	100	0.15	d__Bacteria;p__Pseudomonadota;c__Gammaproteobacteria;o__Pseudomonadales;f__Pseudomonadaceae;g__Aquipseudomonas;s__Aquipseudomonas lactucae	Pseudomonadota - g__Aquipseudomonas	Aquipseudomonas lactucae	p__Pseudomonadota	g__Aquipseudomonas	7	6	6	7/6/6	25	1	TRUE	NA	TRUE	116	TRUE	NA	NA	TRUE	High quality genome	HJØR2023-Gr7-PDA-9	1	0	1	1	1	1	1
PAW76169.barcode27	5338712	Y	39	100	0.72	d__Bacteria;p__Pseudomonadota;c__Gammaproteobacteria;o__Enterobacterales;f__Enterobacteriaceae;g__Serratia;s__Serratia sp017832355	Pseudomonadota - g__Serratia	Serratia sp017832355	p__Pseudomonadota	g__Serratia	8	7	7	8/7/7	26	10	TRUE	NA	TRUE	119	TRUE	NA	NA	TRUE	High quality genome	HJØREUC2023-Gr1-PDA-6	0	0	0	0	1	0	1
PAW76169.barcode28	5143515	N	47	100	0.55	d__Bacteria;p__Bacillota;c__Bacilli;o__Bacillales;f__Bacillaceae_G;g__Bacillus_A;s__Bacillus_A mycoides	Bacillota - g__Bacillus_A	Bacillus_A mycoides	p__Bacillota	g__Bacillus_A	13	11	13	13/11/13	24	7	TRUE	NA	TRUE	110	TRUE	NA	NA	TRUE	High quality genome	HJØREUC2023-Gr2-AC-1	0	0	0	0	0	0	0
PAW76169.barcode29	5513324	Y	40	100	2.64	d__Bacteria;p__Bacillota;c__Bacilli;o__Bacillales;f__DSM-1321;g__Peribacillus;s__Peribacillus butanolivorans	Bacillota - g__Peribacillus	Peribacillus butanolivorans	p__Bacillota	g__Peribacillus	13	13	13	13/13/13	26	3	TRUE	NA	TRUE	113	TRUE	NA	NA	TRUE	High quality genome	HJØREUC2023-Gr2-AC-4	1	0	0	0	0	1	0
PAW76169.barcode30	3911018	N	42	100	0.37	d__Bacteria;p__Bacillota;c__Bacilli;o__Bacillales;f__Bacillaceae_G;g__Bacillus_A;s__Bacillus_A mycoides	Bacillota - g__Bacillus_A	Bacillus_A mycoides	p__Bacillota	g__Bacillus_A	12	10	12	12/10/12	24	8	TRUE	NA	TRUE	110	TRUE	NA	NA	TRUE	High quality genome	HJØREUC2023-Gr4-LB-15	1	0	0	1	1	0	1
PAW76169.barcode31	4820950	N	47	100	0.02	d__Bacteria;p__Bacillota;c__Bacilli;o__Bacillales;f__Bacillaceae_G;g__Bacillus_A;s__Bacillus_A mycoides	Bacillota - g__Bacillus_A	Bacillus_A mycoides	p__Bacillota	g__Bacillus_A	12	10	11	12/10/11	24	10	TRUE	NA	TRUE	109	TRUE	NA	NA	TRUE	High quality genome	HJØRSTX2023-Gr1-AC-20	1	0	0	0	1	0	0
PAW76169.barcode32	9014993	N	30	100	0.23	d__Bacteria;p__Actinomycetota;c__Actinomycetes;o__Streptomycetales;f__Streptomycetaceae;g__Streptomyces;s__Streptomyces sp026342835	Actinomycetota - g__Streptomyces	Streptomyces sp026342835	p__Actinomycetota	g__Streptomyces	6	6	6	6/6/6	25	5	TRUE	NA	TRUE	112	TRUE	NA	NA	TRUE	High quality genome	MAR2020-JAR-AC-4	0	0	0	0	0	0	0
PAW76169.barcode33	2501733	N	36	100	0.32	d__Bacteria;p__Actinomycetota;c__Actinomycetes;o__Streptomycetales;f__Streptomycetaceae;g__Streptomyces;s__Streptomyces anulatus	Actinomycetota - g__Streptomyces	Streptomyces anulatus	p__Actinomycetota	g__Streptomyces	6	5	6	6/5/6	24	6	TRUE	NA	TRUE	116	TRUE	NA	NA	TRUE	High quality genome	MAR2020-SAED-10%NB-22	1	0	1	1	0	0	1
PAW76169.barcode34	7202722	Y	42	100	0	d__Bacteria;p__Bacillota;c__Bacilli;o__Paenibacillales;f__Paenibacillaceae;g__Paenibacillus;s__Paenibacillus amylolyticus	Bacillota - g__Paenibacillus	Paenibacillus amylolyticus	p__Bacillota	g__Paenibacillus	12	12	12	12/12/12	25	1	TRUE	NA	TRUE	113	TRUE	NA	NA	TRUE	High quality genome	MARS2023-Gr5-LB-16	0	0	1	1	0	1	1
PAW76169.barcode35	2792799	N	50	100	3.07	d__Bacteria;p__Bacillota;c__Bacilli;o__Bacillales;f__DSM-1321;g__Peribacillus;s__Peribacillus butanolivorans	Bacillota - g__Peribacillus	Peribacillus butanolivorans	p__Bacillota	g__Peribacillus	11	11	11	11/11/11	26	14	TRUE	NA	TRUE	114	TRUE	NA	NA	TRUE	High quality genome	MARSAnne2022-Gr2-LB-17	1	0	0	0	0	0	1
PAW76169.barcode36	4090326	N	33	99.99	0.34	d__Bacteria;p__Actinomycetota;c__Actinomycetes;o__Streptomycetales;f__Streptomycetaceae;g__Streptomyces;s__	Actinomycetota - g__Streptomyces	Streptomyces sp.	p__Actinomycetota	g__Streptomyces	6	5	6	6/5/6	24	6	TRUE	NA	TRUE	115	TRUE	NA	NA	TRUE	High quality genome	MIDD2022-Gr17-AC-5	1	0	1	0	0	0	0
PAW76169.barcode37	9205410	N	29	100	0.21	d__Bacteria;p__Actinomycetota;c__Actinomycetes;o__Streptomycetales;f__Streptomycetaceae;g__Streptomyces;s__Streptomyces sp026340595	Actinomycetota - g__Streptomyces	Streptomyces sp026340595	p__Actinomycetota	g__Streptomyces	6	6	6	6/6/6	24	3	TRUE	NA	TRUE	116	TRUE	NA	NA	TRUE	High quality genome	MUNK2022-Gr13-10%NB-16	1	0	1	0	0	0	1
PAW76169.barcode38	2055329	N	71	100	0	d__Bacteria;p__Bacillota;c__Bacilli;o__Bacillales;f__Bacillaceae;g__Bacillus;s__Bacillus velezensis	Bacillota - g__Bacillus	Bacillus velezensis	p__Bacillota	g__Bacillus	7	7	7	7/7/7	26	8	TRUE	NA	TRUE	116	TRUE	NA	NA	TRUE	High quality genome	PAD2023-Gr2-AC-2	0	0	0	0	0	0	0
PAW76169.barcode39	4550776	N	44	100	0.44	d__Bacteria;p__Bacillota;c__Bacilli;o__Bacillales;f__Bacillaceae_G;g__Bacillus_A;s__Bacillus_A mycoides	Bacillota - g__Bacillus_A	Bacillus_A mycoides	p__Bacillota	g__Bacillus_A	11	13	11	11/13/11	24	8	TRUE	NA	TRUE	110	TRUE	NA	NA	TRUE	High quality genome	PADE2023-Gr1-AC-7	1	0	0	0	0	0	0
PAW76169.barcode41	8708692	N	34	100	0	d__Bacteria;p__Actinomycetota;c__Actinomycetes;o__Streptomycetales;f__Streptomycetaceae;g__Streptomyces;s__Streptomyces sp042268445	Actinomycetota - g__Streptomyces	Streptomyces sp042268445	p__Actinomycetota	g__Streptomyces	7	7	7	7/7/7	23	2	TRUE	NA	TRUE	117	TRUE	NA	NA	TRUE	High quality genome	PADE2023-Gr3-AC-14	1	0	1	0	0	0	1
PAW76169.barcode42	5272117	Y	57	100	0.5	d__Bacteria;p__Bacillota;c__Bacilli;o__Bacillales_A;f__Planococcaceae;g__Lysinibacillus;s__Lysinibacillus sp050272295	Bacillota - g__Lysinibacillus	Lysinibacillus sp050272295	p__Bacillota	g__Lysinibacillus	14	13	13	14/13/13	24	3	TRUE	NA	TRUE	114	TRUE	NA	NA	TRUE	High quality genome	PADE2023-Gr3-AC-17	0	0	0	0	0	0	0
PAW76169.barcode44	5454689	Y	55	100	0.14	d__Bacteria;p__Pseudomonadota;c__Gammaproteobacteria;o__Enterobacterales;f__Enterobacteriaceae;g__Serratia;s__Serratia plymuthica	Pseudomonadota - g__Serratia	Serratia plymuthica	p__Pseudomonadota	g__Serratia	8	7	7	8/7/7	27	1	TRUE	NA	TRUE	118	TRUE	NA	NA	TRUE	High quality genome	PADE2023-Gr4-PDA-2	1	0	1	0	1	1	1
PAW76169.barcode45	5454687	Y	56	100	0.14	d__Bacteria;p__Pseudomonadota;c__Gammaproteobacteria;o__Enterobacterales;f__Enterobacteriaceae;g__Serratia;s__Serratia plymuthica	Pseudomonadota - g__Serratia	Serratia plymuthica	p__Pseudomonadota	g__Serratia	8	7	7	8/7/7	27	1	TRUE	NA	TRUE	118	TRUE	NA	NA	TRUE	High quality genome	PADE2023-Gr4-PDA-3	1	0	0	0	1	0	0
PAW76169.barcode47	5345404	Y	57	100	0.13	d__Bacteria;p__Bacillota;c__Bacilli;o__Bacillales;f__DSM-1321;g__Peribacillus;s__Peribacillus simplex_A	Bacillota - g__Peribacillus	Peribacillus simplex_A	p__Bacillota	g__Peribacillus	11	11	11	11/11/11	25	4	TRUE	NA	TRUE	113	TRUE	NA	NA	TRUE	High quality genome	SILK2023-Gr2-BHI-5	1	0	1	1	0	1	0
PAW76169.barcode48	1507590	N	29	100	0.72	d__Bacteria;p__Bacillota;c__Bacilli;o__Paenibacillales;f__Paenibacillaceae;g__Paenibacillus;s__Paenibacillus polymyxa_B	Bacillota - g__Paenibacillus	Paenibacillus polymyxa_B	p__Bacillota	g__Paenibacillus	9	12	9	9/12/9	25	13	TRUE	NA	TRUE	112	TRUE	NA	NA	TRUE	High quality genome	SILK2023-Gr3-AC-6	1	1	1	1	1	1	1
PAW76169.barcode49	6935965	Y	43	100	1.55	d__Bacteria;p__Pseudomonadota;c__Gammaproteobacteria;o__Pseudomonadales;f__Pseudomonadaceae;g__Aquipseudomonas;s__Aquipseudomonas sp002874965	Pseudomonadota - g__Aquipseudomonas	Aquipseudomonas sp002874965	p__Pseudomonadota	g__Aquipseudomonas	6	5	5	6/5/5	24	1	TRUE	NA	TRUE	116	TRUE	NA	NA	TRUE	High quality genome	SKAN2023-Gr3-BHI-9	1	1	1	0	1	1	1
PAW76169.barcode50	2840866	N	74	100	0.01	d__Bacteria;p__Bacillota;c__Bacilli;o__Bacillales;f__Bacillaceae;g__Bacillus;s__Bacillus velezensis	Bacillota - g__Bacillus	Bacillus velezensis	p__Bacillota	g__Bacillus	9	6	9	9/6/9	26	4	TRUE	NA	TRUE	116	TRUE	NA	NA	TRUE	High quality genome	SKAND3z2021-Gr3-10%NB-16	1	0	1	0	0	0	1
PAW76169.barcode51	5402236	Y	56	100	0.16	d__Bacteria;p__Pseudomonadota;c__Gammaproteobacteria;o__Enterobacterales;f__Enterobacteriaceae;g__Serratia;s__Serratia plymuthica	Pseudomonadota - g__Serratia	Serratia plymuthica	p__Pseudomonadota	g__Serratia	8	7	7	8/7/7	27	1	TRUE	NA	TRUE	118	TRUE	NA	NA	TRUE	High quality genome	STG2023-Gr1-ISP2-18	1	1	1	1	0	1	1
PAW76169.barcode52	6495019	Y	46	100	0.01	d__Bacteria;p__Pseudomonadota;c__Gammaproteobacteria;o__Pseudomonadales;f__Pseudomonadaceae;g__Aquipseudomonas;s__Aquipseudomonas petroselini	Pseudomonadota - g__Aquipseudomonas	Aquipseudomonas petroselini	p__Pseudomonadota	g__Aquipseudomonas	6	5	5	6/5/5	24	1	TRUE	NA	TRUE	118	TRUE	NA	NA	TRUE	High quality genome	VHG2023-Gr11-AC-7	1	0	1	0	1	1	0
PAW76169.barcode53	5485280	N	43	100	2.89	d__Bacteria;p__Bacillota;c__Bacilli;o__Bacillales;f__Bacillaceae_G;g__Bacillus_A;s__Bacillus_A mycoides	Bacillota - g__Bacillus_A	Bacillus_A mycoides	p__Bacillota	g__Bacillus_A	13	12	13	13/12/13	24	7	TRUE	NA	TRUE	108	TRUE	NA	NA	TRUE	High quality genome	VHG2023-Gr2-AC-2	0	0	0	0	0	0	0
PAW76169.barcode54	4981571	N	42	100	6.14	d__Bacteria;p__Bacillota;c__Bacilli;o__Bacillales;f__DSM-1321;g__Peribacillus;s__Peribacillus butanolivorans	Bacillota - g__Peribacillus	Peribacillus butanolivorans	p__Bacillota	g__Peribacillus	8	11	9	8/11/9	26	8	FALSE	contamination>=5;	NA	NA	FALSE	failed_assembly_qc	NA	TRUE	Medium quality genome	VHG2023-Gr2-ISP2-17	1	0	1	0	0	0	0
PAW76169.barcode55	5254186	Y	51	100	0.35	d__Bacteria;p__Bacillota;c__Bacilli;o__Bacillales;f__Bacillaceae_G;g__Bacillus_A;s__Bacillus_A mycoides	Bacillota - g__Bacillus_A	Bacillus_A mycoides	p__Bacillota	g__Bacillus_A	14	14	14	14/14/14	24	6	TRUE	NA	TRUE	110	TRUE	NA	NA	TRUE	High quality genome	VHG2023-Gr4-BHI-4	1	0	1	1	0	1	1
PAW76169.barcode56	5164855	Y	57	100	0.03	d__Bacteria;p__Bacillota;c__Bacilli;o__Bacillales_A;f__Planococcaceae;g__Lysinibacillus;s__Lysinibacillus sp050272295	Bacillota - g__Lysinibacillus	Lysinibacillus sp050272295	p__Bacillota	g__Lysinibacillus	13	12	12	13/12/12	24	2	TRUE	NA	TRUE	115	TRUE	NA	NA	TRUE	High quality genome	VHG2023-Gr5-BHI-13	0	0	0	0	1	1	0
PAW76169.barcode57	5455885	Y	46	100	0.06	d__Bacteria;p__Bacillota;c__Bacilli;o__Bacillales;f__DSM-1321;g__Peribacillus;s__	Bacillota - g__Peribacillus	Peribacillus sp.	p__Bacillota	g__Peribacillus	13	13	13	13/13/13	25	3	TRUE	NA	TRUE	113	TRUE	NA	NA	TRUE	High quality genome	VHG2023-Gr6-AC-1	1	0	1	0	0	1	1
PAW76169.barcode58	4410340	Y	68	100	0.24	d__Bacteria;p__Bacillota;c__Bacilli;o__Bacillales_A;f__Planococcaceae;g__Psychrobacillus;s__	Bacillota - g__Psychrobacillus	Psychrobacillus sp.	p__Bacillota	g__Psychrobacillus	11	11	11	11/11/11	25	1	TRUE	NA	TRUE	112	TRUE	NA	NA	TRUE	High quality genome	VHG2023-Gr6-AC-4	0	0	0	0	0	0	0
PAW76169.barcode59	9306924	N	32	99.91	0.76	d__Bacteria;p__Actinomycetota;c__Actinomycetes;o__Streptomycetales;f__Streptomycetaceae;g__Kitasatospora;s__Kitasatospora sp045160805	Actinomycetota - g__Kitasatospora	Kitasatospora sp045160805	p__Actinomycetota	g__Kitasatospora	11	11	11	11/11/11	24	3	TRUE	NA	TRUE	114	TRUE	NA	NA	TRUE	High quality genome	VIBO2023-Gr11-AC-7	0	0	1	0	0	0	1
PAW76169.barcode60	3733108	N	34	100	0.23	d__Bacteria;p__Actinomycetota;c__Actinomycetes;o__Streptomycetales;f__Streptomycetaceae;g__Streptomyces;s__Streptomyces caniferus	Actinomycetota - g__Streptomyces	Streptomyces caniferus	p__Actinomycetota	g__Streptomyces	7	10	8	7/10/8	24	10	TRUE	NA	TRUE	114	TRUE	NA	NA	TRUE	High quality genome	VIBO2023-Gr3-AC-20	1	0	1	0	0	0	1
PAW76169.barcode61	6592203	Y	46	100	0.83	d__Bacteria;p__Pseudomonadota;c__Gammaproteobacteria;o__Pseudomonadales;f__Pseudomonadaceae;g__Aquipseudomonas;s__Aquipseudomonas sp009764265	Pseudomonadota - g__Aquipseudomonas	Aquipseudomonas sp009764265	p__Pseudomonadota	g__Aquipseudomonas	8	7	7	8/7/7	25	1	TRUE	NA	TRUE	117	TRUE	NA	NA	TRUE	High quality genome	AAST2022-Gr1-BHI-8	0	0	0	0	0	1	0
PAW76169.barcode62	5834487	Y	52	100	0.09	d__Bacteria;p__Pseudomonadota;c__Gammaproteobacteria;o__Enterobacterales;f__Enterobacteriaceae;g__Chania;s__Chania fonticola	Pseudomonadota - g__Chania	Chania fonticola	p__Pseudomonadota	g__Chania	8	7	7	8/7/7	26	1	TRUE	NA	TRUE	119	TRUE	NA	NA	TRUE	High quality genome	AGS-10-04-24-Gr18-AC-10	0	0	0	0	0	0	0
PAW76169.barcode63	4685209	N	27	100	2.01	d__Bacteria;p__Actinomycetota;c__Actinomycetes;o__Streptomycetales;f__Streptomycetaceae;g__Streptomyces;s__Streptomyces phaeochromogenes	Actinomycetota - g__Streptomyces	Streptomyces phaeochromogenes	p__Actinomycetota	g__Streptomyces	6	6	6	6/6/6	23	6	TRUE	NA	TRUE	113	TRUE	NA	NA	TRUE	High quality genome	ALSS2023-Gr11-PDA-11	1	0	1	0	0	1	1
PAW76169.barcode64	5314376	N	27	100	0.13	d__Bacteria;p__Actinomycetota;c__Actinomycetes;o__Streptomycetales;f__Streptomycetaceae;g__Streptomyces;s__Streptomyces sp016893485	Actinomycetota - g__Streptomyces	Streptomyces sp016893485	p__Actinomycetota	g__Streptomyces	6	6	6	6/6/6	25	4	TRUE	NA	TRUE	114	TRUE	NA	NA	TRUE	High quality genome	ALSS2023-Gr11-PDA-15	0	0	1	0	0	1	1
PAW76169.barcode65	3624479	Y	69	100	78.51	d__Bacteria;p__Pseudomonadota;c__Gammaproteobacteria;o__Pseudomonadales;f__Pseudomonadaceae;g__Aquipseudomonas;s__Aquipseudomonas sp009764265	Pseudomonadota - g__Aquipseudomonas	Aquipseudomonas sp009764265	p__Pseudomonadota	g__Aquipseudomonas	11	10	10	11/10/10	27	12	FALSE	contamination>=5;	NA	NA	FALSE	failed_assembly_qc	NA	TRUE	Unannotated genomes	FAV-31-01-2024-GR4-ISP2-9	0	0	0	0	0	0	1
PAW76169.barcode66	8788519	N	34	100	0.05	d__Bacteria;p__Actinomycetota;c__Actinomycetes;o__Streptomycetales;f__Streptomycetaceae;g__Streptomyces;s__Streptomyces sp042268445	Actinomycetota - g__Streptomyces	Streptomyces sp042268445	p__Actinomycetota	g__Streptomyces	7	7	7	7/7/7	23	2	TRUE	NA	TRUE	116	TRUE	NA	NA	TRUE	High quality genome	GLHE2023-Gr5-BHI-3	1	0	1	0	0	1	1
PAW76169.barcode67	4058327	Y	76	100	0.02	d__Bacteria;p__Bacillota;c__Bacilli;o__Bacillales;f__Bacillaceae;g__Bacillus;s__Bacillus subtilis	Bacillota - g__Bacillus	Bacillus subtilis	p__Bacillota	g__Bacillus	10	10	10	10/10/10	24	1	TRUE	NA	TRUE	116	TRUE	NA	NA	TRUE	High quality genome	HJØ-13-03-24-Gr2-AC-14	0	0	1	0	0	0	0
PAW76169.barcode68	5529520	Y	55	100	0.18	d__Bacteria;p__Pseudomonadota;c__Gammaproteobacteria;o__Pseudomonadales;f__Pseudomonadaceae;g__Aquipseudomonas;s__Aquipseudomonas palmensis	Pseudomonadota - g__Aquipseudomonas	Aquipseudomonas palmensis	p__Pseudomonadota	g__Aquipseudomonas	7	6	6	7/6/6	27	1	TRUE	NA	TRUE	118	TRUE	NA	NA	TRUE	High quality genome	HJØ-13-03-24-Gr7-AC-5	0	1	1	1	1	0	1
PAW76169.barcode69	8649819	N	34	100	0.42	d__Bacteria;p__Actinomycetota;c__Actinomycetes;o__Streptomycetales;f__Streptomycetaceae;g__Streptomyces;s__Streptomyces sp036240795	Actinomycetota - g__Streptomyces	Streptomyces sp036240795	p__Actinomycetota	g__Streptomyces	7	7	7	7/7/7	25	3	TRUE	NA	TRUE	117	TRUE	NA	NA	TRUE	High quality genome	HJØR2022-Gr11-ISP2-8	1	0	0	0	0	0	0
PAW76169.barcode70	4262698	N	44	100	0.12	d__Bacteria;p__Bacillota;c__Bacilli;o__Bacillales;f__Bacillaceae_G;g__Bacillus_A;s__Bacillus_A cereus_U	Bacillota - g__Bacillus_A	Bacillus_A cereus_U	p__Bacillota	g__Bacillus_A	13	10	12	13/10/12	24	10	TRUE	NA	TRUE	109	TRUE	NA	NA	TRUE	High quality genome	HJØR2022-Gr5-AC-6	0	0	0	0	0	0	0
PAW76169.barcode71	2759155	N	47	100	0.21	d__Bacteria;p__Actinomycetota;c__Actinomycetes;o__Streptomycetales;f__Streptomycetaceae;g__Streptomyces;s__Streptomyces diastaticus	Actinomycetota - g__Streptomyces	Streptomyces diastaticus	p__Actinomycetota	g__Streptomyces	7	7	7	7/7/7	22	5	TRUE	NA	TRUE	118	TRUE	NA	NA	TRUE	High quality genome	HJØREUC2023-Gr1-PDA-2	0	0	0	0	0	0	1
PAW76169.barcode72	6902068	N	33	100	3.95	d__Bacteria;p__Actinomycetota;c__Actinomycetes;o__Streptomycetales;f__Streptomycetaceae;g__Kitasatospora;s__Kitasatospora purpeofusca_A	Actinomycetota - g__Kitasatospora	Kitasatospora purpeofusca_A	p__Actinomycetota	g__Kitasatospora	10	11	10	10/11/10	22	5	TRUE	NA	TRUE	112	TRUE	NA	NA	TRUE	High quality genome	MAR2020-CLARA-ISP2-2	1	0	1	0	0	0	1
PAW76169.barcode73	8076101	N	18	99.99	1.44	d__Bacteria;p__Actinomycetota;c__Actinomycetes;o__Streptomycetales;f__Streptomycetaceae;g__Streptomyces;s__	Actinomycetota - g__Streptomyces	Streptomyces sp.	p__Actinomycetota	g__Streptomyces	7	7	7	7/7/7	23	3	TRUE	NA	TRUE	117	TRUE	NA	NA	TRUE	High quality genome	MAR2020-SAED-ISP2-23	1	0	1	0	0	0	0
PAW76169.barcode74	5507397	N	52	100	0.24	d__Bacteria;p__Bacillota;c__Bacilli;o__Paenibacillales;f__Paenibacillaceae;g__Paenibacillus;s__Paenibacillus polymyxa_D	Bacillota - g__Paenibacillus	Paenibacillus polymyxa_D	p__Bacillota	g__Paenibacillus	14	14	14	14/14/14	26	3	TRUE	NA	TRUE	113	TRUE	NA	NA	TRUE	High quality genome	ODS-13-03-24-Gr15-AC-5	1	1	1	1	1	1	1
PAW76169.barcode75	9010488	N	28	100	0.44	d__Bacteria;p__Actinomycetota;c__Actinomycetes;o__Streptomycetales;f__Streptomycetaceae;g__Streptomyces;s__Streptomyces sp002078175	Actinomycetota - g__Streptomyces	Streptomyces sp002078175	p__Actinomycetota	g__Streptomyces	6	6	6	6/6/6	24	7	TRUE	NA	TRUE	111	TRUE	NA	NA	TRUE	High quality genome	SIL-12-03-24-Gr11-ISP2-13	0	0	0	0	0	0	0
PAW76169.barcode76	1483258	N	60	100	0.43	d__Bacteria;p__Bacillota;c__Bacilli;o__Lactobacillales;f__Enterococcaceae;g__Enterococcus;s__Enterococcus faecalis	Bacillota - g__Enterococcus	Enterococcus faecalis	p__Bacillota	g__Enterococcus	4	4	5	4/4/5	24	7	TRUE	NA	TRUE	117	TRUE	NA	NA	TRUE	High quality genome	SIL-12-03-24-Gr7-AC-2	1	1	1	1	1	1	1
PAW76169.barcode77	3296759	N	36	100	0.8	d__Bacteria;p__Actinomycetota;c__Actinomycetes;o__Streptomycetales;f__Streptomycetaceae;g__Streptomyces;s__Streptomyces sp042791735	Actinomycetota - g__Streptomyces	Streptomyces sp042791735	p__Actinomycetota	g__Streptomyces	8	8	10	8/8/10	25	4	TRUE	NA	TRUE	113	TRUE	NA	NA	TRUE	High quality genome	SIL-12-03-24-Gr7-AC-3	1	0	1	0	0	0	1
PAW76169.barcode78	2839074	Y	64	100	0.43	d__Bacteria;p__Bacillota;c__Bacilli;o__Lactobacillales;f__Enterococcaceae;g__Enterococcus;s__Enterococcus faecalis	Bacillota - g__Enterococcus	Enterococcus faecalis	p__Bacillota	g__Enterococcus	4	4	4	4/4/4	24	4	TRUE	NA	TRUE	117	TRUE	NA	NA	TRUE	High quality genome	SIL-12-03-24-Gr7-AC-5	1	1	1	1	1	1	1
PAW76169.barcode79	5227456	Y	51	100	0.34	d__Bacteria;p__Bacillota;c__Bacilli;o__Bacillales;f__Bacillaceae_G;g__Bacillus_A;s__Bacillus_A mycoides	Bacillota - g__Bacillus_A	Bacillus_A mycoides	p__Bacillota	g__Bacillus_A	14	14	14	14/14/14	24	4	TRUE	NA	TRUE	110	TRUE	NA	NA	TRUE	High quality genome	SIL-12-03-24-Gr8-AC-15	1	0	1	0	0	1	0
PAW76169.barcode80	137681	N	19	100	1.43	d__Bacteria;p__Actinomycetota;c__Actinomycetes;o__Streptomycetales;f__Streptomycetaceae;g__Streptomyces;s__Streptomyces sp026340595	Actinomycetota - g__Streptomyces	Streptomyces sp026340595	p__Actinomycetota	g__Streptomyces	1	1	1	1/1/1	24	424	FALSE	contigs>20;	NA	NA	FALSE	failed_assembly_qc	NA	TRUE	High quality genome	SIL-12-03-24-Gr9-AC-2	0	0	0	0	0	1	0
PAW76169.barcode81	935644	N	14	100	0.12	d__Bacteria;p__Actinomycetota;c__Actinomycetes;o__Streptomycetales;f__Streptomycetaceae;g__Streptomyces;s__Streptomyces sp036231355	Actinomycetota - g__Streptomyces	Streptomyces sp036231355	p__Actinomycetota	g__Streptomyces	7	9	2	7/9/2	22	51	FALSE	contigs>20;	NA	NA	FALSE	failed_assembly_qc	NA	TRUE	High quality genome	SIL-21-02-2024-Gr18-PDA-15	1	0	0	0	0	1	1
PAW76169.barcode82	9547921	N	29	99.98	0.65	d__Bacteria;p__Actinomycetota;c__Actinomycetes;o__Streptomycetales;f__Streptomycetaceae;g__Streptomyces;s__Streptomyces sanglieri	Actinomycetota - g__Streptomyces	Streptomyces sanglieri	p__Actinomycetota	g__Streptomyces	6	6	6	6/6/6	24	4	TRUE	NA	TRUE	112	TRUE	NA	NA	TRUE	High quality genome	SIL-21-02-2024-Gr4-ISP2-8	0	0	1	0	1	1	0
PAW76169.barcode83	7514259	Y	40	100	1.61	d__Bacteria;p__Pseudomonadota;c__Gammaproteobacteria;o__Burkholderiales;f__Burkholderiaceae_C;g__Variovorax;s__	Pseudomonadota - g__Variovorax	Variovorax sp.	p__Pseudomonadota	g__Variovorax	2	2	2	2/2/2	24	1	TRUE	NA	TRUE	118	TRUE	NA	NA	TRUE	High quality genome	SIL-21-02-2024-Gr7-PDA-9	0	0	1	0	0	0	1
PAW76169.barcode84	4637049	Y	63	100	0.02	d__Bacteria;p__Pseudomonadota;c__Gammaproteobacteria;o__Xanthomonadales;f__Rhodanobacteraceae;g__Luteibacter;s__	Pseudomonadota - g__Luteibacter	Luteibacter sp.	p__Pseudomonadota	g__Luteibacter	2	2	2	2/2/2	26	1	TRUE	NA	TRUE	118	TRUE	NA	NA	TRUE	High quality genome	SILK2023-Gr13-AC-11	1	0	0	0	0	0	0
PAW76169.barcode86	4548907	Y	66	100	0.55	d__Bacteria;p__Actinomycetota;c__Actinomycetes;o__Actinomycetales;f__Micrococcaceae;g__Arthrobacter;s__Arthrobacter sp040547365	Actinomycetota - g__Arthrobacter	Arthrobacter sp040547365	p__Actinomycetota	g__Arthrobacter	5	5	5	5/5/5	22	1	TRUE	NA	TRUE	119	TRUE	NA	NA	TRUE	High quality genome	VIB-28-02-24-Gr4-AC-7	0	0	1	0	0	0	0
PAW76169.barcode87	313060	N	32	99.92	0.13	d__Bacteria;p__Actinomycetota;c__Actinomycetes;o__Streptomycetales;f__Streptomycetaceae;g__Streptomyces;s__Streptomyces atratus_B	Actinomycetota - g__Streptomyces	Streptomyces atratus_B	p__Actinomycetota	g__Streptomyces	1	1	1	1/1/1	25	253	FALSE	contigs>20;	NA	NA	FALSE	failed_assembly_qc	antismash exited 1 at 2026-08-07T14:22:05+02:00	FALSE	High quality genome	VIBO2023-Gr12-R2A-15	0	0	1	0	0	0	1
PAW76169.barcode88	71197	N	73	100	2.03	d__Bacteria;p__Bacillota;c__Bacilli;o__Bacillales;f__Bacillaceae;g__Bacillus;s__Bacillus velezensis	Bacillota - g__Bacillus	Bacillus velezensis	p__Bacillota	g__Bacillus	4	2	1	4/2/1	26	331	FALSE	contigs>20;	NA	NA	FALSE	failed_assembly_qc	NA	TRUE	High quality genome	VIBY2021-Gr5-ISP2-19	0	0	0	0	0	0	0
PAW76169.barcode89	5069372	N	55	100	0.16	d__Bacteria;p__Bacillota;c__Bacilli;o__Bacillales;f__DSM-1321;g__Peribacillus;s__Peribacillus simplex_A	Bacillota - g__Peribacillus	Peribacillus simplex_A	p__Bacillota	g__Peribacillus	11	13	11	11/13/11	24	2	TRUE	NA	TRUE	113	TRUE	NA	NA	TRUE	High quality genome	ÅGS-07-02-2024-GR2-AC-9	1	0	1	0	0	0	0
PAW76169.barcode90	4014905	Y	75	100	0.18	d__Bacteria;p__Bacillota;c__Bacilli;o__Bacillales;f__Bacillaceae;g__Bacillus;s__Bacillus velezensis	Bacillota - g__Bacillus	Bacillus velezensis	p__Bacillota	g__Bacillus	9	9	9	9/9/9	25	1	TRUE	NA	TRUE	116	TRUE	NA	NA	TRUE	High quality genome	ÅGS-07-02-2024-GR3-AC-10	0	1	1	1	1	1	1
PAW76169.barcode91	5324303	Y	55	100	0.03	d__Bacteria;p__Bacillota;c__Bacilli;o__Bacillales;f__DSM-1321;g__Peribacillus;s__Peribacillus simplex_A	Bacillota - g__Peribacillus	Peribacillus simplex_A	p__Bacillota	g__Peribacillus	11	11	11	11/11/11	25	3	TRUE	NA	TRUE	114	TRUE	NA	NA	TRUE	High quality genome	ÅGS-07-02-2024-GR5-AC-10	1	0	1	0	0	0	0
PAW76169.barcode92	5428207	Y	56	100	0.68	d__Bacteria;p__Actinomycetota;c__Actinomycetes;o__Actinomycetales;f__Micrococcaceae;g__Arthrobacter;s__	Actinomycetota - g__Arthrobacter	Arthrobacter sp.	p__Actinomycetota	g__Arthrobacter	5	5	5	5/5/5	22	1	TRUE	NA	TRUE	119	TRUE	NA	NA	TRUE	High quality genome	NA	NA	NA	NA	NA	NA	NA	NA
PAW76169.barcode93	1615234	N	43	100	0.23	d__Bacteria;p__Actinomycetota;c__Actinomycetes;o__Streptomycetales;f__Streptomycetaceae;g__Streptomyces;s__Streptomyces papulosus	Actinomycetota - g__Streptomyces	Streptomyces papulosus	p__Actinomycetota	g__Streptomyces	3	6	5	3/6/5	23	19	TRUE	NA	TRUE	117	TRUE	NA	NA	TRUE	High quality genome	HJØR2022-Gr7-AC-10	1	1	0	0	0	0	0
PAW76169.barcode94	6248987	Y	48	100	0.15	d__Bacteria;p__Pseudomonadota;c__Gammaproteobacteria;o__Pseudomonadales;f__Pseudomonadaceae;g__Aquipseudomonas;s__Aquipseudomonas lactucae	Pseudomonadota - g__Aquipseudomonas	Aquipseudomonas lactucae	p__Pseudomonadota	g__Aquipseudomonas	7	6	6	7/6/6	25	1	TRUE	NA	TRUE	116	TRUE	NA	NA	TRUE	High quality genome	HJØR2023-Gr7-AC-3	1	0	0	1	1	1	1
PAW76169.barcode95	6698806	Y	44	100	1.42	d__Bacteria;p__Pseudomonadota;c__Gammaproteobacteria;o__Pseudomonadales;f__Pseudomonadaceae;g__Aquipseudomonas;s__	Pseudomonadota - g__Aquipseudomonas	Aquipseudomonas sp.	p__Pseudomonadota	g__Aquipseudomonas	8	7	7	8/7/7	27	1	TRUE	NA	TRUE	118	TRUE	NA	NA	TRUE	High quality genome	PADE2023-Gr4-PDA-14	0	0	0	0	1	1	1
PAW76169.barcode96	753364	N	48	100	0.69	d__Bacteria;p__Pseudomonadota;c__Gammaproteobacteria;o__Pseudomonadales;f__Pseudomonadaceae;g__Aquipseudomonas;s__	Pseudomonadota - g__Aquipseudomonas	Aquipseudomonas sp.	p__Pseudomonadota	g__Aquipseudomonas	8	7	7	8/7/7	26	21	FALSE	contigs>20;	NA	NA	FALSE	failed_assembly_qc	NA	TRUE	High quality genome	PADE2023-Gr4-PDA-8	0	0	0	0	1	1	1
PAY08219.barcode01	3370418	N	46	100	0.34	d__Bacteria;p__Pseudomonadota;c__Gammaproteobacteria;o__Enterobacterales;f__Enterobacteriaceae;g__Serratia;s__Serratia inhibens	Pseudomonadota - g__Serratia	Serratia inhibens	p__Pseudomonadota	g__Serratia	5	7	5	5/7/5	27	4	TRUE	NA	TRUE	118	TRUE	NA	NA	TRUE	High quality genome	NA	NA	NA	NA	NA	NA	NA	NA
PAY08219.barcode02	4582427	Y	65	100	0.03	d__Bacteria;p__Bacillota;c__Bacilli;o__Bacillales;f__Bacillaceae;g__Bacillus;s__Bacillus paralicheniformis	Bacillota - g__Bacillus	Bacillus paralicheniformis	p__Bacillota	g__Bacillus	7	8	8	7/8/8	24	1	TRUE	NA	TRUE	117	TRUE	NA	NA	TRUE	High quality genome	NA	NA	NA	NA	NA	NA	NA	NA
PAY08219.barcode03	4423140	Y	34	100	85.51	d__Bacteria;p__Bacillota;c__Bacilli;o__Bacillales_A;f__Planococcaceae;g__Viridibacillus;s__Viridibacillus arenosi	Bacillota - g__Viridibacillus	Viridibacillus arenosi	p__Bacillota	g__Viridibacillus	17	22	15	17/22/15	26	32	FALSE	contamination>=5;contigs>20;	NA	NA	FALSE	failed_assembly_qc	NA	TRUE	Unannotated genomes	NA	NA	NA	NA	NA	NA	NA	NA
PAY08219.barcode04	5320210	Y	49	100	0.17	d__Bacteria;p__Bacillota;c__Bacilli;o__Bacillales;f__Bacillaceae_G;g__Bacillus_A;s__Bacillus_A mycoides	Bacillota - g__Bacillus_A	Bacillus_A mycoides	p__Bacillota	g__Bacillus_A	14	14	14	14/14/14	24	6	TRUE	NA	TRUE	109	TRUE	NA	NA	TRUE	High quality genome	NA	NA	NA	NA	NA	NA	NA	NA
PAY08219.barcode05	2370304	Y	128	99.92	0.17	d__Bacteria;p__Bacillota;c__Bacilli;o__Staphylococcales;f__Staphylococcaceae;g__Staphylococcus;s__Staphylococcus haemolyticus	Bacillota - g__Staphylococcus	Staphylococcus haemolyticus	p__Bacillota	g__Staphylococcus	7	6	6	7/6/6	24	1	TRUE	NA	TRUE	118	TRUE	NA	NA	TRUE	High quality genome	NA	NA	NA	NA	NA	NA	NA	NA
PAY08219.barcode06	5308485	Y	50	100	0.86	d__Bacteria;p__Bacillota;c__Bacilli;o__Bacillales;f__Bacillaceae_G;g__Bacillus_A;s__Bacillus_A mycoides	Bacillota - g__Bacillus_A	Bacillus_A mycoides	p__Bacillota	g__Bacillus_A	14	14	14	14/14/14	24	3	TRUE	NA	TRUE	110	TRUE	NA	NA	TRUE	High quality genome	NA	NA	NA	NA	NA	NA	NA	NA
PAY08219.barcode07	7219264	Y	42	99.99	0	d__Bacteria;p__Bacillota;c__Bacilli;o__Paenibacillales;f__Paenibacillaceae;g__Paenibacillus;s__Paenibacillus amylolyticus	Bacillota - g__Paenibacillus	Paenibacillus amylolyticus	p__Bacillota	g__Paenibacillus	11	12	12	11/12/12	25	1	TRUE	NA	TRUE	112	TRUE	NA	NA	TRUE	High quality genome	NA	NA	NA	NA	NA	NA	NA	NA
PAY08219.barcode08	2370300	Y	128	99.92	0.04	d__Bacteria;p__Bacillota;c__Bacilli;o__Staphylococcales;f__Staphylococcaceae;g__Staphylococcus;s__Staphylococcus haemolyticus	Bacillota - g__Staphylococcus	Staphylococcus haemolyticus	p__Bacillota	g__Staphylococcus	6	6	6	6/6/6	24	2	TRUE	NA	TRUE	118	TRUE	NA	NA	TRUE	High quality genome	NA	NA	NA	NA	NA	NA	NA	NA
PAY08219.barcode09	5390443	Y	47	100	0.89	d__Bacteria;p__Bacillota;c__Bacilli;o__Bacillales;f__Bacillaceae_G;g__Bacillus_A;s__Bacillus_A mycoides	Bacillota - g__Bacillus_A	Bacillus_A mycoides	p__Bacillota	g__Bacillus_A	14	14	14	14/14/14	25	5	TRUE	NA	TRUE	110	TRUE	NA	NA	TRUE	High quality genome	NA	NA	NA	NA	NA	NA	NA	NA
PAY08219.barcode10	5076000	N	40	100	1.65	d__Bacteria;p__Bacillota;c__Bacilli;o__Bacillales;f__Bacillaceae_G;g__Bacillus_A;s__Bacillus_A mycoides	Bacillota - g__Bacillus_A	Bacillus_A mycoides	p__Bacillota	g__Bacillus_A	11	13	12	11/13/12	25	13	TRUE	NA	TRUE	110	TRUE	NA	NA	TRUE	High quality genome	NA	NA	NA	NA	NA	NA	NA	NA
PAY08219.barcode11	2943220	N	48	100	0.15	d__Bacteria;p__Bacillota;c__Bacilli;o__Bacillales;f__Bacillaceae_G;g__Bacillus_A;s__Bacillus_A mycoides	Bacillota - g__Bacillus_A	Bacillus_A mycoides	p__Bacillota	g__Bacillus_A	13	11	12	13/11/12	24	14	TRUE	NA	TRUE	109	TRUE	NA	NA	TRUE	High quality genome	NA	NA	NA	NA	NA	NA	NA	NA
PAY08219.barcode12	5425456	N	57	100	0.28	d__Bacteria;p__Pseudomonadota;c__Gammaproteobacteria;o__Enterobacterales;f__Enterobacteriaceae;g__Serratia;s__Serratia inhibens	Pseudomonadota - g__Serratia	Serratia inhibens	p__Pseudomonadota	g__Serratia	8	7	7	8/7/7	27	1	TRUE	NA	TRUE	118	TRUE	NA	NA	TRUE	High quality genome	NA	NA	NA	NA	NA	NA	NA	NA
PAY08219.barcode13	3776671	N	59	100	79.76	d__Bacteria;p__Bacillota;c__Bacilli;o__Bacillales;f__Bacillaceae_B;g__Rossellomorea;s__Rossellomorea aquimaris_C	Bacillota - g__Rossellomorea	Rossellomorea aquimaris_C	p__Bacillota	g__Rossellomorea	12	12	12	12/12/12	29	137	FALSE	contamination>=5;contigs>20;	NA	NA	FALSE	failed_assembly_qc	NA	TRUE	Unannotated genomes	NA	NA	NA	NA	NA	NA	NA	NA
PAY08219.barcode14	5685758	Y	53	100	0	d__Bacteria;p__Pseudomonadota;c__Gammaproteobacteria;o__Pseudomonadales;f__Pseudomonadaceae;g__Aquipseudomonas;s__	Pseudomonadota - g__Aquipseudomonas	Aquipseudomonas sp.	p__Pseudomonadota	g__Aquipseudomonas	4	4	4	4/4/4	26	1	TRUE	NA	TRUE	119	TRUE	NA	NA	TRUE	High quality genome	NA	NA	NA	NA	NA	NA	NA	NA
PAY08219.barcode15	4354207	Y	49	99.94	0.6	d__Bacteria;p__Bacillota;c__Bacilli;o__Bacillales;f__Bacillaceae_B;g__Rossellomorea;s__	Bacillota - g__Rossellomorea	Rossellomorea sp.	p__Bacillota	g__Rossellomorea	10	11	11	10/11/11	26	1	TRUE	NA	TRUE	111	TRUE	NA	NA	TRUE	High quality genome	NA	NA	NA	NA	NA	NA	NA	NA
PAY08219.barcode16	6278537	Y	48	100	0.56	d__Bacteria;p__Pseudomonadota;c__Gammaproteobacteria;o__Pseudomonadales;f__Pseudomonadaceae;g__Aquipseudomonas;s__Aquipseudomonas reinekei	Pseudomonadota - g__Aquipseudomonas	Aquipseudomonas reinekei	p__Pseudomonadota	g__Aquipseudomonas	7	6	6	7/6/6	25	1	TRUE	NA	TRUE	118	TRUE	NA	NA	TRUE	High quality genome	NA	NA	NA	NA	NA	NA	NA	NA
PAY08219.barcode17	5360758	Y	54	100	1.28	d__Bacteria;p__Bacillota;c__Bacilli;o__Bacillales;f__DSM-1321;g__Peribacillus;s__Peribacillus simplex_A	Bacillota - g__Peribacillus	Peribacillus simplex_A	p__Bacillota	g__Peribacillus	14	14	14	14/14/14	24	3	TRUE	NA	TRUE	114	TRUE	NA	NA	TRUE	High quality genome	NA	NA	NA	NA	NA	NA	NA	NA
PAY08219.barcode18	4901763	N	29	100	2.11	d__Bacteria;p__Actinomycetota;c__Actinomycetes;o__Streptomycetales;f__Streptomycetaceae;g__Streptomyces;s__Streptomyces sp026342835	Actinomycetota - g__Streptomyces	Streptomyces sp026342835	p__Actinomycetota	g__Streptomyces	6	6	6	6/6/6	25	11	TRUE	NA	TRUE	109	TRUE	NA	NA	TRUE	High quality genome	NA	NA	NA	NA	NA	NA	NA	NA
PAY08219.barcode19	7031191	Y	43	100	0	d__Bacteria;p__Bacillota;c__Bacilli;o__Paenibacillales;f__Paenibacillaceae;g__Paenibacillus;s__Paenibacillus amylolyticus	Bacillota - g__Paenibacillus	Paenibacillus amylolyticus	p__Bacillota	g__Paenibacillus	12	12	12	12/12/12	25	2	TRUE	NA	TRUE	113	TRUE	NA	NA	TRUE	High quality genome	NA	NA	NA	NA	NA	NA	NA	NA
PAY08219.barcode20	2113115	Y	115	100	69.78	d__Bacteria;p__Bacillota;c__Bacilli;o__Staphylococcales;f__Staphylococcaceae;g__Macrococcus;s__Macrococcus bovicus	Bacillota - g__Macrococcus	Macrococcus bovicus	p__Bacillota	g__Macrococcus	8	7	7	8/7/7	25	32	FALSE	contamination>=5;contigs>20;	NA	NA	FALSE	failed_assembly_qc	NA	TRUE	Unannotated genomes	NA	NA	NA	NA	NA	NA	NA	NA
PAY08219.barcode21	5602756	Y	38	100	87.31	d__Bacteria;p__Pseudomonadota;c__Gammaproteobacteria;o__Pseudomonadales;f__Pseudomonadaceae;g__Aquipseudomonas;s__Aquipseudomonas putida_Y	Pseudomonadota - g__Aquipseudomonas	Aquipseudomonas putida_Y	p__Pseudomonadota	g__Aquipseudomonas	19	17	17	19/17/17	26	14	FALSE	contamination>=5;	NA	NA	FALSE	failed_assembly_qc	NA	TRUE	Unannotated genomes	NA	NA	NA	NA	NA	NA	NA	NA
PAY08219.barcode22	3947092	N	54	100	75.41	d__Bacteria;p__Bacillota;c__Bacilli;o__Bacillales;f__Bacillaceae_G;g__Bacillus_A;s__Bacillus_A nitratireducens	Bacillota - g__Bacillus_A	Bacillus_A nitratireducens	p__Bacillota	g__Bacillus_A	15	17	17	15/17/17	30	65	FALSE	contamination>=5;contigs>20;	NA	NA	FALSE	failed_assembly_qc	NA	TRUE	Unannotated genomes	NA	NA	NA	NA	NA	NA	NA	NA
PAY08219.barcode23	5457650	Y	44	100	95.04	d__Bacteria;p__Pseudomonadota;c__Gammaproteobacteria;o__Pseudomonadales;f__Pseudomonadaceae;g__Aquipseudomonas;s__Aquipseudomonas baetica_A	Pseudomonadota - g__Aquipseudomonas	Aquipseudomonas baetica_A	p__Pseudomonadota	g__Aquipseudomonas	15	13	13	15/13/13	28	4	FALSE	contamination>=5;	NA	NA	FALSE	failed_assembly_qc	NA	TRUE	Unannotated genomes	NA	NA	NA	NA	NA	NA	NA	NA
PAY08219.barcode24	5314414	N	33	99.95	0.28	d__Bacteria;p__Actinomycetota;c__Actinomycetes;o__Streptomycetales;f__Streptomycetaceae;g__Streptomyces;s__Streptomyces sp900116325	Actinomycetota - g__Streptomyces	Streptomyces sp900116325	p__Actinomycetota	g__Streptomyces	6	7	6	6/7/6	26	3	TRUE	NA	TRUE	114	TRUE	NA	NA	TRUE	High quality genome	NA	NA	NA	NA	NA	NA	NA	NA
PAY08219.barcode25	5036443	N	34	100	1.11	d__Bacteria;p__Bacillota;c__Bacilli;o__Bacillales;f__Bacillaceae_G;g__Bacillus_A;s__Bacillus_A mycoides	Bacillota - g__Bacillus_A	Bacillus_A mycoides	p__Bacillota	g__Bacillus_A	10	12	11	10/12/11	24	18	TRUE	NA	TRUE	110	TRUE	NA	NA	TRUE	High quality genome	NA	NA	NA	NA	NA	NA	NA	NA
PAY08219.barcode26	3655198	Y	84	99.99	0.17	d__Bacteria;p__Pseudomonadota;c__Gammaproteobacteria;o__Pseudomonadales;f__Moraxellaceae;g__Acinetobacter;s__Acinetobacter baylyi	Pseudomonadota - g__Acinetobacter	Acinetobacter baylyi	p__Pseudomonadota	g__Acinetobacter	7	7	7	7/7/7	23	1	TRUE	NA	TRUE	120	TRUE	NA	NA	TRUE	High quality genome	NA	NA	NA	NA	NA	NA	NA	NA
PAY08219.barcode27	2581743	N	85	100	0.1	d__Bacteria;p__Bacillota;c__Bacilli;o__Lactobacillales;f__Enterococcaceae;g__Enterococcus_B;s__Enterococcus_B mundtii	Bacillota - g__Enterococcus_B	Enterococcus_B mundtii	p__Bacillota	g__Enterococcus_B	5	6	6	5/6/6	25	4	TRUE	NA	TRUE	118	TRUE	NA	NA	TRUE	High quality genome	NA	NA	NA	NA	NA	NA	NA	NA
PAY08219.barcode28	6185265	Y	48	100	0.12	d__Bacteria;p__Pseudomonadota;c__Gammaproteobacteria;o__Pseudomonadales;f__Pseudomonadaceae;g__Aquipseudomonas;s__Aquipseudomonas alloputida	Pseudomonadota - g__Aquipseudomonas	Aquipseudomonas alloputida	p__Pseudomonadota	g__Aquipseudomonas	8	7	7	8/7/7	25	1	TRUE	NA	TRUE	118	TRUE	NA	NA	TRUE	High quality genome	NA	NA	NA	NA	NA	NA	NA	NA
PAY08219.barcode29	5428163	Y	55	100	0.68	d__Bacteria;p__Actinomycetota;c__Actinomycetes;o__Actinomycetales;f__Micrococcaceae;g__Arthrobacter;s__	Actinomycetota - g__Arthrobacter	Arthrobacter sp.	p__Actinomycetota	g__Arthrobacter	5	5	5	5/5/5	22	1	TRUE	NA	TRUE	119	TRUE	NA	NA	TRUE	High quality genome	NA	NA	NA	NA	NA	NA	NA	NA
PAY08219.barcode31	2143639	N	26	99.94	0.65	d__Bacteria;p__Pseudomonadota;c__Gammaproteobacteria;o__Pseudomonadales;f__Pseudomonadaceae;g__Aquipseudomonas;s__Aquipseudomonas graminis	Pseudomonadota - g__Aquipseudomonas	Aquipseudomonas graminis	p__Pseudomonadota	g__Aquipseudomonas	6	5	1	6/5/1	25	6	TRUE	NA	TRUE	117	TRUE	NA	NA	TRUE	High quality genome	NA	NA	NA	NA	NA	NA	NA	NA
PAY08219.barcode32	135182	N	20	80.85	5.13	d__Bacteria;p__Bacillota;c__Bacilli;o__Bacillales;f__DSM-1321;g__Peribacillus;s__Peribacillus butanolivorans	Bacillota - g__Peribacillus	Peribacillus butanolivorans	p__Bacillota	g__Peribacillus	2	1	1	2/1/1	23	474	FALSE	completeness<90;contamination>=5;contigs>20;	NA	NA	FALSE	failed_assembly_qc	NA	TRUE	Medium quality genome	NA	NA	NA	NA	NA	NA	NA	NA
PAY08219.barcode33	2382964	N	45	100	2.91	d__Bacteria;p__Actinomycetota;c__Actinomycetes;o__Actinomycetales;f__Micrococcaceae;g__Arthrobacter;s__Arthrobacter luteus_A	Actinomycetota - g__Arthrobacter	Arthrobacter luteus_A	p__Actinomycetota	g__Arthrobacter	5	5	6	5/5/6	22	31	FALSE	contigs>20;	NA	NA	FALSE	failed_assembly_qc	NA	TRUE	High quality genome	NA	NA	NA	NA	NA	NA	NA	NA
PAY08219.barcode34	3160015	N	51	100	1.88	d__Bacteria;p__Actinomycetota;c__Actinomycetes;o__Actinomycetales;f__Micrococcaceae;g__Arthrobacter;s__Arthrobacter sp001422645	Actinomycetota - g__Arthrobacter	Arthrobacter sp001422645	p__Actinomycetota	g__Arthrobacter	5	5	5	5/5/5	23	33	FALSE	contigs>20;	NA	NA	FALSE	failed_assembly_qc	NA	TRUE	High quality genome	NA	NA	NA	NA	NA	NA	NA	NA
PAY08219.barcode35	5428309	N	49	100	2.34	d__Bacteria;p__Pseudomonadota;c__Gammaproteobacteria;o__Enterobacterales;f__Enterobacteriaceae;g__Serratia;s__Serratia quinivorans	Pseudomonadota - g__Serratia	Serratia quinivorans	p__Pseudomonadota	g__Serratia	8	7	7	8/7/7	28	31	FALSE	contigs>20;	NA	NA	FALSE	failed_assembly_qc	NA	TRUE	High quality genome	NA	NA	NA	NA	NA	NA	NA	NA
PAY08219.barcode36	5768199	Y	49	100	23.06	d__Bacteria;p__Pseudomonadota;c__Gammaproteobacteria;o__Pseudomonadales;f__Pseudomonadaceae;g__Aquipseudomonas;s__Aquipseudomonas putida_Y	Pseudomonadota - g__Aquipseudomonas	Aquipseudomonas putida_Y	p__Pseudomonadota	g__Aquipseudomonas	12	11	11	12/11/11	26	103	FALSE	contamination>=5;contigs>20;	NA	NA	FALSE	failed_assembly_qc	NA	TRUE	Unannotated genomes	NA	NA	NA	NA	NA	NA	NA	NA
PAY08219.barcode37	6720938	Y	45	100	0.27	d__Bacteria;p__Pseudomonadota;c__Gammaproteobacteria;o__Pseudomonadales;f__Pseudomonadaceae;g__Aquipseudomonas;s__	Pseudomonadota - g__Aquipseudomonas	Aquipseudomonas sp.	p__Pseudomonadota	g__Aquipseudomonas	7	6	6	7/6/6	26	2	TRUE	NA	TRUE	118	TRUE	NA	NA	TRUE	High quality genome	NA	NA	NA	NA	NA	NA	NA	NA
PAY08219.barcode38	6270845	Y	48	100	0.03	d__Bacteria;p__Pseudomonadota;c__Gammaproteobacteria;o__Pseudomonadales;f__Pseudomonadaceae;g__Aquipseudomonas;s__Aquipseudomonas rustica	Pseudomonadota - g__Aquipseudomonas	Aquipseudomonas rustica	p__Pseudomonadota	g__Aquipseudomonas	7	6	6	7/6/6	26	1	TRUE	NA	TRUE	114	TRUE	NA	NA	TRUE	High quality genome	NA	NA	NA	NA	NA	NA	NA	NA
PAY08219.barcode39	4643490	Y	67	100	0.12	d__Bacteria;p__Pseudomonadota;c__Gammaproteobacteria;o__Enterobacterales;f__Enterobacteriaceae;g__G047199095;s__G047199095 sp047199095	Pseudomonadota - g__G047199095	G047199095 sp047199095	p__Pseudomonadota	g__G047199095	8	7	7	8/7/7	27	1	TRUE	NA	TRUE	119	TRUE	NA	NA	TRUE	High quality genome	NA	NA	NA	NA	NA	NA	NA	NA
PAY08219.barcode40	3815253	N	61	100	0.18	d__Bacteria;p__Pseudomonadota;c__Gammaproteobacteria;o__Enterobacterales;f__Enterobacteriaceae;g__Enterobacter;s__Enterobacter mori	Pseudomonadota - g__Enterobacter	Enterobacter mori	p__Pseudomonadota	g__Enterobacter	7	8	7	7/8/7	27	3	TRUE	NA	TRUE	118	TRUE	NA	NA	TRUE	High quality genome	NA	NA	NA	NA	NA	NA	NA	NA
PAY08219.barcode41	982097	N	52	99.99	0.04	d__Bacteria;p__Bacillota;c__Bacilli;o__Staphylococcales;f__Staphylococcaceae;g__Staphylococcus;s__Staphylococcus epidermidis	Bacillota - g__Staphylococcus	Staphylococcus epidermidis	p__Bacillota	g__Staphylococcus	2	5	3	2/5/3	24	12	TRUE	NA	TRUE	118	TRUE	NA	NA	TRUE	High quality genome	NA	NA	NA	NA	NA	NA	NA	NA
PAY08219.barcode42	5428176	Y	56	100	0.68	d__Bacteria;p__Actinomycetota;c__Actinomycetes;o__Actinomycetales;f__Micrococcaceae;g__Arthrobacter;s__	Actinomycetota - g__Arthrobacter	Arthrobacter sp.	p__Actinomycetota	g__Arthrobacter	5	5	5	5/5/5	22	1	TRUE	NA	TRUE	119	TRUE	NA	NA	TRUE	High quality genome	NA	NA	NA	NA	NA	NA	NA	NA
PBI66098.barcode01	81241	N	32	92.74	4.71	d__Bacteria;p__Actinomycetota;c__Actinomycetes;o__Streptomycetales;f__Streptomycetaceae;g__Streptomyces;s__Streptomyces avidinii	Actinomycetota - g__Streptomyces	Streptomyces avidinii	p__Actinomycetota	g__Streptomyces	1	1	1	1/1/1	22	981	FALSE	contigs>20;	NA	NA	FALSE	failed_assembly_qc	NA	TRUE	High quality genome	AL290920-ISP2-14	NA	NA	NA	NA	NA	NA	NA
PBI66098.barcode02	20994	N	12	60.38	1.11	d__Bacteria;p__Actinomycetota;c__Actinomycetes;o__Streptomycetales;f__Streptomycetaceae;g__Streptomyces;s__Streptomyces virginiae_A	Actinomycetota - g__Streptomyces	Streptomyces virginiae_A	p__Actinomycetota	g__Streptomyces	2	2	1	2/2/1	19	1148	FALSE	completeness<90;contigs>20;	NA	NA	FALSE	failed_assembly_qc	NA	TRUE	Medium quality genome	AL290920-ISP2-15	NA	NA	NA	NA	NA	NA	NA
PBI66098.barcode03	971221	N	31	99.89	0.47	d__Bacteria;p__Actinomycetota;c__Actinomycetes;o__Streptomycetales;f__Streptomycetaceae;g__Kitasatospora;s__	Actinomycetota - g__Kitasatospora	Kitasatospora sp.	p__Actinomycetota	g__Kitasatospora	10	7	10	10/7/10	24	58	FALSE	contigs>20;	NA	NA	FALSE	failed_assembly_qc	NA	TRUE	High quality genome	AL290920-ISP2-1	NA	NA	NA	NA	NA	NA	NA
PBI66098.barcode04	817406	N	34	100	0.97	d__Bacteria;p__Actinomycetota;c__Actinomycetes;o__Streptomycetales;f__Streptomycetaceae;g__Streptomyces;s__Streptomyces decoyicus	Actinomycetota - g__Streptomyces	Streptomyces decoyicus	p__Actinomycetota	g__Streptomyces	2	7	6	2/7/6	24	40	FALSE	contigs>20;	NA	NA	FALSE	failed_assembly_qc	NA	TRUE	High quality genome	AL290920-ISP2-10	NA	NA	NA	NA	NA	NA	NA
PBI66098.barcode05	25162	N	32	71.72	2.13	d__Bacteria;p__Actinomycetota;c__Actinomycetes;o__Streptomycetales;f__Streptomycetaceae;g__Streptomyces;s__Streptomyces virginiae_A	Actinomycetota - g__Streptomyces	Streptomyces virginiae_A	p__Actinomycetota	g__Streptomyces	3	1	1	3/1/1	23	1263	FALSE	completeness<90;contigs>20;	NA	NA	FALSE	failed_assembly_qc	NA	TRUE	Medium quality genome	AL290920-ISP2-8	NA	NA	NA	NA	NA	NA	NA
PBI66098.barcode06	2503130	N	30	100	1.11	d__Bacteria;p__Actinomycetota;c__Actinomycetes;o__Streptomycetales;f__Streptomycetaceae;g__Streptomyces;s__Streptomyces avidinii	Actinomycetota - g__Streptomyces	Streptomyces avidinii	p__Actinomycetota	g__Streptomyces	3	7	5	3/7/5	22	8	TRUE	NA	TRUE	117	TRUE	NA	NA	TRUE	High quality genome	AL290920-ISP2-4	NA	NA	NA	NA	NA	NA	NA
PBI66098.barcode07	8246393	N	34	99.98	0.51	d__Bacteria;p__Actinomycetota;c__Actinomycetes;o__Streptomycetales;f__Streptomycetaceae;g__Kitasatospora;s__	Actinomycetota - g__Kitasatospora	Kitasatospora sp.	p__Actinomycetota	g__Kitasatospora	9	9	9	9/9/9	24	3	TRUE	NA	TRUE	114	TRUE	NA	NA	TRUE	High quality genome	AL290920-ISP2-3	NA	NA	NA	NA	NA	NA	NA
PBI66098.barcode08	122104	N	29	99.95	3.25	d__Bacteria;p__Actinomycetota;c__Actinomycetes;o__Streptomycetales;f__Streptomycetaceae;g__Streptomyces;s__Streptomyces virginiae_A	Actinomycetota - g__Streptomyces	Streptomyces virginiae_A	p__Actinomycetota	g__Streptomyces	1	0	1	1/0/1	22	719	FALSE	contigs>20;	NA	NA	FALSE	failed_assembly_qc	NA	TRUE	Medium quality genome	AL290920-ISP2-7	NA	NA	NA	NA	NA	NA	NA
PBI66098.barcode09	120672	N	27	99.93	3.5	d__Bacteria;p__Actinomycetota;c__Actinomycetes;o__Streptomycetales;f__Streptomycetaceae;g__Streptomyces;s__Streptomyces avidinii	Actinomycetota - g__Streptomyces	Streptomyces avidinii	p__Actinomycetota	g__Streptomyces	2	1	1	2/1/1	23	681	FALSE	contigs>20;	NA	NA	FALSE	failed_assembly_qc	antismash exited 1 at 2026-08-07T16:45:04+02:00	FALSE	High quality genome	AL290920-ISP2-12	NA	NA	NA	NA	NA	NA	NA
PBI66098.barcode10	140986	N	14	99.14	0.71	d__Bacteria;p__Actinomycetota;c__Actinomycetes;o__Streptomycetales;f__Streptomycetaceae;g__Kitasatospora;s__	Actinomycetota - g__Kitasatospora	Kitasatospora sp.	p__Actinomycetota	g__Kitasatospora	1	1	1	1/1/1	25	372	FALSE	contigs>20;	NA	NA	FALSE	failed_assembly_qc	NA	TRUE	High quality genome	AL290920-ISP2-9	NA	NA	NA	NA	NA	NA	NA
PBI66098.barcode11	21024	N	9	50.07	0.92	d__Bacteria;p__Actinomycetota;c__Actinomycetes;o__Streptomycetales;f__Streptomycetaceae;g__Streptomyces;s__Streptomyces avidinii	Actinomycetota - g__Streptomyces	Streptomyces avidinii	p__Actinomycetota	g__Streptomyces	2	2	1	2/2/1	14	886	FALSE	completeness<90;contigs>20;	NA	NA	FALSE	failed_assembly_qc	NA	TRUE	Medium quality genome	AL290920-ISP2-13	NA	NA	NA	NA	NA	NA	NA
PBI66098.barcode12	261134	N	36	100	0.25	d__Bacteria;p__Actinomycetota;c__Actinomycetes;o__Streptomycetales;f__Streptomycetaceae;g__Streptomyces;s__Streptomyces sp040611295	Actinomycetota - g__Streptomyces	Streptomyces sp040611295	p__Actinomycetota	g__Streptomyces	1	1	1	1/1/1	24	234	FALSE	contigs>20;	NA	NA	FALSE	failed_assembly_qc	NA	TRUE	High quality genome	AL290920-ISP2-11	NA	NA	NA	NA	NA	NA	NA
PBI66098.barcode13	3621630	Y	82	99.88	0.33	d__Bacteria;p__Actinomycetota;c__Actinomycetes;o__Actinomycetales;f__Microbacteriaceae;g__Curtobacterium;s__Curtobacterium sp003234795	Actinomycetota - g__Curtobacterium	Curtobacterium sp003234795	p__Actinomycetota	g__Curtobacterium	4	4	4	4/4/4	23	1	TRUE	NA	TRUE	117	TRUE	NA	NA	TRUE	High quality genome	AL290920-TSA-1	NA	NA	NA	NA	NA	NA	NA
PBI66098.barcode14	16605	N	29	42.91	0.49	d__Bacteria;p__Actinomycetota;c__Actinomycetes;o__Streptomycetales;f__Streptomycetaceae;g__Streptomyces;s__Streptomyces virginiae_A	Actinomycetota - g__Streptomyces	Streptomyces virginiae_A	p__Actinomycetota	g__Streptomyces	0	2	1	0/2/1	15	780	FALSE	completeness<90;contigs>20;	NA	NA	FALSE	failed_assembly_qc	NA	TRUE	Low quality genome	AL290920-ISP2-16	NA	NA	NA	NA	NA	NA	NA
PBI66098.barcode15	818003	N	26	99.98	0.52	d__Bacteria;p__Actinomycetota;c__Actinomycetes;o__Streptomycetales;f__Streptomycetaceae;g__Kitasatospora;s__	Actinomycetota - g__Kitasatospora	Kitasatospora sp.	p__Actinomycetota	g__Kitasatospora	10	10	16	10/10/16	25	62	FALSE	contigs>20;	NA	NA	FALSE	failed_assembly_qc	NA	TRUE	High quality genome	AL290920-ISP2-6	NA	NA	NA	NA	NA	NA	NA
PBI66098.barcode16	6010523	Y	49	100	0.8	d__Bacteria;p__Bacillota;c__Bacilli;o__Paenibacillales;f__Paenibacillaceae;g__Paenibacillus;s__Paenibacillus polymyxa_B	Bacillota - g__Paenibacillus	Paenibacillus polymyxa_B	p__Bacillota	g__Paenibacillus	13	12	12	13/12/12	25	1	TRUE	NA	TRUE	112	TRUE	NA	NA	TRUE	High quality genome	ODS-130324-GR16-AC-11	NA	NA	NA	NA	NA	NA	NA
PBI66098.barcode17	5377724	N	53	100	0.23	d__Bacteria;p__Bacillota;c__Bacilli;o__Bacillales;f__DSM-1321;g__Peribacillus;s__Peribacillus frigoritolerans	Bacillota - g__Peribacillus	Peribacillus frigoritolerans	p__Bacillota	g__Peribacillus	14	14	13	14/14/13	24	2	TRUE	NA	TRUE	111	TRUE	NA	NA	TRUE	High quality genome	RIS-030424-Gr5-R2A-4	NA	NA	NA	NA	NA	NA	NA
PBI66098.barcode18	8706	N	14	10.65	0.03	d__Bacteria;p__Bacillota;c__Bacilli;o__Paenibacillales;f__Paenibacillaceae;g__Paenibacillus;s__Paenibacillus polymyxa_B	Bacillota - g__Paenibacillus	Paenibacillus polymyxa_B	p__Bacillota	g__Paenibacillus	0	0	0	0/0/0	11	152	FALSE	completeness<90;contigs>20;size<1500000;	NA	NA	FALSE	failed_assembly_qc	NA	TRUE	Low quality genome	GHL-280824-Gr7-10%NB-7	NA	NA	NA	NA	NA	NA	NA
PBI66098.barcode20	6149631	Y	48	100	0.73	d__Bacteria;p__Bacillota;c__Bacilli;o__Paenibacillales;f__Paenibacillaceae;g__Paenibacillus;s__Paenibacillus polymyxa_B	Bacillota - g__Paenibacillus	Paenibacillus polymyxa_B	p__Bacillota	g__Paenibacillus	12	12	12	12/12/12	25	1	TRUE	NA	TRUE	112	TRUE	NA	NA	TRUE	High quality genome	SKIV2023-Gr7-AC-6	1	1	1	1	1	1	1
PBI66098.barcode21	3621646	Y	81	99.89	0.26	d__Bacteria;p__Actinomycetota;c__Actinomycetes;o__Actinomycetales;f__Microbacteriaceae;g__Curtobacterium;s__Curtobacterium sp003234795	Actinomycetota - g__Curtobacterium	Curtobacterium sp003234795	p__Actinomycetota	g__Curtobacterium	4	4	4	4/4/4	23	1	TRUE	NA	TRUE	117	TRUE	NA	NA	TRUE	High quality genome	SILK2023-Gr11-PDA-3	1	1	1	1	1	1	1
PBI66098.barcode22	3621637	Y	83	99.88	0.26	d__Bacteria;p__Actinomycetota;c__Actinomycetes;o__Actinomycetales;f__Microbacteriaceae;g__Curtobacterium;s__Curtobacterium sp003234795	Actinomycetota - g__Curtobacterium	Curtobacterium sp003234795	p__Actinomycetota	g__Curtobacterium	4	4	4	4/4/4	23	1	TRUE	NA	TRUE	117	TRUE	NA	NA	TRUE	High quality genome	NA	NA	NA	NA	NA	NA	NA	NA
PBI66098.barcode23	1140426	N	43	100	0.21	d__Bacteria;p__Bacillota;c__Bacilli;o__Paenibacillales;f__Paenibacillaceae;g__Paenibacillus;s__Paenibacillus polymyxa_B	Bacillota - g__Paenibacillus	Paenibacillus polymyxa_B	p__Bacillota	g__Paenibacillus	9	12	1	9/12/1	24	40	FALSE	contigs>20;	NA	NA	FALSE	failed_assembly_qc	NA	TRUE	High quality genome	SILK-210224-Gr7-PDA-1	NA	NA	NA	NA	NA	NA	NA
PBI66098.barcode24	5279890	Y	48	100	0.19	d__Bacteria;p__Bacillota;c__Bacilli;o__Bacillales;f__Bacillaceae_G;g__Bacillus_A;s__Bacillus_A wiedmannii	Bacillota - g__Bacillus_A	Bacillus_A wiedmannii	p__Bacillota	g__Bacillus_A	14	14	14	14/14/14	24	3	TRUE	NA	TRUE	110	TRUE	NA	NA	TRUE	High quality genome	ÅGS-070224-Gr7-BHI-1	NA	NA	NA	NA	NA	NA	NA
PBI66098.barcode25	4751388	Y	64	100	0.01	d__Bacteria;p__Pseudomonadota;c__Gammaproteobacteria;o__Enterobacterales;f__Enterobacteriaceae;g__Enterobacter;s__Enterobacter tamurae	Pseudomonadota - g__Enterobacter	Enterobacter tamurae	p__Pseudomonadota	g__Enterobacter	9	8	8	9/8/8	27	1	TRUE	NA	TRUE	118	TRUE	NA	NA	TRUE	High quality genome	GLH-120924-Gr3_PDA-18	NA	NA	NA	NA	NA	NA	NA
PBI66098.barcode26	4023761	N	41	100	0.65	d__Bacteria;p__Bacillota;c__Bacilli;o__Bacillales;f__Bacillaceae_G;g__Bacillus_A;s__Bacillus_A mycoides	Bacillota - g__Bacillus_A	Bacillus_A mycoides	p__Bacillota	g__Bacillus_A	11	10	11	11/10/11	24	12	TRUE	NA	TRUE	110	TRUE	NA	NA	TRUE	High quality genome	SILK2023-Gr11-PDA-6	1	1	NA	1	1	0	1
PBI66098.barcode27	5433486	Y	54	100	0.18	d__Bacteria;p__Pseudomonadota;c__Gammaproteobacteria;o__Enterobacterales;f__Enterobacteriaceae;g__Serratia;s__Serratia plymuthica	Pseudomonadota - g__Serratia	Serratia plymuthica	p__Pseudomonadota	g__Serratia	8	7	7	8/7/7	27	1	TRUE	NA	TRUE	118	TRUE	NA	NA	TRUE	High quality genome	MDG2023-Gr2-10%NB-4	0	0	1	0	0	0	1
PBI66098.barcode28	5433482	Y	55	100	0.18	d__Bacteria;p__Pseudomonadota;c__Gammaproteobacteria;o__Enterobacterales;f__Enterobacteriaceae;g__Serratia;s__Serratia plymuthica	Pseudomonadota - g__Serratia	Serratia plymuthica	p__Pseudomonadota	g__Serratia	8	7	7	8/7/7	27	1	TRUE	NA	TRUE	118	TRUE	NA	NA	TRUE	High quality genome	FAVR2023-Gr1-ISP2-6	NA	NA	NA	NA	NA	NA	NA
PBI66098.barcode29	5286400	Y	51	100	0.36	d__Bacteria;p__Bacillota;c__Bacilli;o__Bacillales;f__DSM-1321;g__Peribacillus;s__Peribacillus simplex_A	Bacillota - g__Peribacillus	Peribacillus simplex_A	p__Bacillota	g__Peribacillus	14	14	14	14/14/14	24	2	TRUE	NA	TRUE	114	TRUE	NA	NA	TRUE	High quality genome	AGS-100424-Gr15-AC-4	NA	NA	NA	NA	NA	NA	NA
PBI66098.barcode30	6530540	N	45	100	0.89	d__Bacteria;p__Pseudomonadota;c__Gammaproteobacteria;o__Pseudomonadales;f__Pseudomonadaceae;g__Aquipseudomonas;s__Aquipseudomonas sp001655615	Pseudomonadota - g__Aquipseudomonas	Aquipseudomonas sp001655615	p__Pseudomonadota	g__Aquipseudomonas	7	6	6	7/6/6	25	1	TRUE	NA	TRUE	116	TRUE	NA	NA	TRUE	High quality genome	SIL-280224-GR16-BHI-19	NA	NA	NA	NA	NA	NA	NA
PBI66098.barcode31	6552448	Y	24	100	0.8	d__Bacteria;p__Pseudomonadota;c__Gammaproteobacteria;o__Pseudomonadales;f__Pseudomonadaceae;g__Aquipseudomonas;s__Aquipseudomonas sp009764265	Pseudomonadota - g__Aquipseudomonas	Aquipseudomonas sp009764265	p__Pseudomonadota	g__Aquipseudomonas	8	7	7	8/7/7	25	1	TRUE	NA	TRUE	118	TRUE	NA	NA	TRUE	High quality genome	GHL-120924-GR8-PDA-7	NA	NA	NA	NA	NA	NA	NA
PBI66098.barcode32	4949350	N	51	100	0.05	d__Bacteria;p__Bacillota;c__Bacilli;o__Bacillales;f__DSM-1321;g__Peribacillus;s__Peribacillus simplex_A	Bacillota - g__Peribacillus	Peribacillus simplex_A	p__Bacillota	g__Peribacillus	11	13	13	11/13/13	24	5	TRUE	NA	TRUE	114	TRUE	NA	NA	TRUE	High quality genome	ODS-130324-GR15-NB-15	NA	NA	NA	NA	NA	NA	NA
PBI66098.barcode33	4480241	N	51	100	0.33	d__Bacteria;p__Bacillota;c__Bacilli;o__Bacillales;f__DSM-1321;g__Peribacillus;s__Peribacillus simplex_A	Bacillota - g__Peribacillus	Peribacillus simplex_A	p__Bacillota	g__Peribacillus	11	9	11	11/9/11	25	7	TRUE	NA	TRUE	114	TRUE	NA	NA	TRUE	High quality genome	SKIV2023-GR4-AC-2	NA	NA	NA	NA	NA	NA	NA
PBI66098.barcode34	5153222	N	53	100	0.05	d__Bacteria;p__Bacillota;c__Bacilli;o__Bacillales;f__DSM-1321;g__Peribacillus;s__Peribacillus simplex_A	Bacillota - g__Peribacillus	Peribacillus simplex_A	p__Bacillota	g__Peribacillus	12	11	12	12/11/12	25	3	TRUE	NA	TRUE	113	TRUE	NA	NA	TRUE	High quality genome	RIS-030424-GR5-R2A-3	NA	NA	NA	NA	NA	NA	NA
PBI66098.barcode35	3545683	N	45	100	0.47	d__Bacteria;p__Bacillota;c__Bacilli;o__Bacillales;f__DSM-1321;g__Peribacillus;s__Peribacillus frigoritolerans	Bacillota - g__Peribacillus	Peribacillus frigoritolerans	p__Bacillota	g__Peribacillus	13	7	6	13/7/6	24	10	TRUE	NA	TRUE	112	TRUE	NA	NA	TRUE	High quality genome	ÅGS-070224-Gr6-10%NB-5	NA	NA	NA	NA	NA	NA	NA
PBI66098.barcode36	5372018	Y	44	100	2.47	d__Bacteria;p__Bacillota;c__Bacilli;o__Bacillales;f__Bacillaceae_G;g__Bacillus_A;s__Bacillus_A mycoides	Bacillota - g__Bacillus_A	Bacillus_A mycoides	p__Bacillota	g__Bacillus_A	14	14	14	14/14/14	25	10	TRUE	NA	TRUE	109	TRUE	NA	NA	TRUE	High quality genome	BJG-240424-Gr4-ISP2-16	NA	NA	NA	NA	NA	NA	NA
PBI66098.barcode37	70022	N	28	89.88	2.02	d__Bacteria;p__Bacillota;c__Bacilli;o__Paenibacillales;f__Paenibacillaceae;g__Paenibacillus;s__Paenibacillus polymyxa_B	Bacillota - g__Paenibacillus	Paenibacillus polymyxa_B	p__Bacillota	g__Paenibacillus	5	7	5	5/7/5	25	562	FALSE	completeness<90;contigs>20;	NA	NA	FALSE	failed_assembly_qc	NA	TRUE	Medium quality genome	GLH-280824-Gr7-10%NB-4	NA	NA	NA	NA	NA	NA	NA
PBI66098.barcode38	3335964	Y	84	100	0.11	d__Bacteria;p__Bacillota;c__Bacilli;o__Lactobacillales;f__Enterococcaceae;g__Enterococcus_B;s__Enterococcus_B mundtii	Bacillota - g__Enterococcus_B	Enterococcus_B mundtii	p__Bacillota	g__Enterococcus_B	6	6	6	6/6/6	25	2	TRUE	NA	TRUE	118	TRUE	NA	NA	TRUE	High quality genome	HOLS2023-GR14-AC-5	NA	NA	NA	NA	NA	NA	NA
PBI66098.barcode39	6180055	Y	47	100	0.64	d__Bacteria;p__Bacillota;c__Bacilli;o__Paenibacillales;f__Paenibacillaceae;g__Paenibacillus;s__Paenibacillus sp050626875	Bacillota - g__Paenibacillus	Paenibacillus sp050626875	p__Bacillota	g__Paenibacillus	9	9	9	9/9/9	24	1	TRUE	NA	TRUE	113	TRUE	NA	NA	TRUE	High quality genome	SILK-280224-GR14-AC-5	NA	NA	NA	NA	NA	NA	NA
PBI66098.barcode40	5259010	Y	51	100	0.46	d__Bacteria;p__Bacillota;c__Bacilli;o__Bacillales;f__Bacillaceae_G;g__Bacillus_A;s__Bacillus_A mycoides	Bacillota - g__Bacillus_A	Bacillus_A mycoides	p__Bacillota	g__Bacillus_A	14	14	14	14/14/14	24	3	TRUE	NA	TRUE	110	TRUE	NA	NA	TRUE	High quality genome	VIBY-180925-GR6-LB-9	NA	NA	NA	NA	NA	NA	NA
PBI66098.barcode41	5433484	Y	54	100	0.18	d__Bacteria;p__Pseudomonadota;c__Gammaproteobacteria;o__Enterobacterales;f__Enterobacteriaceae;g__Serratia;s__Serratia plymuthica	Pseudomonadota - g__Serratia	Serratia plymuthica	p__Pseudomonadota	g__Serratia	8	7	7	8/7/7	27	1	TRUE	NA	TRUE	118	TRUE	NA	NA	TRUE	High quality genome	HOLS2023-GR14-AC-6	NA	NA	NA	NA	NA	NA	NA
PBI66098.barcode42	6096377	Y	48	100	0.58	d__Bacteria;p__Bacillota;c__Bacilli;o__Paenibacillales;f__Paenibacillaceae;g__Paenibacillus;s__Paenibacillus polymyxa_B	Bacillota - g__Paenibacillus	Paenibacillus polymyxa_B	p__Bacillota	g__Paenibacillus	13	12	12	13/12/12	25	1	TRUE	NA	TRUE	112	TRUE	NA	NA	TRUE	High quality genome	AGS-100424-GR15-AC-3	NA	NA	NA	NA	NA	NA	NA
PBI66098.barcode43	2445660	Y	121	99.96	0	d__Bacteria;p__Actinomycetota;c__Actinomycetes;o__Actinomycetales;f__Micrococcaceae;g__Micrococcus;s__Micrococcus luteus	Actinomycetota - g__Micrococcus	Micrococcus luteus	p__Actinomycetota	g__Micrococcus	2	2	2	2/2/2	23	1	TRUE	NA	TRUE	118	TRUE	NA	NA	TRUE	High quality genome	VIBY-180925-GR4-LB-16	NA	NA	NA	NA	NA	NA	NA
PBI66098.barcode44	202858	N	45	99.85	0.92	d__Bacteria;p__Bacillota;c__Bacilli;o__Paenibacillales;f__Paenibacillaceae;g__Paenibacillus;s__Paenibacillus ottowii	Bacillota - g__Paenibacillus	Paenibacillus ottowii	p__Bacillota	g__Paenibacillus	4	9	5	4/9/5	24	165	FALSE	contigs>20;	NA	NA	FALSE	failed_assembly_qc	NA	TRUE	High quality genome	HOLS2023-GR12-R2A-12	1	0	1	0	0	0	1
PBI66098.barcode45	1266828	N	46	100	1.09	d__Bacteria;p__Pseudomonadota;c__Gammaproteobacteria;o__Enterobacterales;f__Enterobacteriaceae;g__Pantoea;s__	Pseudomonadota - g__Pantoea	Pantoea sp.	p__Pseudomonadota	g__Pantoea	3	9	6	3/9/6	26	49	FALSE	contigs>20;	NA	NA	FALSE	failed_assembly_qc	NA	TRUE	High quality genome	VIBY-180925-GR2-ISP2-19	NA	NA	NA	NA	NA	NA	NA
PBI66098.barcode46	2707214	Y	106	100	0.18	d__Bacteria;p__Bacillota;c__Bacilli;o__Staphylococcales;f__Staphylococcaceae;g__Staphylococcus;s__Staphylococcus simulans	Bacillota - g__Staphylococcus	Staphylococcus simulans	p__Bacillota	g__Staphylococcus	6	6	6	6/6/6	23	2	TRUE	NA	TRUE	118	TRUE	NA	NA	TRUE	High quality genome	SILK2023-GR8-AC-13	NA	NA	NA	NA	NA	NA	NA
PBI66098.barcode47	5209022	N	55	100	0.12	d__Bacteria;p__Bacillota;c__Bacilli;o__Bacillales;f__DSM-1321;g__Peribacillus;s__Peribacillus simplex_A	Bacillota - g__Peribacillus	Peribacillus simplex_A	p__Bacillota	g__Peribacillus	11	12	12	11/12/12	25	2	TRUE	NA	TRUE	114	TRUE	NA	NA	TRUE	High quality genome	ÅGS-070224-GR4-AC-10	NA	NA	NA	NA	NA	NA	NA
PBI66098.barcode48	5980430	Y	48	100	0.09	d__Bacteria;p__Bacillota;c__Bacilli;o__Paenibacillales;f__Paenibacillaceae;g__Paenibacillus;s__Paenibacillus polymyxa_B	Bacillota - g__Paenibacillus	Paenibacillus polymyxa_B	p__Bacillota	g__Paenibacillus	12	12	12	12/12/12	24	1	TRUE	NA	TRUE	111	TRUE	NA	NA	TRUE	High quality genome	SKIV2023-GR7-AC-10	NA	NA	NA	NA	NA	NA	NA
PBI66098.barcode50	4179192	N	46	100	2	d__Bacteria;p__Bacillota;c__Bacilli;o__Bacillales;f__Bacillaceae_H;g__Priestia;s__Priestia megaterium	Bacillota - g__Priestia	Priestia megaterium	p__Bacillota	g__Priestia	16	6	12	16/6/12	25	23	FALSE	contigs>20;	NA	NA	FALSE	failed_assembly_qc	NA	TRUE	High quality genome	AGS-100424-GR9-AC-4	NA	NA	NA	NA	NA	NA	NA
PBI66098.barcode51	6736894	Y	43	100	0.68	d__Bacteria;p__Pseudomonadota;c__Gammaproteobacteria;o__Pseudomonadales;f__Pseudomonadaceae;g__Aquipseudomonas;s__Aquipseudomonas fluorescens_BH	Pseudomonadota - g__Aquipseudomonas	Aquipseudomonas fluorescens_BH	p__Pseudomonadota	g__Aquipseudomonas	9	8	8	9/8/8	25	1	TRUE	NA	TRUE	117	TRUE	NA	NA	TRUE	High quality genome	AGC-190124-GR6-R2A-11	NA	NA	NA	NA	NA	NA	NA
PBI66098.barcode52	5341501	N	39	100	6.75	d__Bacteria;p__Bacillota;c__Bacilli;o__Bacillales;f__DSM-1321;g__Peribacillus;s__Peribacillus butanolivorans	Bacillota - g__Peribacillus	Peribacillus butanolivorans	p__Bacillota	g__Peribacillus	12	13	10	12/13/10	26	6	FALSE	contamination>=5;	NA	NA	FALSE	failed_assembly_qc	NA	TRUE	Medium quality genome	BIRK-160925-GR7-LB-1	NA	NA	NA	NA	NA	NA	NA
PBI66098.barcode53	10143	N	9	8.94	0.02	d__Bacteria;p__Bacillota;c__Bacilli;o__Paenibacillales;f__Paenibacillaceae;g__Paenibacillus;s__Paenibacillus sp040544055	Bacillota - g__Paenibacillus	Paenibacillus sp040544055	p__Bacillota	g__Paenibacillus	1	1	1	1/1/1	13	145	FALSE	completeness<90;contigs>20;size<1500000;	NA	NA	FALSE	failed_assembly_qc	NA	TRUE	Low quality genome	SILK-210224-GR2-ISP2-4	NA	NA	NA	NA	NA	NA	NA
PBI66098.barcode54	206295	N	24	100	3.46	d__Bacteria;p__Bacillota;c__Bacilli;o__Bacillales;f__Bacillaceae_H;g__Priestia;s__Priestia megaterium_E	Bacillota - g__Priestia	Priestia megaterium_E	p__Bacillota	g__Priestia	11	2	6	11/2/6	27	198	FALSE	contigs>20;	NA	NA	FALSE	failed_assembly_qc	NA	TRUE	High quality genome	AGS-100424-GR12-AC-1	NA	NA	NA	NA	NA	NA	NA
PBI66098.barcode55	6041082	Y	49	100	0.58	d__Bacteria;p__Bacillota;c__Bacilli;o__Paenibacillales;f__Paenibacillaceae;g__Paenibacillus;s__Paenibacillus polymyxa_B	Bacillota - g__Paenibacillus	Paenibacillus polymyxa_B	p__Bacillota	g__Paenibacillus	12	12	12	12/12/12	25	1	TRUE	NA	TRUE	112	TRUE	NA	NA	TRUE	High quality genome	VIBY2023-GR8-AC-22	1	1	1	1	1	1	1
PBI66098.barcode56	6041437	Y	50	99.99	0.58	d__Bacteria;p__Bacteroidota;c__Bacteroidia;o__Sphingobacteriales;f__Sphingobacteriaceae;g__Pedobacter;s__Pedobacter lusitanus	Bacteroidota - g__Pedobacter	Pedobacter lusitanus	p__Bacteroidota	g__Pedobacter	7	6	6	7/6/6	24	1	TRUE	NA	TRUE	119	TRUE	NA	NA	TRUE	High quality genome	VIBY-180925-GR6-LB-17	NA	NA	NA	NA	NA	NA	NA
PBI66098.barcode57	6051415	N	33	100	0	d__Bacteria;p__Actinomycetota;c__Actinomycetes;o__Streptomycetales;f__Streptomycetaceae;g__Streptomyces;s__Streptomyces sp040611295	Actinomycetota - g__Streptomyces	Streptomyces sp040611295	p__Actinomycetota	g__Streptomyces	6	6	6	6/6/6	23	5	TRUE	NA	TRUE	115	TRUE	NA	NA	TRUE	High quality genome	MARS-190925-GR3-ISP2-2	NA	NA	NA	NA	NA	NA	NA
PBI66098.barcode58	2714262	N	31	100	0.67	d__Bacteria;p__Actinomycetota;c__Actinomycetes;o__Streptomycetales;f__Streptomycetaceae;g__Streptomyces;s__Streptomyces sp036346295	Actinomycetota - g__Streptomyces	Streptomyces sp036346295	p__Actinomycetota	g__Streptomyces	1	7	5	1/7/5	23	63	FALSE	contigs>20;	NA	NA	FALSE	failed_assembly_qc	NA	TRUE	High quality genome	BIRK-160925-GR5-10%NB-3	NA	NA	NA	NA	NA	NA	NA
PBI66098.barcode59	2419803	Y	122	99.99	0.17	d__Bacteria;p__Bacillota;c__Bacilli;o__Staphylococcales;f__Staphylococcaceae;g__Staphylococcus;s__Staphylococcus warneri	Bacillota - g__Staphylococcus	Staphylococcus warneri	p__Bacillota	g__Staphylococcus	7	6	6	7/6/6	24	3	TRUE	NA	TRUE	118	TRUE	NA	NA	TRUE	High quality genome	SIL-120324-GR5-AC-8	NA	NA	NA	NA	NA	NA	NA
PBI66098.barcode60	4616758	N	42	100	2.74	d__Bacteria;p__Bacillota;c__Bacilli;o__Bacillales;f__Bacillaceae_H;g__Priestia;s__Priestia sp003400185	Bacillota - g__Priestia	Priestia sp003400185	p__Bacillota	g__Priestia	15	12	13	15/12/13	25	21	FALSE	contigs>20;	NA	NA	FALSE	failed_assembly_qc	NA	TRUE	High quality genome	AGS-100424-GR13-AC-5	NA	NA	NA	NA	NA	NA	NA
PBI66098.barcode61	5228818	N	54	100	0.08	d__Bacteria;p__Bacillota;c__Bacilli;o__Bacillales;f__DSM-1321;g__Peribacillus;s__Peribacillus simplex_A	Bacillota - g__Peribacillus	Peribacillus simplex_A	p__Bacillota	g__Peribacillus	13	13	13	13/13/13	25	2	TRUE	NA	TRUE	114	TRUE	NA	NA	TRUE	High quality genome	SIL-120324-GR14-AC-18	NA	NA	NA	NA	NA	NA	NA
PBI66098.barcode62	4492592	N	30	100	3.89	d__Bacteria;p__Bacillota;c__Bacilli;o__Bacillales;f__Bacillaceae_H;g__Priestia;s__Priestia sp003400185	Bacillota - g__Priestia	Priestia sp003400185	p__Bacillota	g__Priestia	14	12	11	14/12/11	25	31	FALSE	contigs>20;	NA	NA	FALSE	failed_assembly_qc	NA	TRUE	High quality genome	ÅGS070224-GR7-BHI-5	NA	NA	NA	NA	NA	NA	NA
PBI66098.barcode63	3990852	Y	78	100	0.01	d__Bacteria;p__Bacillota;c__Bacilli;o__Bacillales;f__Bacillaceae;g__Bacillus;s__Bacillus velezensis	Bacillota - g__Bacillus	Bacillus velezensis	p__Bacillota	g__Bacillus	8	9	9	8/9/9	26	1	TRUE	NA	TRUE	116	TRUE	NA	NA	TRUE	High quality genome	ODS-130324-GR15-AC-8	NA	NA	NA	NA	NA	NA	NA
PBI66098.barcode64	51621	N	15	74.91	1.44	d__Bacteria;p__Bacillota;c__Bacilli;o__Paenibacillales;f__Paenibacillaceae;g__Paenibacillus;s__Paenibacillus terrae_C	Bacillota - g__Paenibacillus	Paenibacillus terrae_C	p__Bacillota	g__Paenibacillus	3	1	1	3/1/1	22	510	FALSE	completeness<90;contigs>20;	NA	NA	FALSE	failed_assembly_qc	NA	TRUE	Medium quality genome	BJG-240424-Gr4-AC-4	NA	NA	NA	NA	NA	NA	NA
PBI66098.barcode65	4676237	N	43	100	2.1	d__Bacteria;p__Bacillota;c__Bacilli;o__Bacillales;f__Bacillaceae_H;g__Priestia;s__Priestia sp003400185	Bacillota - g__Priestia	Priestia sp003400185	p__Bacillota	g__Priestia	14	13	12	14/13/12	26	13	TRUE	NA	TRUE	112	TRUE	NA	NA	TRUE	High quality genome	FAVR-310124-GR4-AC-18	NA	NA	NA	NA	NA	NA	NA
PBI66098.barcode66	6180055	Y	47	100	0.64	d__Bacteria;p__Bacillota;c__Bacilli;o__Paenibacillales;f__Paenibacillaceae;g__Paenibacillus;s__Paenibacillus sp050626875	Bacillota - g__Paenibacillus	Paenibacillus sp050626875	p__Bacillota	g__Paenibacillus	9	9	9	9/9/9	24	1	TRUE	NA	TRUE	113	TRUE	NA	NA	TRUE	High quality genome	SIL-280224-GR14-AC-3	NA	NA	NA	NA	NA	NA	NA
PBI66098.barcode67	5239011	Y	52	100	0.39	d__Bacteria;p__Bacillota;c__Bacilli;o__Bacillales;f__Bacillaceae_G;g__Bacillus_A;s__Bacillus_A mycoides	Bacillota - g__Bacillus_A	Bacillus_A mycoides	p__Bacillota	g__Bacillus_A	14	14	14	14/14/14	24	2	TRUE	NA	TRUE	110	TRUE	NA	NA	TRUE	High quality genome	VIBY-180925-GR7-LB-3	NA	NA	NA	NA	NA	NA	NA
PBI66098.barcode68	2490980	Y	114	100	0.06	d__Bacteria;p__Bacillota;c__Bacilli;o__Staphylococcales;f__Staphylococcaceae;g__Staphylococcus;s__Staphylococcus warneri	Bacillota - g__Staphylococcus	Staphylococcus warneri	p__Bacillota	g__Staphylococcus	6	5	5	6/5/5	24	3	TRUE	NA	TRUE	118	TRUE	NA	NA	TRUE	High quality genome	VIBY-180925-GR5-LB-13	NA	NA	NA	NA	NA	NA	NA
PBI66098.barcode69	2445656	Y	122	99.96	0	d__Bacteria;p__Actinomycetota;c__Actinomycetes;o__Actinomycetales;f__Micrococcaceae;g__Micrococcus;s__Micrococcus luteus	Actinomycetota - g__Micrococcus	Micrococcus luteus	p__Actinomycetota	g__Micrococcus	2	2	2	2/2/2	23	1	TRUE	NA	TRUE	118	TRUE	NA	NA	TRUE	High quality genome	VIBY-180925-GR4-LB-5	NA	NA	NA	NA	NA	NA	NA
PBI66098.barcode70	4779297	N	33	100	3.58	d__Bacteria;p__Actinomycetota;c__Actinomycetes;o__Mycobacteriales;f__Micromonosporaceae;g__Micromonospora;s__Micromonospora aurantiaca	Actinomycetota - g__Micromonospora	Micromonospora aurantiaca	p__Actinomycetota	g__Micromonospora	3	3	3	3/3/3	26	8	TRUE	NA	TRUE	108	TRUE	NA	NA	TRUE	High quality genome	MT_RV43	NA	NA	NA	NA	NA	NA	NA
PBI66098.barcode71	2673677	N	40	99.95	0	d__Bacteria;p__Actinomycetota;c__Actinomycetes;o__Streptomycetales;f__Streptomycetaceae;g__Streptomyces;s__Streptomyces lilacinus	Actinomycetota - g__Streptomyces	Streptomyces lilacinus	p__Actinomycetota	g__Streptomyces	3	7	5	3/7/5	25	6	TRUE	NA	TRUE	116	TRUE	NA	NA	TRUE	High quality genome	MT_LIL	NA	NA	NA	NA	NA	NA	NA
PBI66098.barcode72	9027421	N	32	100	0.68	d__Bacteria;p__Actinomycetota;c__Actinomycetes;o__Streptomycetales;f__Streptomycetaceae;g__Streptomyces;s__Streptomyces celluloflavus	Actinomycetota - g__Streptomyces	Streptomyces celluloflavus	p__Actinomycetota	g__Streptomyces	7	7	7	7/7/7	22	3	TRUE	NA	TRUE	115	TRUE	NA	NA	TRUE	High quality genome	MT_KAS DSM 40818	NA	NA	NA	NA	NA	NA	NA
PBI66098.barcode73	4584153	N	47	100	0.44	d__Bacteria;p__Bacillota;c__Bacilli;o__Bacillales;f__Bacillaceae_G;g__Bacillus_A;s__Bacillus_A mycoides	Bacillota - g__Bacillus_A	Bacillus_A mycoides	p__Bacillota	g__Bacillus_A	13	11	12	13/11/12	24	9	TRUE	NA	TRUE	110	TRUE	NA	NA	TRUE	High quality genome	SIL-210224-GR3-AC-1	NA	NA	NA	NA	NA	NA	NA
PBI66098.barcode74	7459050	Y	39	100	0.56	d__Bacteria;p__Bacillota;c__Bacilli;o__Paenibacillales;f__Paenibacillaceae;g__Paenibacillus;s__Paenibacillus amylolyticus	Bacillota - g__Paenibacillus	Paenibacillus amylolyticus	p__Bacillota	g__Paenibacillus	12	12	12	12/12/12	25	1	TRUE	NA	TRUE	112	TRUE	NA	NA	TRUE	High quality genome	SILK2023-GR6-AC-16	NA	NA	NA	NA	NA	NA	NA
PBI66098.barcode76	183580	N	18	100	3.31	d__Bacteria;p__Pseudomonadota;c__Gammaproteobacteria;o__Pseudomonadales;f__Pseudomonadaceae;g__Aquipseudomonas;s__Aquipseudomonas fluorescens_AJ	Pseudomonadota - g__Aquipseudomonas	Aquipseudomonas fluorescens_AJ	p__Pseudomonadota	g__Aquipseudomonas	2	1	1	2/1/1	24	164	FALSE	contigs>20;	NA	NA	FALSE	failed_assembly_qc	NA	TRUE	High quality genome	SKIV2023-GR3-PDA-10	NA	NA	NA	NA	NA	NA	NA
PBI66098.barcode77	6161505	Y	49	100	0.81	d__Bacteria;p__Bacillota;c__Bacilli;o__Paenibacillales;f__Paenibacillaceae;g__Paenibacillus;s__Paenibacillus polymyxa_B	Bacillota - g__Paenibacillus	Paenibacillus polymyxa_B	p__Bacillota	g__Paenibacillus	13	12	12	13/12/12	25	1	TRUE	NA	TRUE	112	TRUE	NA	NA	TRUE	High quality genome	HOLS2023-GR10-AC-16	1	1	1	1	1	1	1
PBI66098.barcode79	5026010	Y	59	99.88	0.74	d__Bacteria;p__Bacillota;c__Bacilli;o__Paenibacillales;f__Paenibacillaceae;g__Paenibacillus;s__Paenibacillus sp040544055	Bacillota - g__Paenibacillus	Paenibacillus sp040544055	p__Bacillota	g__Paenibacillus	10	10	10	10/10/10	23	1	TRUE	NA	TRUE	113	TRUE	NA	NA	TRUE	High quality genome	SIL-210224-GR2-AC-8	NA	NA	NA	NA	NA	NA	NA
PBI66098.barcode80	4992772	Y	59	100	0.29	d__Bacteria;p__Bacillota;c__Bacilli;o__Bacillales_A;f__Planococcaceae;g__Lysinibacillus;s__Lysinibacillus sphaericus_B	Bacillota - g__Lysinibacillus	Lysinibacillus sphaericus_B	p__Bacillota	g__Lysinibacillus	12	11	11	12/11/11	25	1	TRUE	NA	TRUE	113	TRUE	NA	NA	TRUE	High quality genome	ALS2023-GR2-AC-12	NA	NA	NA	NA	NA	NA	NA
PBI66098.barcode81	5590805	Y	52	100	0.48	d__Bacteria;p__Bacillota;c__Bacilli;o__Bacillales;f__DSM-1321;g__Peribacillus;s__Peribacillus frigoritolerans	Bacillota - g__Peribacillus	Peribacillus frigoritolerans	p__Bacillota	g__Peribacillus	14	14	14	14/14/14	24	1	TRUE	NA	TRUE	112	TRUE	NA	NA	TRUE	High quality genome	SKIV2023-GR7-AC-2	NA	NA	NA	NA	NA	NA	NA
PBI66098.barcode82	2541901	Y	104	100	0.25	d__Bacteria;p__Bacillota;c__Bacilli;o__Staphylococcales;f__Staphylococcaceae;g__Staphylococcus;s__Staphylococcus saprophyticus	Bacillota - g__Staphylococcus	Staphylococcus saprophyticus	p__Bacillota	g__Staphylococcus	6	5	5	6/5/5	24	5	TRUE	NA	TRUE	118	TRUE	NA	NA	TRUE	High quality genome	BIRK-160925-GR1-BHI-4	NA	NA	NA	NA	NA	NA	NA
PBI66098.barcode83	7158185	Y	41	100	0.21	d__Bacteria;p__Bacillota;c__Bacilli;o__Paenibacillales;f__Paenibacillaceae;g__Paenibacillus;s__Paenibacillus amylolyticus_B	Bacillota - g__Paenibacillus	Paenibacillus amylolyticus_B	p__Bacillota	g__Paenibacillus	12	12	12	12/12/12	25	1	TRUE	NA	TRUE	112	TRUE	NA	NA	TRUE	High quality genome	VIBY-180925-GR7-LB-14	NA	NA	NA	NA	NA	NA	NA
PBI66098.barcode84	2776104	N	34	100	0	d__Bacteria;p__Bacillota;c__Bacilli;o__Bacillales;f__Bacillaceae_G;g__Bacillus_A;s__Bacillus_A cereus	Bacillota - g__Bacillus_A	Bacillus_A cereus	p__Bacillota	g__Bacillus_A	14	14	14	14/14/14	24	19	TRUE	NA	TRUE	111	TRUE	NA	NA	TRUE	High quality genome	TR-280825-GR2-PDA-5	NA	NA	NA	NA	NA	NA	NA
PBI66098.barcode85	5253498	N	42	100	0.14	d__Bacteria;p__Bacillota;c__Bacilli;o__Bacillales;f__Bacillaceae_G;g__Bacillus_A;s__Bacillus_A toyonensis	Bacillota - g__Bacillus_A	Bacillus_A toyonensis	p__Bacillota	g__Bacillus_A	14	14	14	14/14/14	24	9	TRUE	NA	TRUE	110	TRUE	NA	NA	TRUE	High quality genome	OK-110925-GR2-R2A-20	NA	NA	NA	NA	NA	NA	NA
PBI66098.barcode87	3821830	N	18	100	1.29	d__Bacteria;p__Actinomycetota;c__Actinomycetes;o__Streptomycetales;f__Streptomycetaceae;g__Streptomyces;s__Streptomyces mirabilis_D	Actinomycetota - g__Streptomyces	Streptomyces mirabilis_D	p__Actinomycetota	g__Streptomyces	3	6	5	3/6/5	24	8	TRUE	NA	TRUE	113	TRUE	NA	NA	TRUE	High quality genome	AASS-011225-GR6-PDA-5	0	0	0	0	0	0	0
PBI66098.barcode88	8413182	N	32	100	0.67	d__Bacteria;p__Actinomycetota;c__Actinomycetes;o__Streptomycetales;f__Streptomycetaceae;g__Streptomyces;s__Streptomyces sp001905365	Actinomycetota - g__Streptomyces	Streptomyces sp001905365	p__Actinomycetota	g__Streptomyces	6	6	6	6/6/6	24	6	TRUE	NA	TRUE	114	TRUE	NA	NA	TRUE	High quality genome	360-011225-GR1-PDA-17	0	0	0	0	0	0	0
PBI66098.barcode89	2353949	N	28	99.99	0.23	d__Bacteria;p__Actinomycetota;c__Actinomycetes;o__Streptomycetales;f__Streptomycetaceae;g__Streptomyces;s__Streptomyces sp002080455	Actinomycetota - g__Streptomyces	Streptomyces sp002080455	p__Actinomycetota	g__Streptomyces	2	7	6	2/7/6	22	7	TRUE	NA	TRUE	115	TRUE	NA	NA	TRUE	High quality genome	AASS-011225-GR6-PDA-9	0	0	0	0	0	0	0
PBI66098.barcode90	4851512	N	35	100	0.66	d__Bacteria;p__Actinomycetota;c__Actinomycetes;o__Streptomycetales;f__Streptomycetaceae;g__Streptomyces;s__Streptomyces sp001905365	Actinomycetota - g__Streptomyces	Streptomyces sp001905365	p__Actinomycetota	g__Streptomyces	4	6	5	4/6/5	24	7	TRUE	NA	TRUE	114	TRUE	NA	NA	TRUE	High quality genome	360-011225-GR1-PDA-13	0	0	0	0	0	0	0
PBI66098.barcode91	4126197	N	39	99.99	1.35	d__Bacteria;p__Actinomycetota;c__Actinomycetes;o__Streptomycetales;f__Streptomycetaceae;g__Streptomyces;s__Streptomyces sp026343345	Actinomycetota - g__Streptomyces	Streptomyces sp026343345	p__Actinomycetota	g__Streptomyces	7	7	7	7/7/7	25	4	TRUE	NA	TRUE	113	TRUE	NA	NA	TRUE	High quality genome	AASS-011225-GR4-PDA-10	0	0	0	0	0	0	0
PBI66098.barcode92	9089968	N	32	100	1.51	d__Bacteria;p__Actinomycetota;c__Actinomycetes;o__Streptomycetales;f__Streptomycetaceae;g__Streptomyces;s__Streptomyces decoyicus	Actinomycetota - g__Streptomyces	Streptomyces decoyicus	p__Actinomycetota	g__Streptomyces	7	7	7	7/7/7	24	2	TRUE	NA	TRUE	111	TRUE	NA	NA	TRUE	High quality genome	AASS-011225-GR4-PDA-5	0	0	0	0	0	0	0
PBI66098.barcode93	1285532	N	30	99.99	0.16	d__Bacteria;p__Actinomycetota;c__Actinomycetes;o__Streptomycetales;f__Streptomycetaceae;g__Streptomyces;s__Streptomyces sp042890265	Actinomycetota - g__Streptomyces	Streptomyces sp042890265	p__Actinomycetota	g__Streptomyces	6	4	5	6/4/5	22	11	TRUE	NA	TRUE	113	TRUE	NA	NA	TRUE	High quality genome	AASS-011225-GR6-PDA-8	0	0	0	0	0	0	1
PBI66098.barcode94	7673108	N	35	100	0.47	d__Bacteria;p__Actinomycetota;c__Actinomycetes;o__Streptomycetales;f__Streptomycetaceae;g__Streptomyces;s__Streptomyces goshikiensis	Actinomycetota - g__Streptomyces	Streptomyces goshikiensis	p__Actinomycetota	g__Streptomyces	7	7	7	7/7/7	23	7	TRUE	NA	TRUE	115	TRUE	NA	NA	TRUE	High quality genome	AASS-011225-GR4-PDA-4	1	0	1	0	0	0	1
PBI66098.barcode95	3785695	N	37	100	1.02	d__Bacteria;p__Actinomycetota;c__Actinomycetes;o__Streptomycetales;f__Streptomycetaceae;g__Streptomyces;s__Streptomyces sp001746295	Actinomycetota - g__Streptomyces	Streptomyces sp001746295	p__Actinomycetota	g__Streptomyces	3	6	5	3/6/5	23	8	TRUE	NA	TRUE	112	TRUE	NA	NA	TRUE	High quality genome	TGS-091025-GR3-PDA-6	0	0	0	0	0	0	0
PBI66098.barcode96	4765120	N	31	100	1.62	d__Bacteria;p__Actinomycetota;c__Actinomycetes;o__Streptomycetales;f__Streptomycetaceae;g__Streptomyces;s__Streptomyces sp026339955	Actinomycetota - g__Streptomyces	Streptomyces sp026339955	p__Actinomycetota	g__Streptomyces	7	8	8	7/8/8	23	13	TRUE	NA	TRUE	113	TRUE	NA	NA	TRUE	High quality genome	TGS-091025-GR3-PDA-8	0	0	0	0	0	0	0
PBI66519.barcode01	8091081	N	NA	99.93	3.09	d__Bacteria;p__Bacillota;c__Bacilli;o__Paenibacillales;f__Paenibacillaceae;g__Paenibacillus_AQ;s__	Bacillota - g__Paenibacillus_AQ	Paenibacillus_AQ sp.	p__Bacillota	g__Paenibacillus_AQ	9	9	9	9/9/9	24	2	TRUE	NA	TRUE	107	TRUE	NA	NA	TRUE	High quality genome	360-011225-GR4-ISP2-3	0	0	0	0	0	0	0
PBI66519.barcode02	730031	N	NA	99.99	2.07	d__Bacteria;p__Bacillota;c__Bacilli;o__Paenibacillales;f__Paenibacillaceae;g__Paenibacillus;s__Paenibacillus sp040544055	Bacillota - g__Paenibacillus	Paenibacillus sp040544055	p__Bacillota	g__Paenibacillus	7	11	9	7/11/9	25	30	FALSE	contigs>20;	NA	NA	FALSE	failed_assembly_qc	NA	TRUE	High quality genome	360-011225-GR1-PDA-1	1	1	1	1	1	1	1
PBI66519.barcode03	5150794	N	NA	98.87	0	d__Bacteria;p__Bacillota;c__Bacilli;o__Paenibacillales;f__Paenibacillaceae;g__Paenibacillus_AQ;s__	Bacillota - g__Paenibacillus_AQ	Paenibacillus_AQ sp.	p__Bacillota	g__Paenibacillus_AQ	12	12	12	12/12/12	23	3	TRUE	NA	TRUE	113	TRUE	NA	NA	TRUE	High quality genome	360-011225-GR4-ISP2-4	0	0	1	0	0	0	0
PBI66519.barcode04	4099039	N	NA	99.97	0.15	d__Bacteria;p__Bacteroidota;c__Bacteroidia;o__Flavobacteriales;f__Weeksellaceae;g__Chryseobacterium;s__Chryseobacterium rhizosphaerae	Bacteroidota - g__Chryseobacterium	Chryseobacterium rhizosphaerae	p__Bacteroidota	g__Chryseobacterium	4	6	4	4/6/4	25	2	TRUE	NA	TRUE	118	TRUE	NA	NA	TRUE	High quality genome	MARS-201125-GR6-10%NB-1	1	0	1	0	0	0	0
PBI66519.barcode05	3343549	N	NA	100	84.81	d__Bacteria;p__Actinomycetota;c__Actinomycetes;o__Actinomycetales;f__Micrococcaceae;g__Micrococcus;s__Micrococcus luteus	Actinomycetota - g__Micrococcus	Micrococcus luteus	p__Actinomycetota	g__Micrococcus	4	4	4	4/4/4	24	4	FALSE	contamination>=5;	NA	NA	FALSE	failed_assembly_qc	NA	TRUE	Unannotated genomes	MARS-201125-GR2-AC-13	1	0	0	0	0	0	0
PBI66519.barcode06	3962342	N	NA	100	0.11	d__Bacteria;p__Pseudomonadota;c__Gammaproteobacteria;o__Pseudomonadales;f__Moraxellaceae;g__Acinetobacter;s__Acinetobacter calcoaceticus	Pseudomonadota - g__Acinetobacter	Acinetobacter calcoaceticus	p__Pseudomonadota	g__Acinetobacter	6	6	6	6/6/6	24	1	TRUE	NA	TRUE	120	TRUE	NA	NA	TRUE	High quality genome	MARS-201125-GR7-BHI-7	0	0	0	0	0	0	0
PBI66519.barcode07	3600844	N	NA	99.93	0.33	d__Bacteria;p__Actinomycetota;c__Actinomycetes;o__Actinomycetales;f__Microbacteriaceae;g__Curtobacterium;s__Curtobacterium poinsettiae	Actinomycetota - g__Curtobacterium	Curtobacterium poinsettiae	p__Actinomycetota	g__Curtobacterium	3	3	3	3/3/3	23	1	TRUE	NA	TRUE	118	TRUE	NA	NA	TRUE	High quality genome	MARS-201125-GR10-PDA-3	0	0	0	0	0	0	0
PBI66519.barcode08	5077029	N	NA	100	0.15	d__Bacteria;p__Bacillota;c__Bacilli;o__Bacillales;f__DSM-1321;g__Peribacillus;s__Peribacillus simplex	Bacillota - g__Peribacillus	Peribacillus simplex	p__Bacillota	g__Peribacillus	13	10	12	13/10/12	26	5	TRUE	NA	TRUE	113	TRUE	NA	NA	TRUE	High quality genome	MARS-201125-GR1-R2A-19	0	0	0	0	0	0	0
PBI66519.barcode09	5525129	N	NA	100	0.44	d__Bacteria;p__Bacillota;c__Bacilli;o__Bacillales;f__DSM-1321;g__Peribacillus;s__Peribacillus frigoritolerans	Bacillota - g__Peribacillus	Peribacillus frigoritolerans	p__Bacillota	g__Peribacillus	13	14	14	13/14/14	24	2	TRUE	NA	TRUE	112	TRUE	NA	NA	TRUE	High quality genome	MARS-201125-GR1-R2A-12	0	0	1	0	0	0	0
PBI66519.barcode10	5300857	N	NA	100	0.69	d__Bacteria;p__Bacillota;c__Bacilli;o__Bacillales;f__Bacillaceae_G;g__Bacillus_A;s__Bacillus_A mycoides	Bacillota - g__Bacillus_A	Bacillus_A mycoides	p__Bacillota	g__Bacillus_A	14	15	15	14/15/15	24	4	TRUE	NA	TRUE	110	TRUE	NA	NA	TRUE	High quality genome	MARS-201125-GR7-BHI-1	0	0	0	0	0	0	0
PBI66519.barcode11	3212295	N	NA	100	0	d__Bacteria;p__Bacillota;c__Bacilli;o__Bacillales;f__Bacillaceae;g__Bacillus;s__Bacillus pumilus	Bacillota - g__Bacillus	Bacillus pumilus	p__Bacillota	g__Bacillus	8	8	8	8/8/8	25	4	TRUE	NA	TRUE	117	TRUE	NA	NA	TRUE	High quality genome	MARS-201125-GR2-AC-14	1	0	1	0	0	0	0
PBI66519.barcode12	5345030	N	NA	100	0.58	d__Bacteria;p__Bacillota;c__Bacilli;o__Bacillales;f__Bacillaceae_G;g__Bacillus_A;s__Bacillus_A mycoides	Bacillota - g__Bacillus_A	Bacillus_A mycoides	p__Bacillota	g__Bacillus_A	13	14	13	13/14/13	24	7	TRUE	NA	TRUE	108	TRUE	NA	NA	TRUE	High quality genome	EGAA-131125-GR4-AC-6	1	0	0	0	0	0	0
PBI66519.barcode13	9082077	N	NA	100	0.17	d__Bacteria;p__Actinomycetota;c__Actinomycetes;o__Streptomycetales;f__Streptomycetaceae;g__Streptomyces;s__Streptomyces sp026342835	Actinomycetota - g__Streptomyces	Streptomyces sp026342835	p__Actinomycetota	g__Streptomyces	6	6	6	6/6/6	26	1	TRUE	NA	TRUE	111	TRUE	NA	NA	TRUE	High quality genome	EGAA-131125-GR2-BHI-18	0	0	0	0	0	0	0
PBI66519.barcode14	5975075	N	NA	100	0.24	d__Bacteria;p__Actinomycetota;c__Actinomycetes;o__Streptomycetales;f__Streptomycetaceae;g__Streptomyces;s__Streptomyces papulosus	Actinomycetota - g__Streptomyces	Streptomyces papulosus	p__Actinomycetota	g__Streptomyces	6	6	6	6/6/6	23	11	TRUE	NA	TRUE	117	TRUE	NA	NA	TRUE	High quality genome	EGAA-131125-GR2-PDA-11	0	0	0	0	0	0	0
PBI66519.barcode15	7659990	N	NA	100	0.03	d__Bacteria;p__Actinomycetota;c__Actinomycetes;o__Streptomycetales;f__Streptomycetaceae;g__Streptomyces;s__Streptomyces papulosus	Actinomycetota - g__Streptomyces	Streptomyces papulosus	p__Actinomycetota	g__Streptomyces	6	6	6	6/6/6	23	1	TRUE	NA	TRUE	117	TRUE	NA	NA	TRUE	High quality genome	EGAA-131125-GR2-PDA-12	0	0	0	0	0	0	0
PBI66519.barcode16	4861050	N	NA	100	0.28	d__Bacteria;p__Bacillota;c__Bacilli;o__Bacillales;f__Bacillaceae_G;g__Bacillus_A;s__Bacillus_A cereus_U	Bacillota - g__Bacillus_A	Bacillus_A cereus_U	p__Bacillota	g__Bacillus_A	12	10	10	12/10/10	24	8	TRUE	NA	TRUE	110	TRUE	NA	NA	TRUE	High quality genome	EGAA-131125-GR4-AC-4	1	0	0	1	1	1	0
PBI66519.barcode17	8835411	N	NA	100	0.2	d__Bacteria;p__Actinomycetota;c__Actinomycetes;o__Streptomycetales;f__Streptomycetaceae;g__Streptomyces;s__Streptomyces kutzneri	Actinomycetota - g__Streptomyces	Streptomyces kutzneri	p__Actinomycetota	g__Streptomyces	7	7	7	7/7/7	22	4	TRUE	NA	TRUE	116	TRUE	NA	NA	TRUE	High quality genome	EGAA-131125-GR2-BHI-17	0	0	0	0	0	0	0
PBI66519.barcode18	2108198	N	NA	100	1.16	d__Bacteria;p__Actinomycetota;c__Actinomycetes;o__Streptomycetales;f__Streptomycetaceae;g__Streptomyces;s__Streptomyces goshikiensis	Actinomycetota - g__Streptomyces	Streptomyces goshikiensis	p__Actinomycetota	g__Streptomyces	7	6	7	7/6/7	23	14	TRUE	NA	TRUE	115	TRUE	NA	NA	TRUE	High quality genome	FG-301025-GR1-PDA-4	0	0	1	0	0	0	1
PBI66519.barcode20	5134330	N	NA	100	0.15	d__Bacteria;p__Pseudomonadota;c__Gammaproteobacteria;o__Pseudomonadales;f__Pseudomonadaceae;g__Aquipseudomonas;s__Aquipseudomonas serboccidentalis	Pseudomonadota - g__Aquipseudomonas	Aquipseudomonas serboccidentalis	p__Pseudomonadota	g__Aquipseudomonas	7	6	6	7/6/6	26	4	TRUE	NA	TRUE	118	TRUE	NA	NA	TRUE	High quality genome	FG-301025-GR1-ISP2-20	0	0	0	0	0	1	1
PBI66519.barcode21	8630018	N	NA	99.99	0.45	d__Bacteria;p__Actinomycetota;c__Actinomycetes;o__Streptomycetales;f__Streptomycetaceae;g__Streptomyces;s__Streptomyces spororaveus	Actinomycetota - g__Streptomyces	Streptomyces spororaveus	p__Actinomycetota	g__Streptomyces	7	7	7	7/7/7	24	2	TRUE	NA	TRUE	115	TRUE	NA	NA	TRUE	High quality genome	FG-301025-GR1-ISP2-15	0	0	1	0	0	0	1
PBI66519.barcode23	5972839	N	NA	100	1.21	d__Bacteria;p__Actinomycetota;c__Actinomycetes;o__Streptomycetales;f__Streptomycetaceae;g__Streptomyces;s__Streptomyces goshikiensis	Actinomycetota - g__Streptomyces	Streptomyces goshikiensis	p__Actinomycetota	g__Streptomyces	7	7	7	7/7/7	23	10	TRUE	NA	TRUE	115	TRUE	NA	NA	TRUE	High quality genome	FG-301025-GR1-PDA-3	0	0	0	0	0	0	0
PBI66519.barcode24	5972841	N	NA	100	1.21	d__Bacteria;p__Actinomycetota;c__Actinomycetes;o__Streptomycetales;f__Streptomycetaceae;g__Streptomyces;s__Streptomyces goshikiensis	Actinomycetota - g__Streptomyces	Streptomyces goshikiensis	p__Actinomycetota	g__Streptomyces	7	7	7	7/7/7	23	10	TRUE	NA	TRUE	115	TRUE	NA	NA	TRUE	High quality genome	FG-301025-GR1-PDA-1	0	0	1	0	0	0	1
PBI66519.barcode25	1614591	N	NA	100	0.12	d__Bacteria;p__Pseudomonadota;c__Gammaproteobacteria;o__Enterobacterales;f__Aeromonadaceae;g__Aeromonas;s__Aeromonas encheleia	Pseudomonadota - g__Aeromonas	Aeromonas encheleia	p__Pseudomonadota	g__Aeromonas	10	11	10	10/11/10	26	16	TRUE	NA	TRUE	119	TRUE	NA	NA	TRUE	High quality genome	VEJEN-301025-GR2-R2A-4	0	0	0	0	0	0	0
PBI66519.barcode26	44786	N	NA	96.11	6.07	d__Bacteria;p__Bacillota;c__Bacilli;o__Bacillales;f__Bacillaceae_H;g__Priestia;s__Priestia megaterium	Bacillota - g__Priestia	Priestia megaterium	p__Bacillota	g__Priestia	7	6	2	7/6/2	25	870	FALSE	contamination>=5;contigs>20;	NA	NA	FALSE	failed_assembly_qc	NA	TRUE	Medium quality genome	VEJEN-301025-GR2-R2A-2	0	0	0	0	0	0	0
PBI66519.barcode27	83308	N	NA	89.93	4.7	d__Bacteria;p__Bacillota;c__Bacilli;o__Paenibacillales;f__Paenibacillaceae;g__Paenibacillus;s__Paenibacillus sp040544055	Bacillota - g__Paenibacillus	Paenibacillus sp040544055	p__Bacillota	g__Paenibacillus	6	1	1	6/1/1	22	520	FALSE	completeness<90;contigs>20;	NA	NA	FALSE	failed_assembly_qc	NA	TRUE	Medium quality genome	VEJEN-301015-GR2-PDA-14	1	0	1	0	0	1	1
PBI66519.barcode28	5727026	N	NA	100	0.11	d__Bacteria;p__Pseudomonadota;c__Gammaproteobacteria;o__Burkholderiales;f__Burkholderiaceae_D;g__Telluria;s__Telluria sp031995545	Pseudomonadota - g__Telluria	Telluria sp031995545	p__Pseudomonadota	g__Telluria	8	7	7	8/7/7	25	9	TRUE	NA	TRUE	119	TRUE	NA	NA	TRUE	High quality genome	VEJEN-301025-GR2-PDA-8	1	0	1	1	0	1	0
PBI66519.barcode29	265120	N	NA	100	0.59	d__Bacteria;p__Actinomycetota;c__Actinomycetes;o__Streptomycetales;f__Streptomycetaceae;g__Kitasatospora;s__Kitasatospora sp045208415	Actinomycetota - g__Kitasatospora	Kitasatospora sp045208415	p__Actinomycetota	g__Kitasatospora	9	7	3	9/7/3	25	283	FALSE	contigs>20;	NA	NA	FALSE	failed_assembly_qc	NA	TRUE	High quality genome	VEJEN-301025-GR2-PDA-18	0	0	0	0	0	0	0
PBI66519.barcode30	10653969	N	NA	100	0.7	d__Bacteria;p__Actinomycetota;c__Actinomycetes;o__Streptomycetales;f__Streptomycetaceae;g__Streptomyces;s__	Actinomycetota - g__Streptomyces	Streptomyces sp.	p__Actinomycetota	g__Streptomyces	6	6	6	6/6/6	23	4	TRUE	NA	TRUE	115	TRUE	NA	NA	TRUE	High quality genome	TGS-091025-GR2-ISP2-1	0	0	0	0	0	0	0
PBI66519.barcode31	11603	N	NA	6.89	0.01	d__Bacteria;p__Bacillota;c__Bacilli;o__Paenibacillales;f__Paenibacillaceae;g__Paenibacillus;s__Paenibacillus polymyxa_B	Bacillota - g__Paenibacillus	Paenibacillus polymyxa_B	p__Bacillota	g__Paenibacillus	2	1	1	2/1/1	13	92	FALSE	completeness<90;contigs>20;size<1500000;	NA	NA	FALSE	failed_assembly_qc	NA	TRUE	Low quality genome	VEJEN-301025-GR5-PDA-1	1	1	1	1	1	1	1
PBI66519.barcode32	571267	N	NA	100	1.09	d__Bacteria;p__Actinomycetota;c__Actinomycetes;o__Streptomycetales;f__Streptomycetaceae;g__Streptomyces;s__Streptomyces sp041431095	Actinomycetota - g__Streptomyces	Streptomyces sp041431095	p__Actinomycetota	g__Streptomyces	1	4	3	1/4/3	23	176	FALSE	contigs>20;	NA	NA	FALSE	failed_assembly_qc	NA	TRUE	High quality genome	TGS-091025-GR3-PDA-4	0	0	0	0	0	0	0
PBI66519.barcode33	1776522	N	NA	100	0.05	d__Bacteria;p__Actinomycetota;c__Actinomycetes;o__Streptomycetales;f__Streptomycetaceae;g__Streptomyces;s__Streptomyces rhizosphaerihabitans	Actinomycetota - g__Streptomyces	Streptomyces rhizosphaerihabitans	p__Actinomycetota	g__Streptomyces	7	2	6	7/2/6	24	14	TRUE	NA	TRUE	115	TRUE	NA	NA	TRUE	High quality genome	TGS-091025-GR3-PDA-5	0	0	0	0	0	0	0
PBI66519.barcode34	588339	N	NA	99.99	4.94	d__Bacteria;p__Actinomycetota;c__Actinomycetes;o__Streptomycetales;f__Streptomycetaceae;g__Streptomyces;s__Streptomyces sp008042115	Actinomycetota - g__Streptomyces	Streptomyces sp008042115	p__Actinomycetota	g__Streptomyces	1	3	4	1/3/4	24	516	FALSE	contigs>20;	NA	NA	FALSE	failed_assembly_qc	NA	TRUE	High quality genome	TGS-091025-GR3-PDA-13	0	0	0	0	0	0	0
PBI66519.barcode35	5450959	N	NA	100	0.86	d__Bacteria;p__Bacillota;c__Bacilli;o__Bacillales;f__DSM-1321;g__Peribacillus;s__Peribacillus frigoritolerans	Bacillota - g__Peribacillus	Peribacillus frigoritolerans	p__Bacillota	g__Peribacillus	15	16	16	15/16/16	25	3	TRUE	NA	TRUE	112	TRUE	NA	NA	TRUE	High quality genome	RIB-251125-GR2-AC-17	1	0	0	0	0	0	0
PBI66519.barcode36	3764506	N	NA	100	0.03	d__Bacteria;p__Bacillota;c__Bacilli;o__Bacillales;f__Bacillaceae;g__Bacillus;s__Bacillus pumilus	Bacillota - g__Bacillus	Bacillus pumilus	p__Bacillota	g__Bacillus	8	8	8	8/8/8	25	1	TRUE	NA	TRUE	117	TRUE	NA	NA	TRUE	High quality genome	RIB-251125-GR6-AC-2	1	0	1	1	1	1	0
PBI66519.barcode37	12572	N	NA	4.45	0	d__Bacteria;p__Bacillota;c__Bacilli;o__Paenibacillales;f__Paenibacillaceae;g__Paenibacillus;s__Paenibacillus polymyxa_D	Bacillota - g__Paenibacillus	Paenibacillus polymyxa_D	p__Bacillota	g__Paenibacillus	1	1	1	1/1/1	0	51	FALSE	completeness<90;contigs>20;size<1500000;	NA	NA	FALSE	failed_assembly_qc	NA	TRUE	Low quality genome	RIB-251125-GR5-PDA-11	0	1	1	1	1	1	1
PBI66519.barcode38	729002	N	NA	100	0.91	d__Bacteria;p__Bacillota;c__Bacilli;o__Paenibacillales;f__Paenibacillaceae;g__Paenibacillus;s__Paenibacillus polymyxa_B	Bacillota - g__Paenibacillus	Paenibacillus polymyxa_B	p__Bacillota	g__Paenibacillus	11	12	7	11/12/7	25	50	FALSE	contigs>20;	NA	NA	FALSE	failed_assembly_qc	NA	TRUE	High quality genome	RIB-251125-GR7-PDA-1	0	1	1	1	1	1	1
PBI66519.barcode39	3893758	N	NA	100	0.55	d__Bacteria;p__Actinomycetota;c__Actinomycetes;o__Streptomycetales;f__Streptomycetaceae;g__Streptomyces;s__Streptomyces sp041435195	Actinomycetota - g__Streptomyces	Streptomyces sp041435195	p__Actinomycetota	g__Streptomyces	6	8	8	6/8/8	24	9	TRUE	NA	TRUE	117	TRUE	NA	NA	TRUE	High quality genome	RIB-251125-GR6-AC-6	1	0	1	0	0	0	1
PBI66519.barcode40	8302422	N	NA	99.99	0.14	d__Bacteria;p__Actinomycetota;c__Actinomycetes;o__Streptomycetales;f__Streptomycetaceae;g__Streptomyces;s__Streptomyces sp000717915	Actinomycetota - g__Streptomyces	Streptomyces sp000717915	p__Actinomycetota	g__Streptomyces	7	7	7	7/7/7	23	3	TRUE	NA	TRUE	115	TRUE	NA	NA	TRUE	High quality genome	RIB-251125-GR6-AC-9	0	0	0	0	0	0	0
PBI66519.barcode41	3940346	N	NA	100	0.49	d__Bacteria;p__Actinomycetota;c__Actinomycetes;o__Streptomycetales;f__Streptomycetaceae;g__Streptomyces;s__Streptomyces kutzneri	Actinomycetota - g__Streptomyces	Streptomyces kutzneri	p__Actinomycetota	g__Streptomyces	7	7	7	7/7/7	23	9	TRUE	NA	TRUE	116	TRUE	NA	NA	TRUE	High quality genome	RIB-251125-GR5-R2A-2	0	0	1	0	0	0	1
PBI66519.barcode42	5015347	N	NA	100	0.88	d__Bacteria;p__Bacillota;c__Bacilli;o__Bacillales_A;f__Planococcaceae;g__Lysinibacillus;s__Lysinibacillus xylanilyticus_A	Bacillota - g__Lysinibacillus	Lysinibacillus xylanilyticus_A	p__Bacillota	g__Lysinibacillus	16	15	15	16/15/15	25	5	TRUE	NA	TRUE	113	TRUE	NA	NA	TRUE	High quality genome	RIB-251125-GR5-R2A-1	0	0	0	0	0	0	0
PBI66519.barcode43	43186	N	NA	95.27	3.28	d__Bacteria;p__Actinomycetota;c__Actinomycetes;o__Streptomycetales;f__Streptomycetaceae;g__Kitasatospora;s__Kitasatospora sp040655255	Actinomycetota - g__Kitasatospora	Kitasatospora sp040655255	p__Actinomycetota	g__Kitasatospora	3	4	1	3/4/1	21	1162	FALSE	contigs>20;	NA	NA	FALSE	failed_assembly_qc	NA	TRUE	High quality genome	AGS-131125-GR3-PDA-9	0	0	1	0	0	0	1
PBI66519.barcode44	6979650	N	NA	100	0.46	d__Bacteria;p__Pseudomonadota;c__Gammaproteobacteria;o__Burkholderiales;f__Burkholderiaceae_D;g__Rugamonas;s__Rugamonas hordei	Pseudomonadota - g__Rugamonas	Rugamonas hordei	p__Pseudomonadota	g__Rugamonas	7	7	7	7/7/7	26	1	TRUE	NA	TRUE	117	TRUE	NA	NA	TRUE	High quality genome	AGS-131125-GR3-PDA-18	0	0	0	0	0	0	0
PBI66519.barcode45	6319053	N	NA	100	0.19	d__Bacteria;p__Pseudomonadota;c__Gammaproteobacteria;o__Pseudomonadales;f__Pseudomonadaceae;g__Aquipseudomonas;s__Aquipseudomonas kilonensis	Pseudomonadota - g__Aquipseudomonas	Aquipseudomonas kilonensis	p__Pseudomonadota	g__Aquipseudomonas	6	5	5	6/5/5	24	2	TRUE	NA	TRUE	118	TRUE	NA	NA	TRUE	High quality genome	AGS-131125-GR1-AC-10B	0	0	1	0	0	1	0
PBI66519.barcode46	56176	N	NA	86.36	2.49	d__Bacteria;p__Bacillota;c__Bacilli;o__Paenibacillales;f__Paenibacillaceae;g__Paenibacillus;s__Paenibacillus sp040544055	Bacillota - g__Paenibacillus	Paenibacillus sp040544055	p__Bacillota	g__Paenibacillus	3	1	2	3/1/2	21	687	FALSE	completeness<90;contigs>20;	NA	NA	FALSE	failed_assembly_qc	NA	TRUE	Medium quality genome	AGS-131125-PDA-GR3-7	1	1	1	1	1	1	1
PBI66519.barcode47	5325595	N	NA	100	0.11	d__Bacteria;p__Pseudomonadota;c__Gammaproteobacteria;o__Enterobacterales;f__Enterobacteriaceae;g__Serratia;s__Serratia plymuthica	Pseudomonadota - g__Serratia	Serratia plymuthica	p__Pseudomonadota	g__Serratia	8	7	7	8/7/7	27	1	TRUE	NA	TRUE	118	TRUE	NA	NA	TRUE	High quality genome	AGS-131125-PDA-GR4-9	1	0	1	0	0	0	1
PBI66519.barcode48	4873677	N	NA	100	0.07	d__Bacteria;p__Pseudomonadota;c__Gammaproteobacteria;o__Enterobacterales;f__Enterobacteriaceae;g__Serratia;s__Serratia plymuthica	Pseudomonadota - g__Serratia	Serratia plymuthica	p__Pseudomonadota	g__Serratia	6	7	6	6/7/6	28	3	TRUE	NA	TRUE	118	TRUE	NA	NA	TRUE	High quality genome	AASS-011225-GR3-PDA-11	1	0	1	0	0	0	1
PBI66519.barcode49	3311825	N	NA	100	1.94	d__Bacteria;p__Bacillota;c__Bacilli;o__Bacillales;f__Bacillaceae_H;g__Priestia;s__Priestia megaterium_C	Bacillota - g__Priestia	Priestia megaterium_C	p__Bacillota	g__Priestia	13	11	16	13/11/16	25	23	FALSE	contigs>20;	NA	NA	FALSE	failed_assembly_qc	NA	TRUE	High quality genome	AASS-011225-GR5-PDA-14	0	0	0	0	0	0	0
PBI66519.barcode50	5453743	N	NA	100	0.12	d__Bacteria;p__Pseudomonadota;c__Gammaproteobacteria;o__Enterobacterales;f__Enterobacteriaceae;g__Serratia;s__Serratia plymuthica	Pseudomonadota - g__Serratia	Serratia plymuthica	p__Pseudomonadota	g__Serratia	8	7	7	8/7/7	27	1	TRUE	NA	TRUE	118	TRUE	NA	NA	TRUE	High quality genome	AASS-011225-GR3-PDA-12	1	0	1	1	0	1	1
PBI66519.barcode51	76020	N	NA	87.43	5.75	d__Bacteria;p__Bacillota;c__Bacilli;o__Bacillales;f__Bacillaceae_H;g__Priestia;s__Priestia megaterium_C	Bacillota - g__Priestia	Priestia megaterium_C	p__Bacillota	g__Priestia	3	2	2	3/2/2	25	639	FALSE	completeness<90;contamination>=5;contigs>20;	NA	NA	FALSE	failed_assembly_qc	NA	TRUE	Medium quality genome	AASS-011225-GR11-PDA-12	0	0	0	0	0	0	0
PBI66519.barcode52	51496	N	NA	81.55	1.68	d__Bacteria;p__Actinomycetota;c__Actinomycetes;o__Streptomycetales;f__Streptomycetaceae;g__Streptomyces;s__Streptomyces goshikiensis	Actinomycetota - g__Streptomyces	Streptomyces goshikiensis	p__Actinomycetota	g__Streptomyces	2	1	1	2/1/1	22	1165	FALSE	completeness<90;contigs>20;	NA	NA	FALSE	failed_assembly_qc	NA	TRUE	Medium quality genome	AASS-011225-GR6-PDA-3	1	0	1	0	0	0	1
PBI66519.barcode53	47737	N	NA	94.95	3.04	d__Bacteria;p__Actinomycetota;c__Actinomycetes;o__Streptomycetales;f__Streptomycetaceae;g__Streptomyces;s__Streptomyces sp900116325	Actinomycetota - g__Streptomyces	Streptomyces sp900116325	p__Actinomycetota	g__Streptomyces	1	1	1	1/1/1	22	1222	FALSE	contigs>20;	NA	NA	FALSE	failed_assembly_qc	NA	TRUE	High quality genome	AASS-011225-GR4-PDA-12	0	0	0	0	0	0	0
PBI66519.barcode54	3081	N	NA	5.02	0	d__Bacteria;p__Bacillota;c__Bacilli;o__Paenibacillales;f__Paenibacillaceae;g__Paenibacillus;s__Paenibacillus polymyxa_B	Bacillota - g__Paenibacillus	Paenibacillus polymyxa_B	p__Bacillota	g__Paenibacillus	NA	NA	NA	NA	NA	1	FALSE	completeness<90;size<1500000;	NA	NA	FALSE	failed_assembly_qc	NA	TRUE	Low quality genome	AASS-011225-GR5-PDA-15	0	1	1	1	1	1	1
PBI66519.barcode55	4760105	N	NA	100	0.9	d__Bacteria;p__Pseudomonadota;c__Gammaproteobacteria;o__Pseudomonadales;f__Pseudomonadaceae;g__Aquipseudomonas;s__Aquipseudomonas sp003050925	Pseudomonadota - g__Aquipseudomonas	Aquipseudomonas sp003050925	p__Pseudomonadota	g__Aquipseudomonas	8	8	7	8/8/7	26	3	TRUE	NA	TRUE	118	TRUE	NA	NA	TRUE	High quality genome	AASS-011225-GR1-PDA-11	0	0	0	0	0	0	0
PBI66519.barcode56	5453740	N	NA	100	0.12	d__Bacteria;p__Pseudomonadota;c__Gammaproteobacteria;o__Enterobacterales;f__Enterobacteriaceae;g__Serratia;s__Serratia plymuthica	Pseudomonadota - g__Serratia	Serratia plymuthica	p__Pseudomonadota	g__Serratia	8	7	7	8/7/7	27	1	TRUE	NA	TRUE	118	TRUE	NA	NA	TRUE	High quality genome	AASS-011225-GR3-R2A-6	1	1	1	1	0	1	1
PBI66519.barcode57	41305	N	NA	89.58	6.4	d__Bacteria;p__Actinomycetota;c__Actinomycetes;o__Streptomycetales;f__Streptomycetaceae;g__Streptomyces;s__Streptomyces sp900116325	Actinomycetota - g__Streptomyces	Streptomyces sp900116325	p__Actinomycetota	g__Streptomyces	4	1	1	4/1/1	26	1611	FALSE	completeness<90;contamination>=5;contigs>20;	NA	NA	FALSE	failed_assembly_qc	NA	TRUE	Medium quality genome	AASS-011225-GR6-PDA-2	0	0	0	0	0	0	0
PBI66519.barcode58	201204	N	NA	99.63	1.24	d__Bacteria;p__Actinomycetota;c__Actinomycetes;o__Streptomycetales;f__Streptomycetaceae;g__Streptomyces;s__Streptomyces sp019090105	Actinomycetota - g__Streptomyces	Streptomyces sp019090105	p__Actinomycetota	g__Streptomyces	2	1	1	2/1/1	23	183	FALSE	contigs>20;	NA	NA	FALSE	failed_assembly_qc	NA	TRUE	High quality genome	AASS-011225-GR4-PDA-1	1	0	1	0	0	0	1
PBI66519.barcode60	7237488	N	NA	99.96	0.01	d__Bacteria;p__Actinomycetota;c__Actinomycetes;o__Streptomycetales;f__Streptomycetaceae;g__Streptomyces;s__Streptomyces sp036206005	Actinomycetota - g__Streptomyces	Streptomyces sp036206005	p__Actinomycetota	g__Streptomyces	6	6	6	6/6/6	22	2	TRUE	NA	TRUE	116	TRUE	NA	NA	TRUE	High quality genome	HOR-181125-GR2-PDA-6	0	0	0	0	0	0	0
PBI66519.barcode61	7724743	N	NA	100	0.78	d__Bacteria;p__Actinomycetota;c__Actinomycetes;o__Streptomycetales;f__Streptomycetaceae;g__Streptomyces;s__Streptomyces papulosus	Actinomycetota - g__Streptomyces	Streptomyces papulosus	p__Actinomycetota	g__Streptomyces	6	6	6	6/6/6	23	6	TRUE	NA	TRUE	117	TRUE	NA	NA	TRUE	High quality genome	HOR-181125-GR2-PDA-4	0	0	0	0	0	0	1
PBI66519.barcode62	6417788	N	NA	100	0.17	d__Bacteria;p__Pseudomonadota;c__Gammaproteobacteria;o__Burkholderiales;f__Burkholderiaceae_D;g__Rugamonas;s__Rugamonas eburnea_A	Pseudomonadota - g__Rugamonas	Rugamonas eburnea_A	p__Pseudomonadota	g__Rugamonas	7	6	6	7/6/6	24	1	TRUE	NA	TRUE	119	TRUE	NA	NA	TRUE	High quality genome	HOR-181125-GR2-R2A-11	1	0	0	0	0	0	0
PBI66519.barcode63	7361473	N	NA	99.98	0.28	d__Bacteria;p__Actinomycetota;c__Actinomycetes;o__Streptomycetales;f__Streptomycetaceae;g__Streptomyces;s__Streptomyces papulosus	Actinomycetota - g__Streptomyces	Streptomyces papulosus	p__Actinomycetota	g__Streptomyces	6	6	6	6/6/6	24	6	TRUE	NA	TRUE	114	TRUE	NA	NA	TRUE	High quality genome	HOR-181125-GR2-PDA-2	0	0	1	0	0	0	1
PBI66519.barcode64	1289494	N	NA	100	0.18	d__Bacteria;p__Actinomycetota;c__Actinomycetes;o__Streptomycetales;f__Streptomycetaceae;g__Streptomyces;s__Streptomyces sp035994185	Actinomycetota - g__Streptomyces	Streptomyces sp035994185	p__Actinomycetota	g__Streptomyces	6	4	5	6/4/5	25	54	FALSE	contigs>20;	NA	NA	FALSE	failed_assembly_qc	NA	TRUE	High quality genome	HOR-181125-GR10-PDA-12	1	0	0	0	0	0	1
PBI66519.barcode65	5591265	N	NA	100	0.12	d__Bacteria;p__Actinomycetota;c__Actinomycetes;o__Mycobacteriales;f__Mycobacteriaceae;g__Rhodococcus_G;s__Rhodococcus_G tukisamuensis	Actinomycetota - g__Rhodococcus_G	Rhodococcus_G tukisamuensis	p__Actinomycetota	g__Rhodococcus_G	4	5	5	4/5/5	23	1	TRUE	NA	TRUE	117	TRUE	NA	NA	TRUE	High quality genome	HOR-181125-GR2-R2A-16	0	0	0	0	0	0	0
PBI66519.barcode66	946399	N	NA	100	1.21	d__Bacteria;p__Actinomycetota;c__Actinomycetes;o__Streptomycetales;f__Streptomycetaceae;g__Streptomyces;s__Streptomyces lutosisoli	Actinomycetota - g__Streptomyces	Streptomyces lutosisoli	p__Actinomycetota	g__Streptomyces	2	6	6	2/6/6	24	107	FALSE	contigs>20;	NA	NA	FALSE	failed_assembly_qc	NA	TRUE	High quality genome	HOR-181125-GR6-ISP2-2	0	0	0	0	0	0	0
PBI66519.barcode67	1886397	N	NA	100	0.55	d__Bacteria;p__Actinomycetota;c__Actinomycetes;o__Streptomycetales;f__Streptomycetaceae;g__Streptomyces;s__	Actinomycetota - g__Streptomyces	Streptomyces sp.	p__Actinomycetota	g__Streptomyces	5	8	7	5/8/7	24	19	TRUE	NA	TRUE	114	TRUE	NA	NA	TRUE	High quality genome	HOR-181125-GR6-ISP2-7	0	0	0	0	0	0	0
PBI66519.barcode68	6159569	N	NA	100	0.13	d__Bacteria;p__Pseudomonadota;c__Gammaproteobacteria;o__Pseudomonadales;f__Pseudomonadaceae;g__Aquipseudomonas;s__Aquipseudomonas fluorescens_BH	Pseudomonadota - g__Aquipseudomonas	Aquipseudomonas fluorescens_BH	p__Pseudomonadota	g__Aquipseudomonas	8	7	7	8/7/7	25	1	TRUE	NA	TRUE	118	TRUE	NA	NA	TRUE	High quality genome	HOR-181125-GR7-PDA-11	0	0	0	0	0	0	0
PBI66519.barcode69	378712	N	NA	99.95	1.4	d__Bacteria;p__Bacillota;c__Bacilli;o__Paenibacillales;f__Paenibacillaceae;g__Paenibacillus;s__Paenibacillus polymyxa_B	Bacillota - g__Paenibacillus	Paenibacillus polymyxa_B	p__Bacillota	g__Paenibacillus	8	4	8	8/4/8	24	115	FALSE	contigs>20;	NA	NA	FALSE	failed_assembly_qc	NA	TRUE	High quality genome	HOR-181125-GR4-PDA-6	0	1	1	1	1	1	1
PBI66519.barcode70	44344	N	NA	94.27	3.14	d__Bacteria;p__Bacillota;c__Bacilli;o__Paenibacillales;f__Paenibacillaceae;g__Paenibacillus;s__Paenibacillus polymyxa_D	Bacillota - g__Paenibacillus	Paenibacillus polymyxa_D	p__Bacillota	g__Paenibacillus	3	5	1	3/5/1	23	755	FALSE	contigs>20;	NA	NA	FALSE	failed_assembly_qc	NA	TRUE	High quality genome	HOR-181125-GR7-PDA-16	0	1	1	1	1	1	1
PBI66519.barcode71	5255060	N	NA	100	0.48	d__Bacteria;p__Bacillota;c__Bacilli;o__Bacillales;f__DSM-1321;g__Peribacillus;s__Peribacillus frigoritolerans	Bacillota - g__Peribacillus	Peribacillus frigoritolerans	p__Bacillota	g__Peribacillus	14	11	13	14/11/13	24	3	TRUE	NA	TRUE	112	TRUE	NA	NA	TRUE	High quality genome	HOR-181125-GR8-10%NB-12	0	0	1	0	0	0	1
PBI66519.barcode72	3494144	N	NA	100	0.64	d__Bacteria;p__Actinomycetota;c__Actinomycetes;o__Streptomycetales;f__Streptomycetaceae;g__Streptomyces;s__	Actinomycetota - g__Streptomyces	Streptomyces sp.	p__Actinomycetota	g__Streptomyces	6	7	8	6/7/8	24	16	TRUE	NA	TRUE	117	TRUE	NA	NA	TRUE	High quality genome	HOR-181125-GR6-ISP2-4	0	0	0	0	0	0	0
PBI66519.barcode73	1054082	N	NA	100	0.53	d__Bacteria;p__Actinomycetota;c__Actinomycetes;o__Streptomycetales;f__Streptomycetaceae;g__Streptomyces;s__Streptomyces sanglieri	Actinomycetota - g__Streptomyces	Streptomyces sanglieri	p__Actinomycetota	g__Streptomyces	5	1	3	5/1/3	24	116	FALSE	contigs>20;	NA	NA	FALSE	failed_assembly_qc	NA	TRUE	High quality genome	HOR-181125-GR4-PDA-3	0	0	1	0	0	0	1
PBI66519.barcode74	560862	N	NA	100	1.33	d__Bacteria;p__Actinomycetota;c__Actinomycetes;o__Streptomycetales;f__Streptomycetaceae;g__Streptomyces;s__Streptomyces sp026339955	Actinomycetota - g__Streptomyces	Streptomyces sp026339955	p__Actinomycetota	g__Streptomyces	8	8	7	8/8/7	24	388	FALSE	contigs>20;	NA	NA	FALSE	failed_assembly_qc	NA	TRUE	High quality genome	HOR-181125-GR6-ISP2-6	0	0	0	0	0	0	1
PBI66519.barcode76	7478266	N	NA	100	0.82	d__Bacteria;p__Pseudomonadota;c__Gammaproteobacteria;o__Pseudomonadales;f__Pseudomonadaceae;g__Aquipseudomonas;s__Aquipseudomonas sp018449725	Pseudomonadota - g__Aquipseudomonas	Aquipseudomonas sp018449725	p__Pseudomonadota	g__Aquipseudomonas	7	6	6	7/6/6	26	2	TRUE	NA	TRUE	118	TRUE	NA	NA	TRUE	High quality genome	HOR-181125-GR8-PDA-16	0	0	0	0	0	1	1
PBI66519.barcode77	2455742	N	NA	100	0.6	d__Bacteria;p__Actinomycetota;c__Actinomycetes;o__Streptomycetales;f__Streptomycetaceae;g__Streptomyces;s__Streptomyces sp000717915	Actinomycetota - g__Streptomyces	Streptomyces sp000717915	p__Actinomycetota	g__Streptomyces	7	7	8	7/7/8	25	12	TRUE	NA	TRUE	115	TRUE	NA	NA	TRUE	High quality genome	HOR-181125-GR1-PDA-16	0	0	0	0	0	0	0
PBI66519.barcode79	8697820	N	NA	100	0.42	d__Bacteria;p__Actinomycetota;c__Actinomycetes;o__Streptomycetales;f__Streptomycetaceae;g__Streptomyces;s__Streptomyces anulatus	Actinomycetota - g__Streptomyces	Streptomyces anulatus	p__Actinomycetota	g__Streptomyces	6	6	6	6/6/6	23	3	TRUE	NA	TRUE	116	TRUE	NA	NA	TRUE	High quality genome	HOR-181125-GR1-LB-20	0	0	1	0	0	0	1
PBI66519.barcode80	4109739	N	NA	100	0.03	d__Bacteria;p__Actinomycetota;c__Actinomycetes;o__Actinomycetales;f__Microbacteriaceae;g__Agromyces;s__	Actinomycetota - g__Agromyces	Agromyces sp.	p__Actinomycetota	g__Agromyces	3	3	3	3/3/3	22	1	TRUE	NA	TRUE	118	TRUE	NA	NA	TRUE	High quality genome	HOR-181125-GR3-10%NB-9	0	0	0	0	0	0	1
PBI66519.barcode81	2698454	N	NA	100	0.52	d__Bacteria;p__Bacillota;c__Bacilli;o__Bacillales;f__Bacillaceae_G;g__Bacillus_A;s__Bacillus_A mycoides	Bacillota - g__Bacillus_A	Bacillus_A mycoides	p__Bacillota	g__Bacillus_A	13	11	13	13/11/13	24	8	TRUE	NA	TRUE	110	TRUE	NA	NA	TRUE	High quality genome	HOR-181125-GR3-10%NB-6	1	0	1	0	0	0	0
PBI66519.barcode82	5318109	N	NA	100	0.55	d__Bacteria;p__Bacillota;c__Bacilli;o__Bacillales;f__Bacillaceae_G;g__Bacillus_A;s__Bacillus_A mycoides	Bacillota - g__Bacillus_A	Bacillus_A mycoides	p__Bacillota	g__Bacillus_A	14	15	15	14/15/15	24	6	TRUE	NA	TRUE	110	TRUE	NA	NA	TRUE	High quality genome	HOR-181125-GR8-10%NB-11	0	0	1	0	0	0	1
PBI66519.barcode83	7445792	N	NA	100	0.23	d__Bacteria;p__Actinomycetota;c__Actinomycetes;o__Streptomycetales;f__Streptomycetaceae;g__Streptomyces;s__Streptomyces papulosus	Actinomycetota - g__Streptomyces	Streptomyces papulosus	p__Actinomycetota	g__Streptomyces	6	6	6	6/6/6	23	4	TRUE	NA	TRUE	117	TRUE	NA	NA	TRUE	High quality genome	HOR-181125-GR2-R2A-13	0	0	1	0	0	0	1
PBI66519.barcode84	2572801	N	NA	100	1.03	d__Bacteria;p__Actinomycetota;c__Actinomycetes;o__Streptomycetales;f__Streptomycetaceae;g__Streptomyces;s__Streptomyces sp000717915	Actinomycetota - g__Streptomyces	Streptomyces sp000717915	p__Actinomycetota	g__Streptomyces	6	7	6	6/7/6	23	8	TRUE	NA	TRUE	115	TRUE	NA	NA	TRUE	High quality genome	HOR-181125-GR10-PDA-10	0	0	0	0	0	0	0
PBI66519.barcode85	4911497	N	NA	100	0.43	d__Bacteria;p__Actinomycetota;c__Actinomycetes;o__Streptomycetales;f__Streptomycetaceae;g__Streptomyces;s__Streptomyces virginiae_A	Actinomycetota - g__Streptomyces	Streptomyces virginiae_A	p__Actinomycetota	g__Streptomyces	4	7	5	4/7/5	22	5	TRUE	NA	TRUE	116	TRUE	NA	NA	TRUE	High quality genome	HOR-181125-GR6-ISP2-3	0	0	0	0	0	0	0
PBI66519.barcode86	3732064	N	NA	100	0.03	d__Bacteria;p__Bacillota;c__Bacilli;o__Bacillales;f__Bacillaceae_G;g__Bacillus_A;s__Bacillus_A mycoides	Bacillota - g__Bacillus_A	Bacillus_A mycoides	p__Bacillota	g__Bacillus_A	12	9	12	12/9/12	24	21	FALSE	contigs>20;	NA	NA	FALSE	failed_assembly_qc	NA	TRUE	High quality genome	AASS-011225-GR1-PDA-10	0	0	0	0	0	0	0
PBI66519.barcode87	4080934	N	NA	99.94	0.01	d__Bacteria;p__Actinomycetota;c__Actinomycetes;o__Streptomycetales;f__Streptomycetaceae;g__Streptomyces;s__Streptomyces sp001905825	Actinomycetota - g__Streptomyces	Streptomyces sp001905825	p__Actinomycetota	g__Streptomyces	6	5	6	6/5/6	25	8	TRUE	NA	TRUE	116	TRUE	NA	NA	TRUE	High quality genome	AASS-011225-GR6-PDA-4	0	0	0	0	0	0	0
PBI66519.barcode88	4605374	N	NA	100	0	d__Bacteria;p__Bacillota;c__Bacilli;o__Bacillales;f__Bacillaceae_G;g__Bacillus_A;s__Bacillus_A mycoides	Bacillota - g__Bacillus_A	Bacillus_A mycoides	p__Bacillota	g__Bacillus_A	13	13	23	13/13/23	24	14	TRUE	NA	TRUE	109	TRUE	NA	NA	TRUE	High quality genome	360-011225-GR5-PDA-7	0	0	0	0	0	0	0
PBI66519.barcode89	2026683	N	NA	100	0.18	d__Bacteria;p__Actinomycetota;c__Actinomycetes;o__Streptomycetales;f__Streptomycetaceae;g__Streptomyces;s__Streptomyces papulosus	Actinomycetota - g__Streptomyces	Streptomyces papulosus	p__Actinomycetota	g__Streptomyces	6	4	6	6/4/6	23	11	TRUE	NA	TRUE	117	TRUE	NA	NA	TRUE	High quality genome	HOR-181125-GR6-PDA-13	0	0	1	0	0	1	1
PBI66519.barcode90	3962267	N	NA	100	0.25	d__Bacteria;p__Bacillota;c__Bacilli;o__Bacillales;f__Bacillaceae_G;g__Bacillus_A;s__Bacillus_A mycoides	Bacillota - g__Bacillus_A	Bacillus_A mycoides	p__Bacillota	g__Bacillus_A	13	13	8	13/13/8	24	16	TRUE	NA	TRUE	110	TRUE	NA	NA	TRUE	High quality genome	RIB-251125-GR7-PDA-9	0	0	0	0	0	0	1
PBI66519.barcode91	1995369	N	NA	100	0.12	d__Bacteria;p__Actinomycetota;c__Actinomycetes;o__Streptomycetales;f__Streptomycetaceae;g__Streptomyces;s__Streptomyces papulosus	Actinomycetota - g__Streptomyces	Streptomyces papulosus	p__Actinomycetota	g__Streptomyces	1	6	5	1/6/5	23	22	FALSE	contigs>20;	NA	NA	FALSE	failed_assembly_qc	NA	TRUE	High quality genome	HOR-181125-GR6-PDA-12	1	0	1	0	0	0	0
PBI66519.barcode92	4212682	N	NA	100	0.13	d__Bacteria;p__Actinomycetota;c__Actinomycetes;o__Streptomycetales;f__Streptomycetaceae;g__Streptomyces;s__Streptomyces stackebrandtii	Actinomycetota - g__Streptomyces	Streptomyces stackebrandtii	p__Actinomycetota	g__Streptomyces	6	5	6	6/5/6	24	6	TRUE	NA	TRUE	117	TRUE	NA	NA	TRUE	High quality genome	HOR-181125-GR7-PDA-17	1	0	1	0	0	0	1
PBI66519.barcode93	2163132	N	NA	99.68	0.1	d__Bacteria;p__Bacteroidota;c__Bacteroidia;o__Flavobacteriales;f__Flavobacteriaceae;g__Flavobacterium;s__	Bacteroidota - g__Flavobacterium	Flavobacterium sp.	p__Bacteroidota	g__Flavobacterium	6	5	7	6/5/7	22	6	TRUE	NA	TRUE	120	TRUE	NA	NA	TRUE	High quality genome	HOR-181125-GR1-PDA-2	0	0	0	0	0	0	0
PBI66519.barcode94	8781857	N	NA	100	0.38	d__Bacteria;p__Actinomycetota;c__Actinomycetes;o__Streptomycetales;f__Streptomycetaceae;g__Streptomyces;s__Streptomyces stackebrandtii	Actinomycetota - g__Streptomyces	Streptomyces stackebrandtii	p__Actinomycetota	g__Streptomyces	7	7	7	7/7/7	24	2	TRUE	NA	TRUE	117	TRUE	NA	NA	TRUE	High quality genome	AGS-131125-GR4-BHI-6	0	0	0	0	0	0	1
PBI66519.barcode95	8151142	N	NA	100	4.45	d__Bacteria;p__Bacillota;c__Bacilli;o__Paenibacillales;f__Paenibacillaceae;g__Paenibacillus_AQ;s__	Bacillota - g__Paenibacillus_AQ	Paenibacillus_AQ sp.	p__Bacillota	g__Paenibacillus_AQ	10	9	9	10/9/9	24	2	TRUE	NA	TRUE	107	TRUE	NA	NA	TRUE	High quality genome	360-011225-GR4-ISP2-2	0	0	0	0	0	0	0
PBI66519.barcode96	1951201	N	NA	100	0.78	d__Bacteria;p__Actinomycetota;c__Actinomycetes;o__Streptomycetales;f__Streptomycetaceae;g__Streptomyces;s__Streptomyces sp024721315	Actinomycetota - g__Streptomyces	Streptomyces sp024721315	p__Actinomycetota	g__Streptomyces	2	7	6	2/7/6	24	22	FALSE	contigs>20;	NA	NA	FALSE	failed_assembly_qc	NA	TRUE	High quality genome	HOR-181125-GR7-PDA-20	0	0	0	0	0	0	1
PBK85545.barcode01	5244341	Y	51	100	0.46	d__Bacteria;p__Bacillota;c__Bacilli;o__Bacillales;f__Bacillaceae_G;g__Bacillus_A;s__Bacillus_A mycoides	Bacillota - g__Bacillus_A	Bacillus_A mycoides	p__Bacillota	g__Bacillus_A	14	14	14	14/14/14	24	5	TRUE	NA	TRUE	110	TRUE	NA	NA	TRUE	High quality genome	SG-15-01-26-GR2-BHI-14	0	0	1	0	0	0	1
PBK85545.barcode02	6109266	Y	49	100	0.3	d__Bacteria;p__Pseudomonadota;c__Gammaproteobacteria;o__Xanthomonadales;f__Xanthomonadaceae;g__Lysobacter;s__	Pseudomonadota - g__Lysobacter	Lysobacter sp.	p__Pseudomonadota	g__Lysobacter	2	2	2	2/2/2	24	1	TRUE	NA	TRUE	119	TRUE	NA	NA	TRUE	High quality genome	HG-24-02-26-GR5-10%NB-12	0	0	1	0	0	0	0
PBK85545.barcode03	8577474	N	27	100	3.09	d__Bacteria;p__Actinomycetota;c__Actinomycetes;o__Streptomycetales;f__Streptomycetaceae;g__Streptomyces;s__	Actinomycetota - g__Streptomyces	Streptomyces sp.	p__Actinomycetota	g__Streptomyces	7	7	7	7/7/7	23	10	TRUE	NA	TRUE	116	TRUE	NA	NA	TRUE	High quality genome	SKG-27-02-26-GR1-ISP2-2	1	1	1	1	1	1	1
PBK85545.barcode04	7166790	Y	42	100	0.14	d__Bacteria;p__Pseudomonadota;c__Gammaproteobacteria;o__Pseudomonadales;f__Pseudomonadaceae;g__Aquipseudomonas;s__Aquipseudomonas yamanorum	Pseudomonadota - g__Aquipseudomonas	Aquipseudomonas yamanorum	p__Pseudomonadota	g__Aquipseudomonas	6	5	5	6/5/5	24	1	TRUE	NA	TRUE	117	TRUE	NA	NA	TRUE	High quality genome	SS-13-03-26-GR12-10%NB-18	0	0	0	0	0	0	0
PBK85545.barcode05	4098059	Y	72	100	0.09	d__Bacteria;p__Bacillota;c__Bacilli;o__Bacillales;f__Bacillaceae;g__Bacillus;s__Bacillus velezensis	Bacillota - g__Bacillus	Bacillus velezensis	p__Bacillota	g__Bacillus	9	9	9	9/9/9	25	2	TRUE	NA	TRUE	116	TRUE	NA	NA	TRUE	High quality genome	SS-13-03-26-GR16-R2A-1	0	0	0	0	0	0	0
PBK85545.barcode06	5262922	Y	50	100	0.47	d__Bacteria;p__Bacillota;c__Bacilli;o__Bacillales;f__Bacillaceae_G;g__Bacillus_A;s__Bacillus_A wiedmannii	Bacillota - g__Bacillus_A	Bacillus_A wiedmannii	p__Bacillota	g__Bacillus_A	14	14	14	14/14/14	24	3	TRUE	NA	TRUE	110	TRUE	NA	NA	TRUE	High quality genome	MUN-27-03-26-GR2-AC-6	0	0	0	0	0	0	0
PBK85545.barcode07	200909	N	56	100	2.76	d__Bacteria;p__Bacillota;c__Bacilli;o__Bacillales;f__Bacillaceae_H;g__Priestia;s__Priestia megaterium	Bacillota - g__Priestia	Priestia megaterium	p__Bacillota	g__Priestia	11	6	13	11/6/13	25	208	FALSE	contigs>20;	NA	NA	FALSE	failed_assembly_qc	NA	TRUE	High quality genome	MUN-20-01-26-GR2-PDA-1	0	0	0	0	0	0	0
PBK85545.barcode08	6042507	Y	49	100	0.18	d__Bacteria;p__Bacillota;c__Bacilli;o__Paenibacillales;f__Paenibacillaceae;g__Paenibacillus;s__Paenibacillus polymyxa_B	Bacillota - g__Paenibacillus	Paenibacillus polymyxa_B	p__Bacillota	g__Paenibacillus	12	12	12	12/12/12	25	2	TRUE	NA	TRUE	111	TRUE	NA	NA	TRUE	High quality genome	MUN-20-01-26-GR4-AC-11	1	1	1	1	1	1	1
PBK85545.barcode09	5583927	N	40	100	0.26	d__Bacteria;p__Bacillota;c__Bacilli;o__Paenibacillales;f__Paenibacillaceae;g__Paenibacillus;s__Paenibacillus polymyxa_B	Bacillota - g__Paenibacillus	Paenibacillus polymyxa_B	p__Bacillota	g__Paenibacillus	12	12	12	12/12/12	25	4	TRUE	NA	TRUE	111	TRUE	NA	NA	TRUE	High quality genome	SS-13-03-26-GR14-PDA-4	1	0	1	0	1	1	1
PBK85545.barcode10	4408552	Y	65	100	1.87	d__Bacteria;p__Bacillota;c__Bacilli;o__Bacillales_A;f__Planococcaceae;g__Viridibacillus;s__Viridibacillus arenosi	Bacillota - g__Viridibacillus	Viridibacillus arenosi	p__Bacillota	g__Viridibacillus	11	11	11	11/11/11	25	4	TRUE	NA	TRUE	112	TRUE	NA	NA	TRUE	High quality genome	SS-13-03-26-GR18-R2A-10	1	0	1	0	0	0	1
PBK85545.barcode11	6544165	Y	45	100	0.41	d__Bacteria;p__Pseudomonadota;c__Gammaproteobacteria;o__Pseudomonadales;f__Pseudomonadaceae;g__Aquipseudomonas;s__Aquipseudomonas sp003050925	Pseudomonadota - g__Aquipseudomonas	Aquipseudomonas sp003050925	p__Pseudomonadota	g__Aquipseudomonas	9	8	8	9/8/8	26	1	TRUE	NA	TRUE	118	TRUE	NA	NA	TRUE	High quality genome	MUN-27-03-26-GR1-R2A-8	0	0	0	0	0	0	0
PBK85545.barcode12	3768212	Y	79	100	0.05	d__Bacteria;p__Bacillota;c__Bacilli;o__Bacillales;f__Bacillaceae;g__Bacillus;s__Bacillus altitudinis	Bacillota - g__Bacillus	Bacillus altitudinis	p__Bacillota	g__Bacillus	7	8	8	7/8/8	25	2	TRUE	NA	TRUE	117	TRUE	NA	NA	TRUE	High quality genome	MUN-27-03-26-GR5-BHI-5	0	0	0	0	0	0	0
PBK85545.barcode13	3931665	Y	74	100	0.28	d__Bacteria;p__Bacillota;c__Bacilli;o__Bacillales;f__Bacillaceae;g__Bacillus;s__Bacillus altitudinis	Bacillota - g__Bacillus	Bacillus altitudinis	p__Bacillota	g__Bacillus	8	8	8	8/8/8	24	2	TRUE	NA	TRUE	116	TRUE	NA	NA	TRUE	High quality genome	RK-08-04-26-GR4-BHI-20	0	0	0	0	0	0	0
PBK85545.barcode14	6376531	Y	47	100	0.31	d__Bacteria;p__Pseudomonadota;c__Gammaproteobacteria;o__Pseudomonadales;f__Pseudomonadaceae;g__Aquipseudomonas;s__Aquipseudomonas lini_B	Pseudomonadota - g__Aquipseudomonas	Aquipseudomonas lini_B	p__Pseudomonadota	g__Aquipseudomonas	7	6	6	7/6/6	25	1	TRUE	NA	TRUE	118	TRUE	NA	NA	TRUE	High quality genome	RK-08-04-26-GR7-PDA-14	0	0	0	0	0	0	0
PBK85545.barcode15	9176575	N	31	100	1.29	d__Bacteria;p__Actinomycetota;c__Actinomycetes;o__Streptomycetales;f__Streptomycetaceae;g__Streptomyces;s__Streptomyces sanglieri	Actinomycetota - g__Streptomyces	Streptomyces sanglieri	p__Actinomycetota	g__Streptomyces	6	6	6	6/6/6	25	3	TRUE	NA	TRUE	112	TRUE	NA	NA	TRUE	High quality genome	RAG-21-01-26-GR5-AC-1	0	0	1	0	1	0	0
PBK85545.barcode16	5486608	Y	42	100	92.62	d__Bacteria;p__Pseudomonadota;c__Gammaproteobacteria;o__Pseudomonadales;f__Pseudomonadaceae;g__Aquipseudomonas;s__Aquipseudomonas viridiflava_D	Pseudomonadota - g__Aquipseudomonas	Aquipseudomonas viridiflava_D	p__Pseudomonadota	g__Aquipseudomonas	14	12	12	14/12/12	27	33	FALSE	contamination>=5;contigs>20;	NA	NA	FALSE	failed_assembly_qc	NA	TRUE	Unannotated genomes	RAG-21-01-26-GR3-AC-14	0	0	0	0	0	0	0
PBK85545.barcode17	592625	N	27	100	1.05	d__Bacteria;p__Actinomycetota;c__Actinomycetes;o__Streptomycetales;f__Streptomycetaceae;g__Streptomyces;s__Streptomyces sp040639015	Actinomycetota - g__Streptomyces	Streptomyces sp040639015	p__Actinomycetota	g__Streptomyces	6	6	7	6/6/7	23	165	FALSE	contigs>20;	NA	NA	FALSE	failed_assembly_qc	NA	TRUE	High quality genome	SKG-27-02-26-GR1-ISP2-20	1	0	1	0	0	0	1
PBK85545.barcode18	8731925	N	34	100	0.3	d__Bacteria;p__Actinomycetota;c__Actinomycetes;o__Streptomycetales;f__Streptomycetaceae;g__Streptomyces;s__Streptomyces virginiae_A	Actinomycetota - g__Streptomyces	Streptomyces virginiae_A	p__Actinomycetota	g__Streptomyces	7	7	7	7/7/7	22	3	TRUE	NA	TRUE	114	TRUE	NA	NA	TRUE	High quality genome	SG-15-01-26-GR7-ISP2-7	0	0	1	0	0	0	0
PBK85545.barcode19	2165432	N	28	99.99	1.8	d__Bacteria;p__Actinomycetota;c__Actinomycetes;o__Streptomycetales;f__Streptomycetaceae;g__Streptomyces;s__Streptomyces sp026343345	Actinomycetota - g__Streptomyces	Streptomyces sp026343345	p__Actinomycetota	g__Streptomyces	4	7	6	4/7/6	26	10	TRUE	NA	TRUE	113	TRUE	NA	NA	TRUE	High quality genome	SG-15-01-26-GR1-ISP2-19	1	0	0	0	0	0	1
PBK85545.barcode20	3536905	N	32	100	0.04	d__Bacteria;p__Actinomycetota;c__Actinomycetes;o__Streptomycetales;f__Streptomycetaceae;g__Streptomyces;s__Streptomyces sp026342235	Actinomycetota - g__Streptomyces	Streptomyces sp026342235	p__Actinomycetota	g__Streptomyces	7	7	7	7/7/7	22	8	TRUE	NA	TRUE	115	TRUE	NA	NA	TRUE	High quality genome	SS-13-03-26-GR11-ISP2-18	0	1	0	0	0	0	1
PBK85545.barcode21	8932530	N	34	100	0.88	d__Bacteria;p__Actinomycetota;c__Actinomycetes;o__Streptomycetales;f__Streptomycetaceae;g__Streptomyces;s__Streptomyces virginiae_A	Actinomycetota - g__Streptomyces	Streptomyces virginiae_A	p__Actinomycetota	g__Streptomyces	7	7	7	7/7/7	22	2	TRUE	NA	TRUE	115	TRUE	NA	NA	TRUE	High quality genome	SKG-27-02-26-GR1-ISP2-18	0	0	1	0	0	0	0
PBK85545.barcode23	7813421	N	38	99.99	0.29	d__Bacteria;p__Actinomycetota;c__Actinomycetes;o__Streptomycetales;f__Streptomycetaceae;g__Streptomyces;s__	Actinomycetota - g__Streptomyces	Streptomyces sp.	p__Actinomycetota	g__Streptomyces	7	7	7	7/7/7	22	2	TRUE	NA	TRUE	118	TRUE	NA	NA	TRUE	High quality genome	MUN-27-03-26-GR8-BHI-4	1	1	1	1	1	1	1
PBK85545.barcode24	8860958	N	34	100	0.16	d__Bacteria;p__Actinomycetota;c__Actinomycetes;o__Streptomycetales;f__Streptomycetaceae;g__Streptomyces;s__Streptomyces anulatus	Actinomycetota - g__Streptomyces	Streptomyces anulatus	p__Actinomycetota	g__Streptomyces	6	6	6	6/6/6	24	2	TRUE	NA	TRUE	116	TRUE	NA	NA	TRUE	High quality genome	SKG-27-02-26-GR3-ISP2-2	0	0	1	0	0	1	1
PBK85545.barcode25	2625010	N	35	100	0.21	d__Bacteria;p__Actinomycetota;c__Actinomycetes;o__Streptomycetales;f__Streptomycetaceae;g__Streptomyces;s__Streptomyces sp036346295	Actinomycetota - g__Streptomyces	Streptomyces sp036346295	p__Actinomycetota	g__Streptomyces	7	3	7	7/3/7	24	55	FALSE	contigs>20;	NA	NA	FALSE	failed_assembly_qc	NA	TRUE	High quality genome	HG-24-02-26-GR6-BHI-17	0	0	1	0	0	0	1
PBK85545.barcode26	6475621	N	37	100	0.19	d__Bacteria;p__Actinomycetota;c__Actinomycetes;o__Streptomycetales;f__Streptomycetaceae;g__Streptomyces;s__Streptomyces sp036346295	Actinomycetota - g__Streptomyces	Streptomyces sp036346295	p__Actinomycetota	g__Streptomyces	7	7	7	7/7/7	24	13	TRUE	NA	TRUE	116	TRUE	NA	NA	TRUE	High quality genome	HG-24-02-26-GR6-AC-14	1	0	1	0	0	0	1
PBK85545.barcode27	631378	N	28	100	0.05	d__Bacteria;p__Actinomycetota;c__Actinomycetes;o__Streptomycetales;f__Streptomycetaceae;g__Streptomyces;s__Streptomyces coriariae	Actinomycetota - g__Streptomyces	Streptomyces coriariae	p__Actinomycetota	g__Streptomyces	1	5	3	1/5/3	24	144	FALSE	contigs>20;	NA	NA	FALSE	failed_assembly_qc	NA	TRUE	High quality genome	RK-08-04-26-GR2-ISP2-8	0	0	1	0	0	0	0
PBK85545.barcode28	5163178	Y	41	100	1.58	d__Bacteria;p__Pseudomonadota;c__Gammaproteobacteria;o__Burkholderiales;f__Burkholderiaceae_C;g__Variovorax;s__	Pseudomonadota - g__Variovorax	Variovorax sp.	p__Pseudomonadota	g__Variovorax	2	2	2	2/2/2	25	3	TRUE	NA	TRUE	119	TRUE	NA	NA	TRUE	High quality genome	SKG-27-02-26-GR3-PDA-11	0	0	0	0	0	0	0
PBK85545.barcode29	3655211	Y	82	99.99	0.17	d__Bacteria;p__Pseudomonadota;c__Gammaproteobacteria;o__Pseudomonadales;f__Moraxellaceae;g__Acinetobacter;s__Acinetobacter baylyi	Pseudomonadota - g__Acinetobacter	Acinetobacter baylyi	p__Pseudomonadota	g__Acinetobacter	7	7	7	7/7/7	23	1	TRUE	NA	TRUE	120	TRUE	NA	NA	TRUE	High quality genome	MUN-27-03-26-GR7-ISP2-13	1	0	1	0	0	0	1
PBK85545.barcode30	11221535	N	26	100	1.67	d__Bacteria;p__Actinomycetota;c__Actinomycetes;o__Streptomycetales;f__Streptomycetaceae;g__Streptomyces;s__	Actinomycetota - g__Streptomyces	Streptomyces sp.	p__Actinomycetota	g__Streptomyces	6	6	6	6/6/6	25	2	TRUE	NA	TRUE	114	TRUE	NA	NA	TRUE	High quality genome	SKG-27-02-26-GR1-ISP2-13	0	0	1	0	0	0	0
PBK85545.barcode31	7193515	N	42	100	0.83	d__Bacteria;p__Actinomycetota;c__Actinomycetes;o__Streptomycetales;f__Streptomycetaceae;g__Streptomyces;s__Streptomyces halstedii	Actinomycetota - g__Streptomyces	Streptomyces halstedii	p__Actinomycetota	g__Streptomyces	6	6	6	6/6/6	24	2	TRUE	NA	TRUE	116	TRUE	NA	NA	TRUE	High quality genome	SS-13-03-26-GR5-ISP2-18	0	0	1	0	0	0	1
PBK85545.barcode32	2029387	N	44	100	0.46	d__Bacteria;p__Bacillota;c__Bacilli;o__Paenibacillales;f__Paenibacillaceae;g__Paenibacillus;s__Paenibacillus polymyxa_B	Bacillota - g__Paenibacillus	Paenibacillus polymyxa_B	p__Bacillota	g__Paenibacillus	8	11	11	8/11/11	24	6	TRUE	NA	TRUE	111	TRUE	NA	NA	TRUE	High quality genome	SG-15-01-26-GR6-10%NB-15	0	1	0	0	1	0	1
PBK85545.barcode33	2040407	N	24	98.95	1.14	d__Bacteria;p__Actinomycetota;c__Actinomycetes;o__Streptomycetales;f__Streptomycetaceae;g__Kitasatospora;s__Kitasatospora purpeofusca	Actinomycetota - g__Kitasatospora	Kitasatospora purpeofusca	p__Actinomycetota	g__Kitasatospora	7	11	8	7/11/8	22	99	FALSE	contigs>20;	NA	NA	FALSE	failed_assembly_qc	NA	TRUE	High quality genome	MUN-27-03-26-GR1-ISP2-19	1	0	1	0	0	1	1
PBK85545.barcode34	8793640	N	33	100	0.41	d__Bacteria;p__Actinomycetota;c__Actinomycetes;o__Streptomycetales;f__Streptomycetaceae;g__Streptomyces;s__	Actinomycetota - g__Streptomyces	Streptomyces sp.	p__Actinomycetota	g__Streptomyces	7	7	7	7/7/7	25	3	TRUE	NA	TRUE	116	TRUE	NA	NA	TRUE	High quality genome	MUN-27-03-26-GR5-ISP2-14	0	0	0	0	0	0	0
PBK85545.barcode35	6746678	Y	42	100	0.42	d__Bacteria;p__Pseudomonadota;c__Gammaproteobacteria;o__Pseudomonadales;f__Pseudomonadaceae;g__Aquipseudomonas;s__Aquipseudomonas grandcourensis	Pseudomonadota - g__Aquipseudomonas	Aquipseudomonas grandcourensis	p__Pseudomonadota	g__Aquipseudomonas	8	7	7	8/7/7	26	2	TRUE	NA	TRUE	118	TRUE	NA	NA	TRUE	High quality genome	RK-08-04-26-GR7-PDA-12	0	0	1	0	0	0	0
PBK85545.barcode36	5830488	Y	52	100	0.09	d__Bacteria;p__Bacteroidota;c__Bacteroidia;o__Flavobacteriales;f__Flavobacteriaceae;g__Flavobacterium;s__Flavobacterium sp000813005	Bacteroidota - g__Flavobacterium	Flavobacterium sp000813005	p__Bacteroidota	g__Flavobacterium	8	8	8	8/8/8	25	1	TRUE	NA	TRUE	119	TRUE	NA	NA	TRUE	High quality genome	SG-15-01-26-GR7-ISP2-10	0	0	0	0	0	0	0
PBK85545.barcode37	7704443	N	35	99.99	0.72	d__Bacteria;p__Actinomycetota;c__Actinomycetes;o__Streptomycetales;f__Streptomycetaceae;g__Streptomyces;s__Streptomyces goshikiensis	Actinomycetota - g__Streptomyces	Streptomyces goshikiensis	p__Actinomycetota	g__Streptomyces	6	6	6	6/6/6	23	5	TRUE	NA	TRUE	115	TRUE	NA	NA	TRUE	High quality genome	VG-30-01-26-GR2-ISP2-9	0	0	1	1	1	0	1
PBK85545.barcode38	6189226	N	43	100	1.05	d__Bacteria;p__Bacillota;c__Bacilli;o__Paenibacillales;f__Paenibacillaceae;g__Paenibacillus_K;s__Paenibacillus_K selenitireducens	Bacillota - g__Paenibacillus_K	Paenibacillus_K selenitireducens	p__Bacillota	g__Paenibacillus_K	9	9	9	9/9/9	23	5	TRUE	NA	TRUE	107	TRUE	NA	NA	TRUE	High quality genome	VG-30-01-26-GR4-ISP2-4	1	0	1	0	0	0	0
PBK85545.barcode39	8959777	N	35	99.96	0.03	d__Bacteria;p__Actinomycetota;c__Actinomycetes;o__Streptomycetales;f__Streptomycetaceae;g__Streptomyces;s__	Actinomycetota - g__Streptomyces	Streptomyces sp.	p__Actinomycetota	g__Streptomyces	6	6	6	6/6/6	25	2	TRUE	NA	TRUE	116	TRUE	NA	NA	TRUE	High quality genome	RAG-21-01-26-GR1-ISP2-4	0	0	0	0	0	0	0
PBK85545.barcode40	5484397	N	43	99.98	0.76	d__Bacteria;p__Actinomycetota;c__Actinomycetes;o__Streptomycetales;f__Streptomycetaceae;g__Streptomyces;s__Streptomyces goshikiensis	Actinomycetota - g__Streptomyces	Streptomyces goshikiensis	p__Actinomycetota	g__Streptomyces	7	7	7	7/7/7	23	4	TRUE	NA	TRUE	115	TRUE	NA	NA	TRUE	High quality genome	HG-24-02-26-GR1-ISP2-15	0	0	1	0	0	0	1
PBK85545.barcode41	7607377	N	38	100	0.18	d__Bacteria;p__Actinomycetota;c__Actinomycetes;o__Streptomycetales;f__Streptomycetaceae;g__Streptomyces;s__Streptomyces papulosus	Actinomycetota - g__Streptomyces	Streptomyces papulosus	p__Actinomycetota	g__Streptomyces	6	6	6	6/6/6	24	5	TRUE	NA	TRUE	117	TRUE	NA	NA	TRUE	High quality genome	SS-13-03-26-GR5-ISP2-19	0	1	1	1	0	1	0
PBK85545.barcode42	2507947	Y	118	100	0.04	d__Bacteria;p__Bacillota;c__Bacilli;o__Staphylococcales;f__Staphylococcaceae;g__Staphylococcus;s__Staphylococcus epidermidis	Bacillota - g__Staphylococcus	Staphylococcus epidermidis	p__Bacillota	g__Staphylococcus	7	6	6	7/6/6	24	2	TRUE	NA	TRUE	118	TRUE	NA	NA	TRUE	High quality genome	MUN-27-03-26-GR1-ISP2-12	0	0	0	0	0	0	0
PBK85545.barcode43	9899281	N	28	100	2	d__Bacteria;p__Actinomycetota;c__Actinomycetes;o__Streptomycetales;f__Streptomycetaceae;g__Kitasatospora;s__Kitasatospora sp026342405	Actinomycetota - g__Kitasatospora	Kitasatospora sp026342405	p__Actinomycetota	g__Kitasatospora	9	9	9	9/9/9	25	4	TRUE	NA	TRUE	114	TRUE	NA	NA	TRUE	High quality genome	MUN-27-03-26-GR9-ISP2-19	0	0	1	0	0	0	0
PBK85545.barcode44	2558746	N	41	100	0.21	d__Bacteria;p__Bacillota;c__Bacilli;o__Paenibacillales;f__Paenibacillaceae;g__Paenibacillus_AQ;s__Paenibacillus_AQ odorifer	Bacillota - g__Paenibacillus_AQ	Paenibacillus_AQ odorifer	p__Bacillota	g__Paenibacillus_AQ	10	12	10	10/12/10	25	13	TRUE	NA	TRUE	109	TRUE	NA	NA	TRUE	High quality genome	MUN-27-03-26-GR1-ISP2-20	0	0	0	0	0	0	0
PBK85545.barcode45	1781103	N	34	100	0.11	d__Bacteria;p__Actinomycetota;c__Actinomycetes;o__Streptomycetales;f__Streptomycetaceae;g__Streptomyces;s__Streptomyces sp026340595	Actinomycetota - g__Streptomyces	Streptomyces sp026340595	p__Actinomycetota	g__Streptomyces	7	7	7	7/7/7	24	115	FALSE	contigs>20;	NA	NA	FALSE	failed_assembly_qc	NA	TRUE	High quality genome	VG-30-01-26-GR1-ISP2-2	1	0	0	0	0	0	0
PBK85545.barcode46	4342305	N	40	99.97	0.08	d__Bacteria;p__Actinomycetota;c__Actinomycetes;o__Streptomycetales;f__Streptomycetaceae;g__Streptomyces;s__Streptomyces brevispora	Actinomycetota - g__Streptomyces	Streptomyces brevispora	p__Actinomycetota	g__Streptomyces	5	6	6	5/6/6	24	14	TRUE	NA	TRUE	115	TRUE	NA	NA	TRUE	High quality genome	SG-15-01-26-GR1-ISP2-20	0	0	0	0	0	0	0
PBK85545.barcode47	8540104	N	34	100	0.75	d__Bacteria;p__Actinomycetota;c__Actinomycetes;o__Streptomycetales;f__Streptomycetaceae;g__Streptomyces;s__Streptomyces sp001905365	Actinomycetota - g__Streptomyces	Streptomyces sp001905365	p__Actinomycetota	g__Streptomyces	6	6	6	6/6/6	24	2	TRUE	NA	TRUE	114	TRUE	NA	NA	TRUE	High quality genome	HG-24-02-26-GR4-BHI-18	0	0	0	0	0	0	0
PBK85545.barcode48	8885223	N	34	99.98	0.64	d__Bacteria;p__Actinomycetota;c__Actinomycetes;o__Streptomycetales;f__Streptomycetaceae;g__Streptomyces;s__Streptomyces kutzneri	Actinomycetota - g__Streptomyces	Streptomyces kutzneri	p__Actinomycetota	g__Streptomyces	7	7	7	7/7/7	22	2	TRUE	NA	TRUE	115	TRUE	NA	NA	TRUE	High quality genome	SKG-27-02-26-GR1-ISP2-12	1	0	1	0	0	0	1
PBK85545.barcode49	8935447	N	30	100	0.97	d__Bacteria;p__Actinomycetota;c__Actinomycetes;o__Streptomycetales;f__Streptomycetaceae;g__Streptomyces;s__Streptomyces canus	Actinomycetota - g__Streptomyces	Streptomyces canus	p__Actinomycetota	g__Streptomyces	6	6	6	6/6/6	23	4	TRUE	NA	TRUE	116	TRUE	NA	NA	TRUE	High quality genome	SS-13-03-26-GR5-ISP2-17	0	0	0	0	0	1	0
PBK85545.barcode50	1556991	N	31	100	0.47	d__Bacteria;p__Actinomycetota;c__Actinomycetes;o__Streptomycetales;f__Streptomycetaceae;g__Streptomyces;s__Streptomyces sp000717915	Actinomycetota - g__Streptomyces	Streptomyces sp000717915	p__Actinomycetota	g__Streptomyces	7	4	6	7/4/6	23	22	FALSE	contigs>20;	NA	NA	FALSE	failed_assembly_qc	NA	TRUE	High quality genome	SKG-27-02-26-GR3-ISP2-5	0	0	1	0	0	0	0
PBK85545.barcode51	4008124	N	29	100	0.01	d__Bacteria;p__Actinomycetota;c__Actinomycetes;o__Streptomycetales;f__Streptomycetaceae;g__Streptomyces;s__Streptomyces sp036002945	Actinomycetota - g__Streptomyces	Streptomyces sp036002945	p__Actinomycetota	g__Streptomyces	6	8	8	6/8/8	25	6	TRUE	NA	TRUE	113	TRUE	NA	NA	TRUE	High quality genome	VG-30-01-26-GR1-ISP2-1	0	0	1	0	0	0	1
PBK85545.barcode52	908624	N	28	100	0.28	d__Bacteria;p__Actinomycetota;c__Actinomycetes;o__Streptomycetales;f__Streptomycetaceae;g__Streptomyces;s__Streptomyces sp026342235	Actinomycetota - g__Streptomyces	Streptomyces sp026342235	p__Actinomycetota	g__Streptomyces	7	5	6	7/5/6	22	126	FALSE	contigs>20;	NA	NA	FALSE	failed_assembly_qc	NA	TRUE	High quality genome	HG-24-02-26-GR9-ISP2-6	0	0	0	0	0	0	1
PBK85545.barcode53	6214084	N	35	99.98	0.02	d__Bacteria;p__Actinomycetota;c__Actinomycetes;o__Streptomycetales;f__Streptomycetaceae;g__Streptomyces;s__Streptomyces brevispora	Actinomycetota - g__Streptomyces	Streptomyces brevispora	p__Actinomycetota	g__Streptomyces	6	6	6	6/6/6	24	4	TRUE	NA	TRUE	115	TRUE	NA	NA	TRUE	High quality genome	VG-30-01-26-GR2-ISP2-15	0	0	0	0	0	1	0
PBK85545.barcode54	5828729	N	51	100	0.09	d__Bacteria;p__Bacteroidota;c__Bacteroidia;o__Flavobacteriales;f__Flavobacteriaceae;g__Flavobacterium;s__Flavobacterium sp000813005	Bacteroidota - g__Flavobacterium	Flavobacterium sp000813005	p__Bacteroidota	g__Flavobacterium	8	8	8	8/8/8	25	1	TRUE	NA	TRUE	119	TRUE	NA	NA	TRUE	High quality genome	SG-15-01-26-GR7-ISP2-20	NA	NA	NA	NA	NA	NA	NA
PBK85545.barcode55	7043597	N	38	100	0.21	d__Bacteria;p__Actinomycetota;c__Actinomycetes;o__Streptomycetales;f__Streptomycetaceae;g__Streptomyces;s__Streptomyces papulosus	Actinomycetota - g__Streptomyces	Streptomyces papulosus	p__Actinomycetota	g__Streptomyces	6	6	6	6/6/6	24	4	TRUE	NA	TRUE	117	TRUE	NA	NA	TRUE	High quality genome	EG-08-04-26-GR3-ISP2-19	0	0	1	0	0	0	0
PBK85545.barcode56	4412380	N	30	100	0	d__Bacteria;p__Actinomycetota;c__Actinomycetes;o__Streptomycetales;f__Streptomycetaceae;g__Streptomyces;s__Streptomyces sp016893485	Actinomycetota - g__Streptomyces	Streptomyces sp016893485	p__Actinomycetota	g__Streptomyces	4	6	5	4/6/5	24	8	TRUE	NA	TRUE	115	TRUE	NA	NA	TRUE	High quality genome	VG-30-01-26-GR2-ISP2-16	1	0	1	1	1	0	0
PBK85545.barcode57	8960883	N	31	100	0.36	d__Bacteria;p__Actinomycetota;c__Actinomycetes;o__Streptomycetales;f__Streptomycetaceae;g__Streptomyces;s__Streptomyces virginiae_A	Actinomycetota - g__Streptomyces	Streptomyces virginiae_A	p__Actinomycetota	g__Streptomyces	7	7	7	7/7/7	22	6	TRUE	NA	TRUE	115	TRUE	NA	NA	TRUE	High quality genome	SG-15-01-26-GR7-ISP2-3	0	0	0	0	0	1	0
PBK85545.barcode58	181786	N	31	100	2.28	d__Bacteria;p__Actinomycetota;c__Actinomycetes;o__Streptomycetales;f__Streptomycetaceae;g__Streptomyces;s__Streptomyces anulatus	Actinomycetota - g__Streptomyces	Streptomyces anulatus	p__Actinomycetota	g__Streptomyces	2	2	2	2/2/2	23	287	FALSE	contigs>20;	NA	NA	FALSE	failed_assembly_qc	NA	TRUE	High quality genome	MUN-27-03-26-GR5-ISP2-15	1	0	1	0	0	0	1
PBK85545.barcode59	8639303	N	31	100	0.77	d__Bacteria;p__Actinomycetota;c__Actinomycetes;o__Streptomycetales;f__Streptomycetaceae;g__Streptomyces;s__Streptomyces sp041431095	Actinomycetota - g__Streptomyces	Streptomyces sp041431095	p__Actinomycetota	g__Streptomyces	7	7	7	7/7/7	22	3	TRUE	NA	TRUE	113	TRUE	NA	NA	TRUE	High quality genome	MUN-27-03-26-GR1-ISP2-18	0	0	0	0	0	0	0
PBK85545.barcode60	1481324	N	34	99.99	0.75	d__Bacteria;p__Actinomycetota;c__Actinomycetes;o__Streptomycetales;f__Streptomycetaceae;g__Streptomyces;s__Streptomyces sp900116325	Actinomycetota - g__Streptomyces	Streptomyces sp900116325	p__Actinomycetota	g__Streptomyces	5	4	5	5/4/5	24	180	FALSE	contigs>20;	NA	NA	FALSE	failed_assembly_qc	NA	TRUE	High quality genome	RAG-21-01-26-GR3-ISP2-2	0	0	0	0	0	0	0
PBK85545.barcode61	1684091	N	29	100	0	d__Bacteria;p__Actinomycetota;c__Actinomycetes;o__Streptomycetales;f__Streptomycetaceae;g__Streptomyces;s__Streptomyces brevispora	Actinomycetota - g__Streptomyces	Streptomyces brevispora	p__Actinomycetota	g__Streptomyces	7	7	7	7/7/7	24	79	FALSE	contigs>20;	NA	NA	FALSE	failed_assembly_qc	NA	TRUE	High quality genome	VG-30-01-26-GR2-ISP2-19	0	0	0	0	0	0	1
PBK85545.barcode62	787956	N	26	100	0.14	d__Bacteria;p__Actinomycetota;c__Actinomycetes;o__Streptomycetales;f__Streptomycetaceae;g__Streptomyces;s__Streptomyces sp036231355	Actinomycetota - g__Streptomyces	Streptomyces sp036231355	p__Actinomycetota	g__Streptomyces	7	5	6	7/5/6	23	54	FALSE	contigs>20;	NA	NA	FALSE	failed_assembly_qc	NA	TRUE	High quality genome	RAG-21-01-26-GR5-AC-8	0	0	0	0	0	0	0
PBK85545.barcode63	4448458	N	31	100	0.55	d__Bacteria;p__Actinomycetota;c__Actinomycetes;o__Streptomycetales;f__Streptomycetaceae;g__Streptomyces;s__Streptomyces canus	Actinomycetota - g__Streptomyces	Streptomyces canus	p__Actinomycetota	g__Streptomyces	6	6	6	6/6/6	23	10	TRUE	NA	TRUE	114	TRUE	NA	NA	TRUE	High quality genome	MUN-20-01-26-GR5-ISP2-6	0	0	1	0	0	0	0
PBK85545.barcode64	7386595	N	35	100	0.18	d__Bacteria;p__Actinomycetota;c__Actinomycetes;o__Streptomycetales;f__Streptomycetaceae;g__Streptomyces;s__Streptomyces sp026342235	Actinomycetota - g__Streptomyces	Streptomyces sp026342235	p__Actinomycetota	g__Streptomyces	7	7	7	7/7/7	22	3	TRUE	NA	TRUE	114	TRUE	NA	NA	TRUE	High quality genome	MUN-27-03-26-GR1-ISP2-14	0	0	1	0	0	0	0
PBK85545.barcode65	8183724	N	32	100	2.32	d__Bacteria;p__Actinomycetota;c__Actinomycetes;o__Streptomycetales;f__Streptomycetaceae;g__Streptomyces;s__Streptomyces nojiriensis	Actinomycetota - g__Streptomyces	Streptomyces nojiriensis	p__Actinomycetota	g__Streptomyces	7	7	7	7/7/7	23	5	TRUE	NA	TRUE	116	TRUE	NA	NA	TRUE	High quality genome	MUN-27-03-26-GR7-ISP2-17	0	0	1	0	0	0	0
PBK85545.barcode66	9381225	N	31	100	2.38	d__Bacteria;p__Actinomycetota;c__Actinomycetes;o__Streptomycetales;f__Streptomycetaceae;g__Streptomyces;s__Streptomyces nojiriensis	Actinomycetota - g__Streptomyces	Streptomyces nojiriensis	p__Actinomycetota	g__Streptomyces	7	7	7	7/7/7	23	2	TRUE	NA	TRUE	116	TRUE	NA	NA	TRUE	High quality genome	MUN-27-03-26-GR7-ISP2-18	1	0	1	0	0	0	1
PBK85545.barcode67	8770770	N	34	100	0.42	d__Bacteria;p__Actinomycetota;c__Actinomycetes;o__Streptomycetales;f__Streptomycetaceae;g__Streptomyces;s__Streptomyces virginiae_A	Actinomycetota - g__Streptomyces	Streptomyces virginiae_A	p__Actinomycetota	g__Streptomyces	7	7	7	7/7/7	23	2	TRUE	NA	TRUE	115	TRUE	NA	NA	TRUE	High quality genome	MUN-27-03-26-GR7-ISP2-7	0	0	1	0	0	0	1
PBK85545.barcode68	2215950	N	41	99.99	0.41	d__Bacteria;p__Actinomycetota;c__Actinomycetes;o__Streptomycetales;f__Streptomycetaceae;g__Streptomyces;s__Streptomyces sp001905735	Actinomycetota - g__Streptomyces	Streptomyces sp001905735	p__Actinomycetota	g__Streptomyces	6	5	6	6/5/6	22	7	TRUE	NA	TRUE	115	TRUE	NA	NA	TRUE	High quality genome	HG-24-02-26-GR5-PDA-11	0	0	0	0	0	0	0
PBK85545.barcode69	1400251	N	28	100	0.6	d__Bacteria;p__Actinomycetota;c__Actinomycetes;o__Streptomycetales;f__Streptomycetaceae;g__Streptomyces;s__Streptomyces goshikiensis	Actinomycetota - g__Streptomyces	Streptomyces goshikiensis	p__Actinomycetota	g__Streptomyces	7	7	11	7/7/11	22	17	TRUE	NA	TRUE	114	TRUE	NA	NA	TRUE	High quality genome	HG-24-02-26-GR1-ISP2-16	1	0	1	0	0	0	1
PBK85545.barcode70	8685985	N	34	100	0.3	d__Bacteria;p__Actinomycetota;c__Actinomycetes;o__Streptomycetales;f__Streptomycetaceae;g__Streptomyces;s__Streptomyces virginiae_A	Actinomycetota - g__Streptomyces	Streptomyces virginiae_A	p__Actinomycetota	g__Streptomyces	7	7	7	7/7/7	22	5	TRUE	NA	TRUE	114	TRUE	NA	NA	TRUE	High quality genome	HG-24-02-26-GR1-ISP2-8	0	0	0	0	0	0	0
PBK85545.barcode71	111198	N	26	99.98	1.53	d__Bacteria;p__Actinomycetota;c__Actinomycetes;o__Streptomycetales;f__Streptomycetaceae;g__Streptomyces;s__Streptomyces olivochromogenes	Actinomycetota - g__Streptomyces	Streptomyces olivochromogenes	p__Actinomycetota	g__Streptomyces	1	1	1	1/1/1	23	752	FALSE	contigs>20;	NA	NA	FALSE	failed_assembly_qc	NA	TRUE	High quality genome	SKG-27-02-26-GR2-ISP2-7	0	0	1	0	0	0	0
PBK85545.barcode72	2968797	N	31	100	0.79	d__Bacteria;p__Actinomycetota;c__Actinomycetes;o__Streptomycetales;f__Streptomycetaceae;g__Streptomyces;s__	Actinomycetota - g__Streptomyces	Streptomyces sp.	p__Actinomycetota	g__Streptomyces	4	6	5	4/6/5	24	8	TRUE	NA	TRUE	116	TRUE	NA	NA	TRUE	High quality genome	SKG-27-02-26-GR1-ISP2-16	1	0	1	0	0	1	1
PBK85545.barcode73	2660725	N	28	99.99	0.85	d__Bacteria;p__Actinomycetota;c__Actinomycetes;o__Streptomycetales;f__Streptomycetaceae;g__Streptomyces;s__Streptomyces sp042267665	Actinomycetota - g__Streptomyces	Streptomyces sp042267665	p__Actinomycetota	g__Streptomyces	7	6	7	7/6/7	23	12	TRUE	NA	TRUE	116	TRUE	NA	NA	TRUE	High quality genome	SKG-27-02-26-GR1-ISP2-17	0	0	0	0	0	0	1
PBK85545.barcode74	3922064	N	34	100	0.26	d__Bacteria;p__Actinomycetota;c__Actinomycetes;o__Streptomycetales;f__Streptomycetaceae;g__Streptomyces;s__	Actinomycetota - g__Streptomyces	Streptomyces sp.	p__Actinomycetota	g__Streptomyces	7	7	7	7/7/7	24	8	TRUE	NA	TRUE	116	TRUE	NA	NA	TRUE	High quality genome	SKG-27-02-26-GR3-ISP2-6	0	0	0	0	0	0	1
PBK85545.barcode75	7675932	N	38	100	0.07	d__Bacteria;p__Actinomycetota;c__Actinomycetes;o__Streptomycetales;f__Streptomycetaceae;g__Streptomyces;s__Streptomyces globisporus	Actinomycetota - g__Streptomyces	Streptomyces globisporus	p__Actinomycetota	g__Streptomyces	6	6	6	6/6/6	22	3	TRUE	NA	TRUE	113	TRUE	NA	NA	TRUE	High quality genome	SS-13-03-26-GR12-ISP2-4	0	0	0	0	0	1	0
PBK85545.barcode77	251868	N	36	100	2.25	d__Bacteria;p__Actinomycetota;c__Actinomycetes;o__Streptomycetales;f__Streptomycetaceae;g__Streptomyces;s__Streptomyces sp002300485	Actinomycetota - g__Streptomyces	Streptomyces sp002300485	p__Actinomycetota	g__Streptomyces	3	4	5	3/4/5	25	392	FALSE	contigs>20;	NA	NA	FALSE	failed_assembly_qc	NA	TRUE	High quality genome	SS-13-03-26-GR5-ISP2-1	1	0	1	0	0	0	0
PBK85545.barcode79	7510705	N	39	100	0.24	d__Bacteria;p__Actinomycetota;c__Actinomycetes;o__Streptomycetales;f__Streptomycetaceae;g__Streptomyces;s__Streptomyces papulosus	Actinomycetota - g__Streptomyces	Streptomyces papulosus	p__Actinomycetota	g__Streptomyces	6	6	6	6/6/6	23	4	TRUE	NA	TRUE	117	TRUE	NA	NA	TRUE	High quality genome	SS-13-03-26-GR5-ISP2-20	0	0	0	0	0	0	0
PBK85545.barcode80	3485165	N	40	100	0.02	d__Bacteria;p__Actinomycetota;c__Actinomycetes;o__Streptomycetales;f__Streptomycetaceae;g__Streptomyces;s__Streptomyces sp036231355	Actinomycetota - g__Streptomyces	Streptomyces sp036231355	p__Actinomycetota	g__Streptomyces	8	8	8	8/8/8	22	4	TRUE	NA	TRUE	116	TRUE	NA	NA	TRUE	High quality genome	RAG-21-01-26-GR5-AC-6	0	0	0	0	0	0	0
PBK85545.barcode81	464516	N	42	99.27	0.28	d__Bacteria;p__Actinomycetota;c__Actinomycetes;o__Streptomycetales;f__Streptomycetaceae;g__Streptomyces;s__Streptomyces brevispora	Actinomycetota - g__Streptomyces	Streptomyces brevispora	p__Actinomycetota	g__Streptomyces	2	2	2	2/2/2	24	264	FALSE	contigs>20;	NA	NA	FALSE	failed_assembly_qc	NA	TRUE	High quality genome	VG-30-01-26-GR2-ISP2-14	0	0	1	0	0	0	1
PBK85545.barcode82	5390236	Y	49	100	0.34	d__Bacteria;p__Bacillota;c__Bacilli;o__Bacillales;f__Bacillaceae_G;g__Bacillus_A;s__Bacillus_A mycoides	Bacillota - g__Bacillus_A	Bacillus_A mycoides	p__Bacillota	g__Bacillus_A	14	14	14	14/14/14	24	6	TRUE	NA	TRUE	109	TRUE	NA	NA	TRUE	High quality genome	VG-30-01-26-GR1-ISP2-3	0	0	1	0	0	0	1
PBK85545.barcode83	10739996	N	29	99.99	0.53	d__Bacteria;p__Actinomycetota;c__Actinomycetes;o__Streptomycetales;f__Streptomycetaceae;g__Streptomyces;s__	Actinomycetota - g__Streptomyces	Streptomyces sp.	p__Actinomycetota	g__Streptomyces	6	6	6	6/6/6	24	2	TRUE	NA	TRUE	114	TRUE	NA	NA	TRUE	High quality genome	SG-15-01-26-GR6-ISP2-9	0	0	0	0	0	1	0
PBK85545.barcode84	9946319	N	30	99.99	1.8	d__Bacteria;p__Actinomycetota;c__Actinomycetes;o__Streptomycetales;f__Streptomycetaceae;g__Streptomyces;s__Streptomyces sp026343345	Actinomycetota - g__Streptomyces	Streptomyces sp026343345	p__Actinomycetota	g__Streptomyces	7	7	7	7/7/7	26	3	TRUE	NA	TRUE	113	TRUE	NA	NA	TRUE	High quality genome	SG-15-01-26-GR7-ISP2-19	0	0	1	0	0	0	0
PBK85545.barcode85	7087255	N	32	97.38	3.4	d__Bacteria;p__Actinomycetota;c__Actinomycetes;o__Streptomycetales;f__Streptomycetaceae;g__Embleya;s__Embleya sp040629175	Actinomycetota - g__Embleya	Embleya sp040629175	p__Actinomycetota	g__Embleya	4	4	4	4/4/4	25	6	TRUE	NA	TRUE	109	TRUE	NA	NA	TRUE	High quality genome	SKG-27-02-26-GR2-ISP2-15	1	0	1	0	0	0	1
PBK85545.barcode86	1866614	N	45	100	0.39	d__Bacteria;p__Actinomycetota;c__Actinomycetes;o__Streptomycetales;f__Streptomycetaceae;g__Streptomyces;s__Streptomyces sp900116325	Actinomycetota - g__Streptomyces	Streptomyces sp900116325	p__Actinomycetota	g__Streptomyces	3	7	4	3/7/4	25	72	FALSE	contigs>20;	NA	NA	FALSE	failed_assembly_qc	NA	TRUE	High quality genome	SKG-27-02-26-GR1-ISP2-4	0	0	0	0	0	0	0
PBK85545.barcode87	6044465	Y	50	100	0.26	d__Bacteria;p__Bacillota;c__Bacilli;o__Paenibacillales;f__Paenibacillaceae;g__Paenibacillus;s__Paenibacillus polymyxa_B	Bacillota - g__Paenibacillus	Paenibacillus polymyxa_B	p__Bacillota	g__Paenibacillus	12	12	12	12/12/12	25	1	TRUE	NA	TRUE	112	TRUE	NA	NA	TRUE	High quality genome	BG-08-05-26-GR2-ISP2-3	1	1	1	1	1	1	1
PBK85545.barcode88	2514517	Y	113	100	0.27	d__Bacteria;p__Bacillota;c__Bacilli;o__Staphylococcales;f__Staphylococcaceae;g__Staphylococcus;s__Staphylococcus warneri	Bacillota - g__Staphylococcus	Staphylococcus warneri	p__Bacillota	g__Staphylococcus	7	6	6	7/6/6	24	3	TRUE	NA	TRUE	118	TRUE	NA	NA	TRUE	High quality genome	BG-08-05-26-GR6-AC-2	0	1	0	1	0	1	0
PBK85545.barcode89	3386263	N	72	100	0.12	d__Bacteria;p__Bacillota;c__Bacilli;o__Bacillales;f__Bacillaceae;g__Bacillus;s__Bacillus velezensis	Bacillota - g__Bacillus	Bacillus velezensis	p__Bacillota	g__Bacillus	5	8	8	5/8/8	26	4	TRUE	NA	TRUE	116	TRUE	NA	NA	TRUE	High quality genome	BG-080526-Gr3-BHI -13	0	0	1	0	0	1	1
PBK85545.barcode90	8567034	Y	33	100	0.18	d__Bacteria;p__Actinomycetota;c__Actinomycetes;o__Streptomycetales;f__Streptomycetaceae;g__Streptomyces;s__Streptomyces sp036346295	Actinomycetota - g__Streptomyces	Streptomyces sp036346295	p__Actinomycetota	g__Streptomyces	7	7	7	7/7/7	23	5	TRUE	NA	TRUE	117	TRUE	NA	NA	TRUE	High quality genome	HG-24-02-26-GR6-BHI-14	0	0	1	0	0	0	1
PBK85545.barcode91	5034672	N	34	100	0.11	d__Bacteria;p__Actinomycetota;c__Actinomycetes;o__Streptomycetales;f__Streptomycetaceae;g__Streptomyces;s__Streptomyces sp036346295	Actinomycetota - g__Streptomyces	Streptomyces sp036346295	p__Actinomycetota	g__Streptomyces	7	6	7	7/6/7	23	6	TRUE	NA	TRUE	117	TRUE	NA	NA	TRUE	High quality genome	HG-24-02-26-GR6-BHI-18	0	0	1	0	0	0	1
PBK85545.barcode92	8647381	N	33	100	0.21	d__Bacteria;p__Actinomycetota;c__Actinomycetes;o__Streptomycetales;f__Streptomycetaceae;g__Streptomyces;s__Streptomyces sp036346295	Actinomycetota - g__Streptomyces	Streptomyces sp036346295	p__Actinomycetota	g__Streptomyces	7	7	7	7/7/7	24	4	TRUE	NA	TRUE	116	TRUE	NA	NA	TRUE	High quality genome	HG-24-02-26-GR6-BHI-17	0	0	1	0	0	0	1
PBK85545.barcode93	8612968	N	35	100	0.3	d__Bacteria;p__Actinomycetota;c__Actinomycetes;o__Streptomycetales;f__Streptomycetaceae;g__Streptomyces;s__Streptomyces niveus	Actinomycetota - g__Streptomyces	Streptomyces niveus	p__Actinomycetota	g__Streptomyces	6	6	6	6/6/6	23	1	TRUE	NA	TRUE	117	TRUE	NA	NA	TRUE	High quality genome	HG-24-02-26-GR8-ISP2-9	1	0	0	0	0	1	1
PBK85545.barcode94	8765750	N	35	100	0.31	d__Bacteria;p__Actinomycetota;c__Actinomycetes;o__Streptomycetales;f__Streptomycetaceae;g__Streptomyces;s__Streptomyces sioyaensis	Actinomycetota - g__Streptomyces	Streptomyces sioyaensis	p__Actinomycetota	g__Streptomyces	6	6	6	6/6/6	23	2	TRUE	NA	TRUE	113	TRUE	NA	NA	TRUE	High quality genome	MUN-20-01-26-GR2-PDA-14	0	0	1	0	0	0	1
PBK85545.barcode95	8596835	N	32	100	1.85	d__Bacteria;p__Actinomycetota;c__Actinomycetes;o__Streptomycetales;f__Streptomycetaceae;g__Streptomyces;s__Streptomyces sp040611935	Actinomycetota - g__Streptomyces	Streptomyces sp040611935	p__Actinomycetota	g__Streptomyces	7	7	7	7/7/7	23	3	TRUE	NA	TRUE	111	TRUE	NA	NA	TRUE	High quality genome	MUN-27-03-26-GR7-ISP2-19	1	0	1	0	0	1	1
PBK85545.barcode96	27562	N	5	43.66	4.76	d__Bacteria;p__Actinomycetota;c__Actinomycetes;o__Actinomycetales;f__Dermatophilaceae;g__Phosphoribacter;s__	Actinomycetota - g__Phosphoribacter	Phosphoribacter sp.	p__Actinomycetota	g__Phosphoribacter	2	4	3	2/4/3	21	609	FALSE	completeness<90;contigs>20;	NA	NA	FALSE	failed_assembly_qc	NA	TRUE	Low quality genome	NA	NA	NA	NA	NA	NA	NA	NA
