SEQID	qualifiers_product_list	number_product
PAQ87969.barcode01	NI-siderophore	1
PAQ87969.barcode01	azole-containing-RiPP	1
PAQ87969.barcode01	terpene	1
PAQ87969.barcode03	NI-siderophore	1
PAQ87969.barcode04	NI-siderophore	1
PAQ87969.barcode04	NRPS	2
PAQ87969.barcode04	T3PKS	1
PAQ87969.barcode04	azole-containing-RiPP	1
PAQ87969.barcode04	betalactone	1
PAQ87969.barcode04	lassopeptide	1
PAQ87969.barcode04	terpene	2
PAQ87969.barcode04	terpene-precursor	1
PAQ87969.barcode05	NI-siderophore	3
PAQ87969.barcode05	NRPS	7
PAQ87969.barcode05	NRPS-like	5
PAQ87969.barcode05	PKS-like	1
PAQ87969.barcode05	RRE-containing	1
PAQ87969.barcode05	RiPP-like	4
PAQ87969.barcode05	T1PKS	1
PAQ87969.barcode05	T2PKS	1
PAQ87969.barcode05	T3PKS	1
PAQ87969.barcode05	azole-containing-RiPP	2
PAQ87969.barcode05	betalactone	1
PAQ87969.barcode05	butyrolactone	2
PAQ87969.barcode05	ectoine	1
PAQ87969.barcode05	hglE-KS	1
PAQ87969.barcode05	hydrogen-cyanide	1
PAQ87969.barcode05	isocyanide-nrp	1
PAQ87969.barcode05	lanthipeptide-class-iii	1
PAQ87969.barcode05	melanin	1
PAQ87969.barcode05	phosphonate	1
PAQ87969.barcode05	terpene	5
PAQ87969.barcode05	terpene-precursor	2
PAQ87969.barcode05	triceptide	1
PAQ87969.barcode06	CDPS	1
PAQ87969.barcode06	NAPAA	1
PAQ87969.barcode06	NI-siderophore	3
PAQ87969.barcode06	NRPS	5
PAQ87969.barcode06	NRPS-like	1
PAQ87969.barcode06	RiPP-like	5
PAQ87969.barcode06	T1PKS	7
PAQ87969.barcode06	T2PKS	1
PAQ87969.barcode06	T3PKS	2
PAQ87969.barcode06	aminopolycarboxylic-acid	1
PAQ87969.barcode06	azole-containing-RiPP	1
PAQ87969.barcode06	blactam	1
PAQ87969.barcode06	butyrolactone	2
PAQ87969.barcode06	crocagin	1
PAQ87969.barcode06	hglE-KS	1
PAQ87969.barcode06	hydrogen-cyanide	1
PAQ87969.barcode06	indole	1
PAQ87969.barcode06	lanthipeptide-class-i	1
PAQ87969.barcode06	lanthipeptide-class-iii	1
PAQ87969.barcode06	lanthipeptide-class-iv	2
PAQ87969.barcode06	melanin	3
PAQ87969.barcode06	phenazine	1
PAQ87969.barcode06	terpene	8
PAQ87969.barcode06	terpene-precursor	2
PAQ87969.barcode06	thioamitides	2
PAQ87969.barcode07	NI-siderophore	1
PAQ87969.barcode07	NRPS	2
PAQ87969.barcode07	T3PKS	1
PAQ87969.barcode07	azole-containing-RiPP	1
PAQ87969.barcode07	betalactone	1
PAQ87969.barcode07	lassopeptide	1
PAQ87969.barcode07	terpene	2
PAQ87969.barcode07	terpene-precursor	1
PAQ87969.barcode08	NI-siderophore	3
PAQ87969.barcode08	NRPS	4
PAQ87969.barcode08	NRPS-like	2
PAQ87969.barcode08	RiPP-like	1
PAQ87969.barcode08	T1PKS	8
PAQ87969.barcode08	T2PKS	2
PAQ87969.barcode08	T3PKS	1
PAQ87969.barcode08	azole-containing-RiPP	1
PAQ87969.barcode08	butyrolactone	3
PAQ87969.barcode08	ectoine	2
PAQ87969.barcode08	lanthipeptide-class-i	1
PAQ87969.barcode08	lanthipeptide-class-iii	1
PAQ87969.barcode08	lassopeptide	1
PAQ87969.barcode08	melanin	1
PAQ87969.barcode08	nucleoside	1
PAQ87969.barcode08	terpene	7
PAQ87969.barcode08	terpene-precursor	1
PAQ87969.barcode08	thioamitides	1
PAQ87969.barcode08	triceptide	1
PAQ87969.barcode09	NAGGN	1
PAQ87969.barcode09	NI-siderophore	1
PAQ87969.barcode09	NRP-metallophore	1
PAQ87969.barcode09	NRPS	3
PAQ87969.barcode09	NRPS-like	1
PAQ87969.barcode09	RiPP-like	3
PAQ87969.barcode09	arylpolyene	1
PAQ87969.barcode09	betalactone	1
PAQ87969.barcode09	ectoine	1
PAQ87969.barcode09	hydrogen-cyanide	2
PAQ87969.barcode09	redox-cofactor	1
PAQ87969.barcode09	terpene-precursor	1
PAQ87969.barcode10	NI-siderophore	1
PAQ87969.barcode10	T3PKS	1
PAQ87969.barcode10	azole-containing-RiPP	1
PAQ87969.barcode10	betalactone	1
PAQ87969.barcode10	lassopeptide	1
PAQ87969.barcode10	terpene	2
PAQ87969.barcode10	terpene-precursor	1
PAQ87969.barcode11	CDPS	1
PAQ87969.barcode11	NAPAA	1
PAQ87969.barcode11	NI-siderophore	2
PAQ87969.barcode11	NRP-metallophore	1
PAQ87969.barcode11	NRPS	5
PAQ87969.barcode11	NRPS-like	3
PAQ87969.barcode11	PKS-like	1
PAQ87969.barcode11	RiPP-like	4
PAQ87969.barcode11	T1PKS	5
PAQ87969.barcode11	T2PKS	2
PAQ87969.barcode11	T3PKS	1
PAQ87969.barcode11	azole-containing-RiPP	2
PAQ87969.barcode11	betalactone	1
PAQ87969.barcode11	butyrolactone	1
PAQ87969.barcode11	ectoine	1
PAQ87969.barcode11	hydrogen-cyanide	1
PAQ87969.barcode11	indole	1
PAQ87969.barcode11	lanthipeptide-class-ii	2
PAQ87969.barcode11	lanthipeptide-class-iv	2
PAQ87969.barcode11	lassopeptide	1
PAQ87969.barcode11	melanin	2
PAQ87969.barcode11	other	1
PAQ87969.barcode11	terpene	5
PAQ87969.barcode11	terpene-precursor	3
PAQ87969.barcode11	transAT-PKS-like	1
PAQ87969.barcode12	NI-siderophore	1
PAQ87969.barcode12	NRPS	2
PAQ87969.barcode12	T3PKS	1
PAQ87969.barcode12	azole-containing-RiPP	1
PAQ87969.barcode12	betalactone	1
PAQ87969.barcode12	lassopeptide	1
PAQ87969.barcode12	terpene	2
PAQ87969.barcode12	terpene-precursor	1
PAQ87969.barcode13	NI-siderophore	1
PAQ87969.barcode13	NRPS	2
PAQ87969.barcode13	T3PKS	1
PAQ87969.barcode13	azole-containing-RiPP	1
PAQ87969.barcode13	betalactone	1
PAQ87969.barcode13	lassopeptide	1
PAQ87969.barcode13	terpene	2
PAQ87969.barcode13	terpene-precursor	1
PAQ87969.barcode14	NI-siderophore	1
PAQ87969.barcode14	T3PKS	1
PAQ87969.barcode14	azole-containing-RiPP	1
PAQ87969.barcode14	betalactone	1
PAQ87969.barcode14	terpene	2
PAQ87969.barcode14	terpene-precursor	1
PAQ87969.barcode15	HR-T2PKS	1
PAQ87969.barcode15	NI-siderophore	1
PAQ87969.barcode15	NRP-metallophore	1
PAQ87969.barcode15	NRPS	1
PAQ87969.barcode15	arylpolyene	1
PAQ87969.barcode15	azole-containing-RiPP	1
PAQ87969.barcode15	terpene-precursor	1
PAQ87969.barcode16	HR-T2PKS	1
PAQ87969.barcode16	NI-siderophore	1
PAQ87969.barcode16	NRP-metallophore	1
PAQ87969.barcode16	NRPS	1
PAQ87969.barcode16	arylpolyene	1
PAQ87969.barcode16	azole-containing-RiPP	1
PAQ87969.barcode16	terpene-precursor	1
PAQ87969.barcode17	NAPAA	1
PAQ87969.barcode17	NI-siderophore	1
PAQ87969.barcode17	RRE-containing	2
PAQ87969.barcode17	betalactone	1
PAQ87969.barcode17	ectoine	1
PAQ87969.barcode17	terpene	1
PAQ87969.barcode17	terpene-precursor	1
PAQ87969.barcode19	NI-siderophore	2
PAQ87969.barcode19	NRP-metallophore	1
PAQ87969.barcode19	NRPS	5
PAQ87969.barcode19	NRPS-like	2
PAQ87969.barcode19	RiPP-like	2
PAQ87969.barcode19	T1PKS	3
PAQ87969.barcode19	T2PKS	1
PAQ87969.barcode19	T3PKS	1
PAQ87969.barcode19	azole-containing-RiPP	2
PAQ87969.barcode19	betalactone	1
PAQ87969.barcode19	butyrolactone	4
PAQ87969.barcode19	ectoine	1
PAQ87969.barcode19	guanidinotides	1
PAQ87969.barcode19	hydrogen-cyanide	1
PAQ87969.barcode19	lanthipeptide-class-i	1
PAQ87969.barcode19	lanthipeptide-class-iv	1
PAQ87969.barcode19	lassopeptide	2
PAQ87969.barcode19	melanin	2
PAQ87969.barcode19	other	2
PAQ87969.barcode19	terpene	7
PAQ87969.barcode19	terpene-precursor	4
PAQ87969.barcode19	thioamitides	1
PAQ87969.barcode20	CDPS	2
PAQ87969.barcode20	NAPAA	1
PAQ87969.barcode20	NI-siderophore	3
PAQ87969.barcode20	NRPS	4
PAQ87969.barcode20	NRPS-like	3
PAQ87969.barcode20	PKS-like	1
PAQ87969.barcode20	RRE-containing	1
PAQ87969.barcode20	RiPP-like	2
PAQ87969.barcode20	T1PKS	6
PAQ87969.barcode20	T2PKS	1
PAQ87969.barcode20	T3PKS	3
PAQ87969.barcode20	aminopolycarboxylic-acid	1
PAQ87969.barcode20	atropopeptide	1
PAQ87969.barcode20	azole-containing-RiPP	1
PAQ87969.barcode20	betalactone	2
PAQ87969.barcode20	butyrolactone	1
PAQ87969.barcode20	hglE-KS	1
PAQ87969.barcode20	hydrogen-cyanide	1
PAQ87969.barcode20	lanthipeptide-class-ii	1
PAQ87969.barcode20	lanthipeptide-class-iii	1
PAQ87969.barcode20	melanin	3
PAQ87969.barcode20	other	1
PAQ87969.barcode20	phosphonate	1
PAQ87969.barcode20	terpene	9
PAQ87969.barcode20	terpene-precursor	3
PAQ87969.barcode20	thioamitides	1
PAQ87969.barcode21	NAPAA	1
PAQ87969.barcode21	NI-siderophore	1
PAQ87969.barcode21	NRPS	7
PAQ87969.barcode21	NRPS-like	6
PAQ87969.barcode21	RiPP-like	2
PAQ87969.barcode21	T1PKS	8
PAQ87969.barcode21	T2PKS	2
PAQ87969.barcode21	T3PKS	2
PAQ87969.barcode21	hydrogen-cyanide	1
PAQ87969.barcode21	lanthipeptide-class-i	1
PAQ87969.barcode21	lassopeptide	1
PAQ87969.barcode21	linaridin	1
PAQ87969.barcode21	nucleoside	2
PAQ87969.barcode21	terpene	5
PAQ87969.barcode21	terpene-precursor	6
PAQ87969.barcode22	CDPS	1
PAQ87969.barcode22	NAPAA	1
PAQ87969.barcode22	NI-siderophore	3
PAQ87969.barcode22	NRP-metallophore	1
PAQ87969.barcode22	NRPS	7
PAQ87969.barcode22	NRPS-like	4
PAQ87969.barcode22	PKS-like	4
PAQ87969.barcode22	RiPP-like	2
PAQ87969.barcode22	T1PKS	3
PAQ87969.barcode22	T2PKS	2
PAQ87969.barcode22	T3PKS	1
PAQ87969.barcode22	azole-containing-RiPP	1
PAQ87969.barcode22	butyrolactone	3
PAQ87969.barcode22	cyanobactin	1
PAQ87969.barcode22	hglE-KS	1
PAQ87969.barcode22	hydrogen-cyanide	1
PAQ87969.barcode22	lanthipeptide-class-i	1
PAQ87969.barcode22	lanthipeptide-class-iii	2
PAQ87969.barcode22	lanthipeptide-class-iv	1
PAQ87969.barcode22	melanin	1
PAQ87969.barcode22	oligosaccharide	1
PAQ87969.barcode22	other	1
PAQ87969.barcode22	phosphonate	1
PAQ87969.barcode22	terpene	6
PAQ87969.barcode22	terpene-precursor	2
PAQ87969.barcode22	transAT-PKS	1
PAQ87969.barcode23	CDPS	1
PAQ87969.barcode23	NAPAA	2
PAQ87969.barcode23	NI-siderophore	2
PAQ87969.barcode23	NRPS	8
PAQ87969.barcode23	NRPS-like	7
PAQ87969.barcode23	RRE-containing	1
PAQ87969.barcode23	RiPP-like	6
PAQ87969.barcode23	T1PKS	4
PAQ87969.barcode23	T2PKS	2
PAQ87969.barcode23	T3PKS	3
PAQ87969.barcode23	azoxy-crosslink	1
PAQ87969.barcode23	betalactone	1
PAQ87969.barcode23	butyrolactone	1
PAQ87969.barcode23	ectoine	2
PAQ87969.barcode23	hglE-KS	1
PAQ87969.barcode23	hserlactone	1
PAQ87969.barcode23	hydrogen-cyanide	1
PAQ87969.barcode23	indole	1
PAQ87969.barcode23	lanthipeptide-class-i	1
PAQ87969.barcode23	lanthipeptide-class-ii	1
PAQ87969.barcode23	other	2
PAQ87969.barcode23	phenazine	1
PAQ87969.barcode23	ranthipeptide	1
PAQ87969.barcode23	redox-cofactor	1
PAQ87969.barcode23	terpene	7
PAQ87969.barcode23	terpene-precursor	1
PAQ87969.barcode23	transAT-PKS-like	1
PAQ87969.barcode24	NI-siderophore	2
PAQ87969.barcode24	NRP-metallophore	1
PAQ87969.barcode24	NRPS	8
PAQ87969.barcode24	NRPS-like	3
PAQ87969.barcode24	PKS-like	1
PAQ87969.barcode24	RiPP-like	3
PAQ87969.barcode24	T1PKS	4
PAQ87969.barcode24	T2PKS	2
PAQ87969.barcode24	T3PKS	1
PAQ87969.barcode24	arylpolyene	1
PAQ87969.barcode24	azole-containing-RiPP	1
PAQ87969.barcode24	azoxy-crosslink	1
PAQ87969.barcode24	betalactone	2
PAQ87969.barcode24	blactam	1
PAQ87969.barcode24	butyrolactone	2
PAQ87969.barcode24	ectoine	2
PAQ87969.barcode24	hglE-KS	1
PAQ87969.barcode24	lanthipeptide-class-i	1
PAQ87969.barcode24	lanthipeptide-class-ii	1
PAQ87969.barcode24	lanthipeptide-class-iii	1
PAQ87969.barcode24	melanin	1
PAQ87969.barcode24	terpene	5
PAQ87969.barcode24	terpene-precursor	3
PAQ87969.barcode25	CDPS	1
PAQ87969.barcode25	NAPAA	2
PAQ87969.barcode25	NI-siderophore	3
PAQ87969.barcode25	NRPS	6
PAQ87969.barcode25	NRPS-like	6
PAQ87969.barcode25	PKS-like	2
PAQ87969.barcode25	RiPP-like	2
PAQ87969.barcode25	T1PKS	6
PAQ87969.barcode25	T2PKS	1
PAQ87969.barcode25	T3PKS	1
PAQ87969.barcode25	arylpolyene	2
PAQ87969.barcode25	azole-containing-RiPP	1
PAQ87969.barcode25	butyrolactone	3
PAQ87969.barcode25	ectoine	1
PAQ87969.barcode25	furan	1
PAQ87969.barcode25	guanidinotides	1
PAQ87969.barcode25	hydrogen-cyanide	1
PAQ87969.barcode25	lanthipeptide-class-ii	1
PAQ87969.barcode25	lanthipeptide-class-iii	1
PAQ87969.barcode25	lanthipeptide-class-iv	1
PAQ87969.barcode25	lassopeptide	1
PAQ87969.barcode25	melanin	2
PAQ87969.barcode25	nucleoside	1
PAQ87969.barcode25	phenazine	1
PAQ87969.barcode25	proteusin	1
PAQ87969.barcode25	terpene	9
PAQ87969.barcode25	terpene-precursor	4
PAQ87969.barcode25	triceptide	1
PAQ87969.barcode26	NAPAA	1
PAQ87969.barcode26	NRPS	4
PAQ87969.barcode26	RiPP-like	1
PAQ87969.barcode26	T1PKS	1
PAQ87969.barcode26	arylpolyene	1
PAQ87969.barcode26	betalactone	2
PAQ87969.barcode26	hserlactone	1
PAQ87969.barcode26	hydrogen-cyanide	1
PAQ87969.barcode26	terpene	1
PAQ87969.barcode26	terpene-precursor	2
PAQ87969.barcode27	NAGGN	1
PAQ87969.barcode27	NRP-metallophore	2
PAQ87969.barcode27	NRPS	3
PAQ87969.barcode27	RiPP-like	2
PAQ87969.barcode27	hserlactone	1
PAQ87969.barcode27	ranthipeptide	1
PAQ87969.barcode27	redox-cofactor	1
PAQ87969.barcode27	terpene-precursor	1
PAQ87969.barcode28	NI-siderophore	1
PAQ87969.barcode28	NRPS-like	1
PAQ87969.barcode28	RiPP-like	4
PAQ87969.barcode28	T1PKS	1
PAQ87969.barcode28	arylpolyene	1
PAQ87969.barcode28	betalactone	1
PAQ87969.barcode28	redox-cofactor	1
PAQ87969.barcode28	terpene-precursor	1
PAQ87969.barcode30	CDPS	1
PAQ87969.barcode30	NI-siderophore	1
PAQ87969.barcode30	RiPP-like	2
PAQ87969.barcode30	T2PKS	1
PAQ87969.barcode30	T3PKS	1
PAQ87969.barcode30	atropopeptide	1
PAQ87969.barcode30	butyrolactone	2
PAQ87969.barcode30	terpene	2
PAQ87969.barcode31	NI-siderophore	2
PAQ87969.barcode31	NRP-metallophore	1
PAQ87969.barcode31	NRPS	4
PAQ87969.barcode31	NRPS-like	2
PAQ87969.barcode31	PKS-like	1
PAQ87969.barcode31	RiPP-like	2
PAQ87969.barcode31	T1PKS	3
PAQ87969.barcode31	T3PKS	4
PAQ87969.barcode31	arylpolyene	1
PAQ87969.barcode31	azole-containing-RiPP	1
PAQ87969.barcode31	butyrolactone	3
PAQ87969.barcode31	ectoine	1
PAQ87969.barcode31	hglE-KS	2
PAQ87969.barcode31	lanthipeptide-class-iii	1
PAQ87969.barcode31	lanthipeptide-class-v	1
PAQ87969.barcode31	linaridin	1
PAQ87969.barcode31	melanin	1
PAQ87969.barcode31	other	3
PAQ87969.barcode31	phenazine	1
PAQ87969.barcode31	phosphonate	1
PAQ87969.barcode31	terpene	7
PAQ87969.barcode31	terpene-precursor	5
PAQ87969.barcode31	thioamide-NRP	1
PAQ87969.barcode32	NRPS	1
PAQ87969.barcode32	NRPS-like	1
PAQ87969.barcode32	T3PKS	1
PAQ87969.barcode32	hserlactone	1
PAQ87969.barcode32	lassopeptide	2
PAQ87969.barcode32	phosphonate	1
PAQ87969.barcode32	terpene	2
PAQ87969.barcode32	terpene-precursor	1
PAQ87969.barcode33	HR-T2PKS	1
PAQ87969.barcode33	NAPAA	2
PAQ87969.barcode33	NI-siderophore	4
PAQ87969.barcode33	NRPS	4
PAQ87969.barcode33	NRPS-like	2
PAQ87969.barcode33	RRE-containing	1
PAQ87969.barcode33	RiPP-like	3
PAQ87969.barcode33	T1PKS	8
PAQ87969.barcode33	T2PKS	2
PAQ87969.barcode33	butyrolactone	2
PAQ87969.barcode33	ectoine	1
PAQ87969.barcode33	furan	1
PAQ87969.barcode33	hglE-KS	2
PAQ87969.barcode33	hydrogen-cyanide	1
PAQ87969.barcode33	lanthipeptide-class-iii	1
PAQ87969.barcode33	lanthipeptide-class-iv	1
PAQ87969.barcode33	melanin	1
PAQ87969.barcode33	ranthipeptide	1
PAQ87969.barcode33	terpene	8
PAQ87969.barcode33	terpene-precursor	3
PAQ87969.barcode35	CDPS	1
PAQ87969.barcode35	NAPAA	1
PAQ87969.barcode35	NI-siderophore	3
PAQ87969.barcode35	NRP-metallophore	1
PAQ87969.barcode35	NRPS	4
PAQ87969.barcode35	NRPS-like	1
PAQ87969.barcode35	PKS-like	1
PAQ87969.barcode35	RRE-containing	2
PAQ87969.barcode35	RiPP-like	2
PAQ87969.barcode35	T1PKS	6
PAQ87969.barcode35	T2PKS	2
PAQ87969.barcode35	T3PKS	1
PAQ87969.barcode35	azole-containing-RiPP	1
PAQ87969.barcode35	butyrolactone	3
PAQ87969.barcode35	ectoine	1
PAQ87969.barcode35	hglE-KS	1
PAQ87969.barcode35	hydrogen-cyanide	1
PAQ87969.barcode35	lanthipeptide-class-i	1
PAQ87969.barcode35	lanthipeptide-class-ii	1
PAQ87969.barcode35	lanthipeptide-class-iii	2
PAQ87969.barcode35	melanin	1
PAQ87969.barcode35	other	1
PAQ87969.barcode35	polyyne	1
PAQ87969.barcode35	terpene	10
PAQ87969.barcode35	terpene-precursor	4
PAQ87969.barcode35	transAT-PKS	1
PAQ87969.barcode36	NI-siderophore	2
PAQ87969.barcode36	NRP-metallophore	1
PAQ87969.barcode36	NRPS	4
PAQ87969.barcode36	NRPS-like	2
PAQ87969.barcode36	PKS-like	1
PAQ87969.barcode36	RiPP-like	2
PAQ87969.barcode36	T1PKS	6
PAQ87969.barcode36	T3PKS	3
PAQ87969.barcode36	aminocoumarin	1
PAQ87969.barcode36	azole-containing-RiPP	1
PAQ87969.barcode36	butyrolactone	2
PAQ87969.barcode36	ectoine	1
PAQ87969.barcode36	hglE-KS	2
PAQ87969.barcode36	lanthipeptide-class-iii	1
PAQ87969.barcode36	lanthipeptide-class-v	1
PAQ87969.barcode36	lassopeptide	1
PAQ87969.barcode36	melanin	1
PAQ87969.barcode36	other	2
PAQ87969.barcode36	redox-cofactor	1
PAQ87969.barcode36	terpene	6
PAQ87969.barcode36	terpene-precursor	4
PAQ87969.barcode37	CDPS	2
PAQ87969.barcode37	NAPAA	1
PAQ87969.barcode37	NI-siderophore	3
PAQ87969.barcode37	NRP-metallophore	2
PAQ87969.barcode37	NRPS	8
PAQ87969.barcode37	NRPS-like	4
PAQ87969.barcode37	PKS-like	1
PAQ87969.barcode37	RiPP-like	3
PAQ87969.barcode37	T1PKS	4
PAQ87969.barcode37	T2PKS	2
PAQ87969.barcode37	T3PKS	1
PAQ87969.barcode37	arylpolyene	1
PAQ87969.barcode37	azole-containing-RiPP	3
PAQ87969.barcode37	butyrolactone	1
PAQ87969.barcode37	hglE-KS	1
PAQ87969.barcode37	hydrogen-cyanide	1
PAQ87969.barcode37	lanthipeptide-class-iv	1
PAQ87969.barcode37	melanin	1
PAQ87969.barcode37	nucleoside	1
PAQ87969.barcode37	terpene	7
PAQ87969.barcode37	terpene-precursor	2
PAQ87969.barcode38	CDPS	1
PAQ87969.barcode38	NAPAA	1
PAQ87969.barcode38	NI-siderophore	3
PAQ87969.barcode38	NRP-metallophore	1
PAQ87969.barcode38	NRPS	7
PAQ87969.barcode38	NRPS-like	5
PAQ87969.barcode38	PKS-like	3
PAQ87969.barcode38	RiPP-like	2
PAQ87969.barcode38	T1PKS	3
PAQ87969.barcode38	T2PKS	2
PAQ87969.barcode38	T3PKS	1
PAQ87969.barcode38	azole-containing-RiPP	1
PAQ87969.barcode38	butyrolactone	2
PAQ87969.barcode38	hglE-KS	1
PAQ87969.barcode38	hydrogen-cyanide	1
PAQ87969.barcode38	lanthipeptide-class-i	2
PAQ87969.barcode38	lanthipeptide-class-iii	2
PAQ87969.barcode38	lanthipeptide-class-iv	1
PAQ87969.barcode38	melanin	1
PAQ87969.barcode38	oligosaccharide	1
PAQ87969.barcode38	other	1
PAQ87969.barcode38	phosphonate	1
PAQ87969.barcode38	terpene	8
PAQ87969.barcode38	terpene-precursor	2
PAQ87969.barcode38	thioamitides	2
PAQ87969.barcode38	triceptide	1
PAQ87969.barcode39	NAPAA	1
PAQ87969.barcode39	NI-siderophore	2
PAQ87969.barcode39	NRPS	8
PAQ87969.barcode39	NRPS-like	6
PAQ87969.barcode39	PKS-like	1
PAQ87969.barcode39	RRE-containing	1
PAQ87969.barcode39	RiPP-like	3
PAQ87969.barcode39	T1PKS	4
PAQ87969.barcode39	T2PKS	2
PAQ87969.barcode39	T3PKS	2
PAQ87969.barcode39	amglyccycl	1
PAQ87969.barcode39	arylpolyene	1
PAQ87969.barcode39	azole-containing-RiPP	2
PAQ87969.barcode39	betalactone	1
PAQ87969.barcode39	butyrolactone	1
PAQ87969.barcode39	guanidinotides	1
PAQ87969.barcode39	hglE-KS	1
PAQ87969.barcode39	hydrogen-cyanide	1
PAQ87969.barcode39	lanthipeptide-class-i	1
PAQ87969.barcode39	lanthipeptide-class-ii	2
PAQ87969.barcode39	lanthipeptide-class-iv	3
PAQ87969.barcode39	other	1
PAQ87969.barcode39	terpene	9
PAQ87969.barcode39	terpene-precursor	4
PAQ87969.barcode39	transAT-PKS	2
PAQ87969.barcode40	CDPS	1
PAQ87969.barcode40	HR-T2PKS	1
PAQ87969.barcode40	NAPAA	2
PAQ87969.barcode40	NI-siderophore	2
PAQ87969.barcode40	NRPS	6
PAQ87969.barcode40	NRPS-like	5
PAQ87969.barcode40	PKS-like	1
PAQ87969.barcode40	RiPP-like	4
PAQ87969.barcode40	T1PKS	6
PAQ87969.barcode40	T2PKS	1
PAQ87969.barcode40	T3PKS	2
PAQ87969.barcode40	atropopeptide	1
PAQ87969.barcode40	azole-containing-RiPP	1
PAQ87969.barcode40	azoxy-crosslink	2
PAQ87969.barcode40	butyrolactone	3
PAQ87969.barcode40	ectoine	2
PAQ87969.barcode40	hglE-KS	2
PAQ87969.barcode40	hydrogen-cyanide	1
PAQ87969.barcode40	lanthipeptide-class-i	3
PAQ87969.barcode40	lanthipeptide-class-ii	1
PAQ87969.barcode40	lanthipeptide-class-iii	1
PAQ87969.barcode40	melanin	2
PAQ87969.barcode40	oligosaccharide	1
PAQ87969.barcode40	other	3
PAQ87969.barcode40	phosphonate	1
PAQ87969.barcode40	redox-cofactor	1
PAQ87969.barcode40	terpene	9
PAQ87969.barcode40	terpene-precursor	4
PAQ87969.barcode40	thioamide-NRP	1
PAQ87969.barcode41	CDPS	1
PAQ87969.barcode41	HR-T2PKS	1
PAQ87969.barcode41	NAPAA	2
PAQ87969.barcode41	NI-siderophore	2
PAQ87969.barcode41	NRPS	8
PAQ87969.barcode41	NRPS-like	5
PAQ87969.barcode41	PKS-like	1
PAQ87969.barcode41	RiPP-like	5
PAQ87969.barcode41	T1PKS	7
PAQ87969.barcode41	T2PKS	1
PAQ87969.barcode41	T3PKS	3
PAQ87969.barcode41	atropopeptide	1
PAQ87969.barcode41	azole-containing-RiPP	1
PAQ87969.barcode41	azoxy-crosslink	2
PAQ87969.barcode41	butyrolactone	3
PAQ87969.barcode41	ectoine	2
PAQ87969.barcode41	hglE-KS	2
PAQ87969.barcode41	hydrogen-cyanide	1
PAQ87969.barcode41	indole	1
PAQ87969.barcode41	lanthipeptide-class-i	3
PAQ87969.barcode41	lanthipeptide-class-ii	1
PAQ87969.barcode41	lanthipeptide-class-iii	1
PAQ87969.barcode41	melanin	2
PAQ87969.barcode41	oligosaccharide	1
PAQ87969.barcode41	other	3
PAQ87969.barcode41	phosphonate	1
PAQ87969.barcode41	redox-cofactor	1
PAQ87969.barcode41	terpene	9
PAQ87969.barcode41	terpene-precursor	4
PAQ87969.barcode41	thioamide-NRP	1
PAQ87969.barcode41	triceptide	1
PAQ87969.barcode42	NI-siderophore	1
PAQ87969.barcode42	T3PKS	1
PAQ87969.barcode42	betalactone	1
PAQ87969.barcode42	hydrogen-cyanide	1
PAQ87969.barcode42	resorcinol	1
PAQ87969.barcode42	terpene	1
PAQ87969.barcode42	terpene-precursor	2
PAQ87969.barcode43	NAPAA	2
PAQ87969.barcode43	NI-siderophore	1
PAQ87969.barcode43	NRP-metallophore	2
PAQ87969.barcode43	NRPS	9
PAQ87969.barcode43	NRPS-like	5
PAQ87969.barcode43	RiPP-like	4
PAQ87969.barcode43	T1PKS	5
PAQ87969.barcode43	T2PKS	2
PAQ87969.barcode43	T3PKS	2
PAQ87969.barcode43	arylpolyene	1
PAQ87969.barcode43	atropopeptide	1
PAQ87969.barcode43	butyrolactone	1
PAQ87969.barcode43	ectoine	1
PAQ87969.barcode43	hydrogen-cyanide	1
PAQ87969.barcode43	lanthipeptide-class-i	1
PAQ87969.barcode43	lassopeptide	2
PAQ87969.barcode43	polyhalogenated-pyrrole	1
PAQ87969.barcode43	terpene	7
PAQ87969.barcode43	terpene-precursor	3
PAQ87969.barcode43	transAT-PKS	1
PAQ87969.barcode44	CDPS	1
PAQ87969.barcode44	NAPAA	2
PAQ87969.barcode44	NI-siderophore	2
PAQ87969.barcode44	NRPS	13
PAQ87969.barcode44	NRPS-like	7
PAQ87969.barcode44	PKS-like	1
PAQ87969.barcode44	RRE-containing	1
PAQ87969.barcode44	RiPP-like	2
PAQ87969.barcode44	T1PKS	8
PAQ87969.barcode44	T2PKS	1
PAQ87969.barcode44	T3PKS	2
PAQ87969.barcode44	azole-containing-RiPP	2
PAQ87969.barcode44	betalactone	2
PAQ87969.barcode44	butyrolactone	3
PAQ87969.barcode44	ectoine	1
PAQ87969.barcode44	guanidinotides	1
PAQ87969.barcode44	hydrogen-cyanide	1
PAQ87969.barcode44	lanthipeptide-class-i	2
PAQ87969.barcode44	lanthipeptide-class-ii	1
PAQ87969.barcode44	lanthipeptide-class-iii	1
PAQ87969.barcode44	lanthipeptide-class-iv	3
PAQ87969.barcode44	lanthipeptide-class-v	1
PAQ87969.barcode44	lassopeptide	2
PAQ87969.barcode44	other	1
PAQ87969.barcode44	terpene	7
PAQ87969.barcode44	terpene-precursor	4
PAQ87969.barcode44	transAT-PKS	1
PAQ87969.barcode45	2dos	1
PAQ87969.barcode45	NAPAA	2
PAQ87969.barcode45	NI-siderophore	2
PAQ87969.barcode45	NRP-metallophore	1
PAQ87969.barcode45	NRPS	5
PAQ87969.barcode45	NRPS-like	3
PAQ87969.barcode45	RRE-containing	1
PAQ87969.barcode45	RiPP-like	2
PAQ87969.barcode45	T1PKS	8
PAQ87969.barcode45	T2PKS	1
PAQ87969.barcode45	T3PKS	1
PAQ87969.barcode45	azole-containing-RiPP	1
PAQ87969.barcode45	butyrolactone	1
PAQ87969.barcode45	ectoine	1
PAQ87969.barcode45	hglE-KS	1
PAQ87969.barcode45	hydrogen-cyanide	2
PAQ87969.barcode45	lanthipeptide-class-i	1
PAQ87969.barcode45	lassopeptide	1
PAQ87969.barcode45	terpene	8
PAQ87969.barcode45	terpene-precursor	2
PAQ87969.barcode46	NRP-metallophore	1
PAQ87969.barcode46	NRPS	1
PAQ87969.barcode46	arylpolyene	1
PAQ87969.barcode46	azole-containing-RiPP	1
PAQ87969.barcode46	terpene	1
PAQ87969.barcode46	terpene-precursor	1
PAQ87969.barcode47	NAGGN	1
PAQ87969.barcode47	NRP-metallophore	1
PAQ87969.barcode47	NRPS	3
PAQ87969.barcode47	NRPS-like	1
PAQ87969.barcode47	RiPP-like	4
PAQ87969.barcode47	arylpolyene	1
PAQ87969.barcode47	azole-containing-RiPP	1
PAQ87969.barcode47	betalactone	1
PAQ87969.barcode47	hydrogen-cyanide	1
PAQ87969.barcode47	redox-cofactor	1
PAQ87969.barcode47	terpene	1
PAQ87969.barcode47	terpene-precursor	2
PAQ87969.barcode48	NAGGN	1
PAQ87969.barcode48	NI-siderophore	1
PAQ87969.barcode48	NRP-metallophore	1
PAQ87969.barcode48	NRPS	3
PAQ87969.barcode48	NRPS-like	1
PAQ87969.barcode48	RiPP-like	4
PAQ87969.barcode48	arylpolyene	1
PAQ87969.barcode48	betalactone	1
PAQ87969.barcode48	butyrolactone	1
PAQ87969.barcode48	hserlactone	1
PAQ87969.barcode48	hydrogen-cyanide	3
PAQ87969.barcode48	indole	1
PAQ87969.barcode48	redox-cofactor	1
PAQ87969.barcode48	terpene-precursor	1
PAQ87969.barcode49	NI-siderophore	1
PAQ87969.barcode49	NRPS	2
PAQ87969.barcode49	RRE-containing	1
PAQ87969.barcode49	RiPP-like	2
PAQ87969.barcode49	T1PKS	1
PAQ87969.barcode49	T3PKS	1
PAQ87969.barcode49	betalactone	2
PAQ87969.barcode49	other	1
PAQ87969.barcode49	terpene	2
PAQ87969.barcode49	terpene-precursor	2
PAQ87969.barcode50	NI-siderophore	1
PAQ87969.barcode50	NRPS	2
PAQ87969.barcode50	T3PKS	1
PAQ87969.barcode50	azole-containing-RiPP	1
PAQ87969.barcode50	betalactone	1
PAQ87969.barcode50	lassopeptide	1
PAQ87969.barcode50	terpene	2
PAQ87969.barcode50	terpene-precursor	1
PAQ87969.barcode51	NI-siderophore	1
PAQ87969.barcode51	NRPS	3
PAQ87969.barcode51	NRPS-like	1
PAQ87969.barcode51	RRE-containing	1
PAQ87969.barcode51	RiPP-like	1
PAQ87969.barcode51	T3PKS	1
PAQ87969.barcode51	betalactone	2
PAQ87969.barcode51	cyclic-lactone-autoinducer	1
PAQ87969.barcode51	lanthipeptide-class-ii	1
PAQ87969.barcode51	phosphonate	1
PAQ87969.barcode51	terpene	2
PAQ87969.barcode51	terpene-precursor	2
PAQ87969.barcode53	NAGGN	1
PAQ87969.barcode53	NRP-metallophore	1
PAQ87969.barcode53	NRPS	3
PAQ87969.barcode53	NRPS-like	1
PAQ87969.barcode53	RiPP-like	4
PAQ87969.barcode53	arylpolyene	1
PAQ87969.barcode53	betalactone	1
PAQ87969.barcode53	hydrogen-cyanide	1
PAQ87969.barcode53	redox-cofactor	1
PAQ87969.barcode53	terpene	1
PAQ87969.barcode53	terpene-precursor	1
PAQ87969.barcode54	NAGGN	1
PAQ87969.barcode54	NRP-metallophore	1
PAQ87969.barcode54	NRPS	3
PAQ87969.barcode54	NRPS-like	1
PAQ87969.barcode54	RiPP-like	4
PAQ87969.barcode54	arylpolyene	1
PAQ87969.barcode54	azole-containing-RiPP	1
PAQ87969.barcode54	betalactone	1
PAQ87969.barcode54	hydrogen-cyanide	1
PAQ87969.barcode54	redox-cofactor	1
PAQ87969.barcode54	terpene	1
PAQ87969.barcode54	terpene-precursor	2
PAQ87969.barcode55	NI-siderophore	1
PAQ87969.barcode55	T3PKS	1
PAQ87969.barcode55	cyclic-lactone-autoinducer	1
PAQ87969.barcode55	terpene-precursor	1
PAQ87969.barcode56	T3PKS	1
PAQ87969.barcode56	phosphonate	1
PAQ87969.barcode56	terpene	1
PAQ87969.barcode56	terpene-precursor	1
PAQ87969.barcode57	NI-siderophore	1
PAQ87969.barcode57	NRP-metallophore	1
PAQ87969.barcode57	NRPS	2
PAQ87969.barcode57	NRPS-like	1
PAQ87969.barcode57	RRE-containing	1
PAQ87969.barcode57	RiPP-like	3
PAQ87969.barcode57	T3PKS	1
PAQ87969.barcode57	betalactone	2
PAQ87969.barcode57	other	1
PAQ87969.barcode57	terpene	2
PAQ87969.barcode57	terpene-precursor	1
PAQ87969.barcode58	NI-siderophore	1
PAQ87969.barcode58	NRPS	1
PAQ87969.barcode58	NRPS-like	1
PAQ87969.barcode58	T3PKS	1
PAQ87969.barcode58	azole-containing-RiPP	1
PAQ87969.barcode58	betalactone	1
PAQ87969.barcode58	terpene	2
PAQ87969.barcode58	terpene-precursor	1
PAQ87969.barcode59	NI-siderophore	1
PAQ87969.barcode59	NRPS	2
PAQ87969.barcode59	RRE-containing	1
PAQ87969.barcode59	RiPP-like	2
PAQ87969.barcode59	T1PKS	1
PAQ87969.barcode59	T3PKS	1
PAQ87969.barcode59	betalactone	2
PAQ87969.barcode59	other	1
PAQ87969.barcode59	terpene	2
PAQ87969.barcode59	terpene-precursor	2
PAQ87969.barcode60	NI-siderophore	1
PAQ87969.barcode60	NRPS	2
PAQ87969.barcode60	T3PKS	1
PAQ87969.barcode60	azole-containing-RiPP	1
PAQ87969.barcode60	betalactone	1
PAQ87969.barcode60	cyclic-lactone-autoinducer	1
PAQ87969.barcode60	lassopeptide	1
PAQ87969.barcode60	terpene	2
PAQ87969.barcode60	terpene-precursor	1
PAQ87969.barcode61	NI-siderophore	1
PAQ87969.barcode61	NRPS	1
PAQ87969.barcode61	T3PKS	1
PAQ87969.barcode61	azole-containing-RiPP	1
PAQ87969.barcode61	betalactone	1
PAQ87969.barcode61	lassopeptide	1
PAQ87969.barcode61	opine-like-metallophore	1
PAQ87969.barcode61	terpene	2
PAQ87969.barcode61	terpene-precursor	1
PAQ87969.barcode62	NI-siderophore	2
PAQ87969.barcode62	NRP-metallophore	1
PAQ87969.barcode62	NRPS	2
PAQ87969.barcode62	NRPS-like	3
PAQ87969.barcode62	RiPP-like	2
PAQ87969.barcode62	T1PKS	1
PAQ87969.barcode62	arylpolyene	1
PAQ87969.barcode62	betalactone	2
PAQ87969.barcode62	butyrolactone	1
PAQ87969.barcode62	hydrogen-cyanide	2
PAQ87969.barcode62	isocyanide	1
PAQ87969.barcode62	ranthipeptide	1
PAQ87969.barcode62	redox-cofactor	1
PAQ87969.barcode62	terpene-precursor	1
PAQ87969.barcode63	HR-T2PKS	1
PAQ87969.barcode63	NI-siderophore	4
PAQ87969.barcode63	NRPS	5
PAQ87969.barcode63	NRPS-like	6
PAQ87969.barcode63	PKS-like	1
PAQ87969.barcode63	RiPP-like	3
PAQ87969.barcode63	T1PKS	7
PAQ87969.barcode63	T2PKS	2
PAQ87969.barcode63	T3PKS	2
PAQ87969.barcode63	azole-containing-RiPP	2
PAQ87969.barcode63	butyrolactone	4
PAQ87969.barcode63	ectoine	1
PAQ87969.barcode63	hglE-KS	2
PAQ87969.barcode63	hydrogen-cyanide	1
PAQ87969.barcode63	indole	1
PAQ87969.barcode63	lanthipeptide-class-i	1
PAQ87969.barcode63	lassopeptide	4
PAQ87969.barcode63	linaridin	1
PAQ87969.barcode63	melanin	1
PAQ87969.barcode63	nucleoside	1
PAQ87969.barcode63	other	1
PAQ87969.barcode63	terpene	4
PAQ87969.barcode63	terpene-precursor	1
PAQ87969.barcode63	transAT-PKS-like	1
PAQ87969.barcode63	triceptide	2
PAQ87969.barcode64	NRPS	5
PAQ87969.barcode64	NRPS-like	3
PAQ87969.barcode64	RiPP-like	4
PAQ87969.barcode64	T3PKS	2
PAQ87969.barcode64	lanthipeptide-class-i	1
PAQ87969.barcode64	lassopeptide	1
PAQ87969.barcode64	terpene	2
PAQ87969.barcode64	triceptide	1
PAQ87969.barcode65	HR-T2PKS	1
PAQ87969.barcode65	NI-siderophore	1
PAQ87969.barcode65	NRP-metallophore	1
PAQ87969.barcode65	NRPS	8
PAQ87969.barcode65	NRPS-like	6
PAQ87969.barcode65	PKS-like	1
PAQ87969.barcode65	RiPP-like	3
PAQ87969.barcode65	T1PKS	4
PAQ87969.barcode65	T2PKS	1
PAQ87969.barcode65	T3PKS	2
PAQ87969.barcode65	butyrolactone	2
PAQ87969.barcode65	ectoine	1
PAQ87969.barcode65	hglE-KS	2
PAQ87969.barcode65	hydrogen-cyanide	1
PAQ87969.barcode65	lanthipeptide-class-i	1
PAQ87969.barcode65	lanthipeptide-class-ii	1
PAQ87969.barcode65	lanthipeptide-class-iii	2
PAQ87969.barcode65	melanin	2
PAQ87969.barcode65	oligosaccharide	2
PAQ87969.barcode65	other	1
PAQ87969.barcode65	redox-cofactor	1
PAQ87969.barcode65	terpene	8
PAQ87969.barcode65	terpene-precursor	5
PAQ87969.barcode66	CDPS	1
PAQ87969.barcode66	NI-siderophore	3
PAQ87969.barcode66	NRPS	6
PAQ87969.barcode66	NRPS-like	5
PAQ87969.barcode66	PKS-like	1
PAQ87969.barcode66	RRE-containing	2
PAQ87969.barcode66	RiPP-like	3
PAQ87969.barcode66	T1PKS	11
PAQ87969.barcode66	T3PKS	1
PAQ87969.barcode66	azole-containing-RiPP	1
PAQ87969.barcode66	butyrolactone	3
PAQ87969.barcode66	hydrogen-cyanide	1
PAQ87969.barcode66	lanthipeptide-class-i	2
PAQ87969.barcode66	lanthipeptide-class-ii	1
PAQ87969.barcode66	lanthipeptide-class-iii	3
PAQ87969.barcode66	lanthipeptide-class-v	1
PAQ87969.barcode66	melanin	2
PAQ87969.barcode66	nucleoside	1
PAQ87969.barcode66	other	1
PAQ87969.barcode66	terpene	4
PAQ87969.barcode66	terpene-precursor	2
PAQ87969.barcode66	transAT-PKS	1
PAQ87969.barcode67	CDPS	2
PAQ87969.barcode67	NI-siderophore	3
PAQ87969.barcode67	NRPS	7
PAQ87969.barcode67	NRPS-like	4
PAQ87969.barcode67	RiPP-like	1
PAQ87969.barcode67	T1PKS	8
PAQ87969.barcode67	T2PKS	2
PAQ87969.barcode67	T3PKS	1
PAQ87969.barcode67	butyrolactone	3
PAQ87969.barcode67	ectoine	1
PAQ87969.barcode67	hglE-KS	1
PAQ87969.barcode67	hydrogen-cyanide	1
PAQ87969.barcode67	lanthipeptide-class-i	1
PAQ87969.barcode67	lanthipeptide-class-iii	1
PAQ87969.barcode67	melanin	1
PAQ87969.barcode67	redox-cofactor	1
PAQ87969.barcode67	terpene	10
PAQ87969.barcode67	terpene-precursor	3
PAQ87969.barcode70	NAPAA	2
PAQ87969.barcode70	NI-siderophore	1
PAQ87969.barcode70	NRP-metallophore	2
PAQ87969.barcode70	NRPS	11
PAQ87969.barcode70	NRPS-like	6
PAQ87969.barcode70	RRE-containing	1
PAQ87969.barcode70	RiPP-like	4
PAQ87969.barcode70	T1PKS	7
PAQ87969.barcode70	T2PKS	2
PAQ87969.barcode70	T3PKS	1
PAQ87969.barcode70	atropopeptide	1
PAQ87969.barcode70	blactam	1
PAQ87969.barcode70	butyrolactone	1
PAQ87969.barcode70	deazapurine	1
PAQ87969.barcode70	guanidinotides	1
PAQ87969.barcode70	hglE-KS	1
PAQ87969.barcode70	hydrogen-cyanide	1
PAQ87969.barcode70	lanthipeptide-class-i	1
PAQ87969.barcode70	lanthipeptide-class-ii	1
PAQ87969.barcode70	lanthipeptide-class-iii	2
PAQ87969.barcode70	lassopeptide	1
PAQ87969.barcode70	linaridin	1
PAQ87969.barcode70	nucleoside	1
PAQ87969.barcode70	terpene	6
PAQ87969.barcode70	terpene-precursor	2
PAQ87969.barcode70	transAT-PKS	1
PAQ87969.barcode72	NI-siderophore	2
PAQ87969.barcode72	NRPS	2
PAQ87969.barcode72	NRPS-like	5
PAQ87969.barcode72	PKS-like	2
PAQ87969.barcode72	RRE-containing	1
PAQ87969.barcode72	RiPP-like	4
PAQ87969.barcode72	T2PKS	2
PAQ87969.barcode72	T3PKS	2
PAQ87969.barcode72	azole-containing-RiPP	1
PAQ87969.barcode72	betalactone	1
PAQ87969.barcode72	butyrolactone	1
PAQ87969.barcode72	ectoine	1
PAQ87969.barcode72	hydrogen-cyanide	1
PAQ87969.barcode72	lanthipeptide-class-i	1
PAQ87969.barcode72	lassopeptide	1
PAQ87969.barcode72	melanin	1
PAQ87969.barcode72	oligosaccharide	1
PAQ87969.barcode72	terpene	5
PAQ87969.barcode72	terpene-precursor	1
PAQ87969.barcode73	NAPAA	2
PAQ87969.barcode73	RiPP-like	1
PAQ87969.barcode73	T3PKS	1
PAQ87969.barcode73	betalactone	1
PAQ87969.barcode73	bottromycin	1
PAQ87969.barcode73	ectoine	1
PAQ87969.barcode73	terpene	1
PAQ87969.barcode73	terpene-precursor	1
PAQ87969.barcode75	NAPAA	2
PAQ87969.barcode75	NRPS-like	1
PAQ87969.barcode75	RRE-containing	1
PAQ87969.barcode75	T3PKS	1
PAQ87969.barcode75	betalactone	3
PAQ87969.barcode75	hydrogen-cyanide	1
PAQ87969.barcode75	hydroxytropolone	1
PAQ87969.barcode75	terpene	1
PAQ87969.barcode75	terpene-precursor	2
PAQ87969.barcode76	NI-siderophore	1
PAQ87969.barcode76	T3PKS	1
PAQ87969.barcode76	cyclic-lactone-autoinducer	1
PAQ87969.barcode76	opine-like-metallophore	1
PAQ87969.barcode76	terpene	2
PAQ87969.barcode76	terpene-precursor	1
PAQ87969.barcode77	NI-siderophore	1
PAQ87969.barcode77	NRPS	2
PAQ87969.barcode77	T3PKS	1
PAQ87969.barcode77	azole-containing-RiPP	1
PAQ87969.barcode77	betalactone	1
PAQ87969.barcode77	terpene	2
PAQ87969.barcode77	terpene-precursor	1
PAQ87969.barcode79	NAPAA	2
PAQ87969.barcode79	NI-siderophore	3
PAQ87969.barcode79	NRPS	2
PAQ87969.barcode79	NRPS-like	3
PAQ87969.barcode79	RRE-containing	2
PAQ87969.barcode79	RiPP-like	2
PAQ87969.barcode79	T1PKS	4
PAQ87969.barcode79	T2PKS	2
PAQ87969.barcode79	T3PKS	1
PAQ87969.barcode79	butyrolactone	2
PAQ87969.barcode79	ectoine	1
PAQ87969.barcode79	hydrogen-cyanide	1
PAQ87969.barcode79	melanin	1
PAQ87969.barcode79	terpene	9
PAQ87969.barcode79	terpene-precursor	3
PAQ87969.barcode79	thioamide-NRP	1
PAQ87969.barcode80	HR-T2PKS	1
PAQ87969.barcode80	NAPAA	2
PAQ87969.barcode80	NI-siderophore	3
PAQ87969.barcode80	NRPS	8
PAQ87969.barcode80	NRPS-like	4
PAQ87969.barcode80	RRE-containing	1
PAQ87969.barcode80	RiPP-like	3
PAQ87969.barcode80	T1PKS	8
PAQ87969.barcode80	T2PKS	2
PAQ87969.barcode80	T3PKS	1
PAQ87969.barcode80	amglyccycl	1
PAQ87969.barcode80	atropopeptide	1
PAQ87969.barcode80	azole-containing-RiPP	2
PAQ87969.barcode80	betalactone	1
PAQ87969.barcode80	butyrolactone	2
PAQ87969.barcode80	ectoine	1
PAQ87969.barcode80	hglE-KS	1
PAQ87969.barcode80	lanthipeptide-class-i	1
PAQ87969.barcode80	lanthipeptide-class-iii	1
PAQ87969.barcode80	lassopeptide	2
PAQ87969.barcode80	melanin	1
PAQ87969.barcode80	other	1
PAQ87969.barcode80	terpene	6
PAQ87969.barcode80	transAT-PKS	1
PAQ87969.barcode80	transAT-PKS-like	2
PAQ87969.barcode80	triceptide	1
PAQ87969.barcode82	NI-siderophore	3
PAQ87969.barcode82	NRPS	10
PAQ87969.barcode82	NRPS-like	5
PAQ87969.barcode82	PKS-like	1
PAQ87969.barcode82	RiPP-like	2
PAQ87969.barcode82	T1PKS	5
PAQ87969.barcode82	T2PKS	1
PAQ87969.barcode82	T3PKS	1
PAQ87969.barcode82	butyrolactone	2
PAQ87969.barcode82	ectoine	1
PAQ87969.barcode82	hglE-KS	2
PAQ87969.barcode82	hydrogen-cyanide	1
PAQ87969.barcode82	lanthipeptide-class-iii	2
PAQ87969.barcode82	lassopeptide	2
PAQ87969.barcode82	linaridin	1
PAQ87969.barcode82	melanin	1
PAQ87969.barcode82	other	1
PAQ87969.barcode82	redox-cofactor	1
PAQ87969.barcode82	terpene	2
PAQ87969.barcode82	terpene-precursor	3
PAQ87969.barcode83	NAPAA	1
PAQ87969.barcode83	NI-siderophore	2
PAQ87969.barcode83	NRPS	3
PAQ87969.barcode83	NRPS-like	2
PAQ87969.barcode83	RRE-containing	1
PAQ87969.barcode83	RiPP-like	1
PAQ87969.barcode83	T1PKS	5
PAQ87969.barcode83	azole-containing-RiPP	1
PAQ87969.barcode83	butyrolactone	2
PAQ87969.barcode83	ectoine	1
PAQ87969.barcode83	hglE-KS	1
PAQ87969.barcode83	hydrogen-cyanide	1
PAQ87969.barcode83	lanthipeptide-class-i	5
PAQ87969.barcode83	lanthipeptide-class-ii	1
PAQ87969.barcode83	lanthipeptide-class-iii	2
PAQ87969.barcode83	lassopeptide	1
PAQ87969.barcode83	linaridin	1
PAQ87969.barcode83	terpene	6
PAQ87969.barcode83	terpene-precursor	2
PAQ87969.barcode83	transAT-PKS	1
PAQ87969.barcode84	NAPAA	1
PAQ87969.barcode84	NI-siderophore	2
PAQ87969.barcode84	NRP-metallophore	1
PAQ87969.barcode84	NRPS	17
PAQ87969.barcode84	NRPS-like	9
PAQ87969.barcode84	PKS-like	1
PAQ87969.barcode84	RRE-containing	1
PAQ87969.barcode84	RiPP-like	5
PAQ87969.barcode84	T1PKS	7
PAQ87969.barcode84	T2PKS	2
PAQ87969.barcode84	T3PKS	5
PAQ87969.barcode84	atropopeptide	1
PAQ87969.barcode84	butyrolactone	2
PAQ87969.barcode84	crocagin	1
PAQ87969.barcode84	deazapurine	1
PAQ87969.barcode84	ectoine	1
PAQ87969.barcode84	guanidinotides	1
PAQ87969.barcode84	hglE-KS	1
PAQ87969.barcode84	hydrogen-cyanide	1
PAQ87969.barcode84	lanthipeptide-class-i	1
PAQ87969.barcode84	lanthipeptide-class-ii	1
PAQ87969.barcode84	lanthipeptide-class-iii	1
PAQ87969.barcode84	lanthipeptide-class-iv	1
PAQ87969.barcode84	melanin	1
PAQ87969.barcode84	other	1
PAQ87969.barcode84	phenazine	1
PAQ87969.barcode84	prodigiosin	1
PAQ87969.barcode84	redox-cofactor	1
PAQ87969.barcode84	terpene	9
PAQ87969.barcode84	terpene-precursor	5
PAQ87969.barcode84	transAT-PKS	1
PAQ87969.barcode84	transAT-PKS-like	1
PAQ87969.barcode85	NAPAA	4
PAQ87969.barcode85	NI-siderophore	3
PAQ87969.barcode85	NRP-metallophore	1
PAQ87969.barcode85	NRPS	3
PAQ87969.barcode85	NRPS-like	2
PAQ87969.barcode85	RRE-containing	1
PAQ87969.barcode85	RiPP-like	4
PAQ87969.barcode85	T1PKS	3
PAQ87969.barcode85	T2PKS	2
PAQ87969.barcode85	T3PKS	1
PAQ87969.barcode85	arylpolyene	1
PAQ87969.barcode85	azole-containing-RiPP	1
PAQ87969.barcode85	azoxy-crosslink	1
PAQ87969.barcode85	butyrolactone	1
PAQ87969.barcode85	ectoine	1
PAQ87969.barcode85	hglE-KS	1
PAQ87969.barcode85	hydrogen-cyanide	1
PAQ87969.barcode85	indole	1
PAQ87969.barcode85	lanthipeptide-class-iii	1
PAQ87969.barcode85	lassopeptide	1
PAQ87969.barcode85	melanin	1
PAQ87969.barcode85	other	1
PAQ87969.barcode85	redox-cofactor	1
PAQ87969.barcode85	terpene	6
PAQ87969.barcode85	terpene-precursor	3
PAQ87969.barcode85	thioamitides	1
PAQ87969.barcode85	triceptide	1
PAQ87969.barcode86	CDPS	2
PAQ87969.barcode86	HR-T2PKS	1
PAQ87969.barcode86	NAPAA	1
PAQ87969.barcode86	NI-siderophore	3
PAQ87969.barcode86	NRPS	3
PAQ87969.barcode86	NRPS-like	3
PAQ87969.barcode86	PKS-like	2
PAQ87969.barcode86	RiPP-like	2
PAQ87969.barcode86	T1PKS	3
PAQ87969.barcode86	T2PKS	3
PAQ87969.barcode86	T3PKS	1
PAQ87969.barcode86	amglyccycl	1
PAQ87969.barcode86	azole-containing-RiPP	2
PAQ87969.barcode86	blactam	1
PAQ87969.barcode86	butyrolactone	2
PAQ87969.barcode86	hglE-KS	1
PAQ87969.barcode86	hydrogen-cyanide	1
PAQ87969.barcode86	indole	1
PAQ87969.barcode86	lanthipeptide-class-iv	1
PAQ87969.barcode86	melanin	1
PAQ87969.barcode86	other	1
PAQ87969.barcode86	terpene	6
PAQ87969.barcode86	terpene-precursor	2
PAQ87969.barcode86	triceptide	1
PAQ87969.barcode87	CDPS	1
PAQ87969.barcode87	HR-T2PKS	1
PAQ87969.barcode87	NAPAA	1
PAQ87969.barcode87	NI-siderophore	2
PAQ87969.barcode87	NRPS	2
PAQ87969.barcode87	NRPS-like	1
PAQ87969.barcode87	RRE-containing	2
PAQ87969.barcode87	RiPP-like	1
PAQ87969.barcode87	T1PKS	3
PAQ87969.barcode87	T2PKS	3
PAQ87969.barcode87	T3PKS	2
PAQ87969.barcode87	atropopeptide	1
PAQ87969.barcode87	azole-containing-RiPP	2
PAQ87969.barcode87	butyrolactone	1
PAQ87969.barcode87	hglE-KS	2
PAQ87969.barcode87	hydrogen-cyanide	1
PAQ87969.barcode87	indole	1
PAQ87969.barcode87	lanthipeptide-class-ii	2
PAQ87969.barcode87	lanthipeptide-class-iii	2
PAQ87969.barcode87	lanthipeptide-class-iv	3
PAQ87969.barcode87	redox-cofactor	1
PAQ87969.barcode87	terpene	10
PAQ87969.barcode87	terpene-precursor	3
PAQ87969.barcode87	thioamide-NRP	1
PAQ87969.barcode87	thioamitides	1
PAQ87969.barcode88	NI-siderophore	1
PAQ87969.barcode88	NRP-metallophore	1
PAQ87969.barcode88	NRPS	3
PAQ87969.barcode88	NRPS-like	1
PAQ87969.barcode88	RiPP-like	2
PAQ87969.barcode88	T1PKS	1
PAQ87969.barcode88	azole-containing-RiPP	1
PAQ87969.barcode88	betalactone	1
PAQ87969.barcode88	lassopeptide	1
PAQ87969.barcode88	terpene	1
PAQ87969.barcode88	terpene-precursor	1
PAQ87969.barcode89	NAPAA	2
PAQ87969.barcode89	NI-siderophore	3
PAQ87969.barcode89	NRPS	4
PAQ87969.barcode89	NRPS-like	1
PAQ87969.barcode89	PKS-like	1
PAQ87969.barcode89	RRE-containing	1
PAQ87969.barcode89	RiPP-like	3
PAQ87969.barcode89	T1PKS	4
PAQ87969.barcode89	T2PKS	2
PAQ87969.barcode89	T3PKS	2
PAQ87969.barcode89	azole-containing-RiPP	1
PAQ87969.barcode89	betalactone	1
PAQ87969.barcode89	butyrolactone	3
PAQ87969.barcode89	ectoine	2
PAQ87969.barcode89	hglE-KS	1
PAQ87969.barcode89	hydrogen-cyanide	1
PAQ87969.barcode89	indole	1
PAQ87969.barcode89	lanthipeptide-class-iii	1
PAQ87969.barcode89	melanin	2
PAQ87969.barcode89	terpene	4
PAQ87969.barcode89	terpene-precursor	2
PAQ87969.barcode90	2dos	1
PAQ87969.barcode90	CDPS	1
PAQ87969.barcode90	NAPAA	1
PAQ87969.barcode90	NI-siderophore	1
PAQ87969.barcode90	NRP-metallophore	1
PAQ87969.barcode90	NRPS	21
PAQ87969.barcode90	NRPS-like	8
PAQ87969.barcode90	RiPP-like	1
PAQ87969.barcode90	T1PKS	12
PAQ87969.barcode90	T2PKS	2
PAQ87969.barcode90	T3PKS	2
PAQ87969.barcode90	aminopolycarboxylic-acid	2
PAQ87969.barcode90	arylpolyene	1
PAQ87969.barcode90	butyrolactone	2
PAQ87969.barcode90	ectoine	1
PAQ87969.barcode90	hglE-KS	1
PAQ87969.barcode90	indole	1
PAQ87969.barcode90	isocyanide	1
PAQ87969.barcode90	other	2
PAQ87969.barcode90	phenazine	1
PAQ87969.barcode90	ranthipeptide	1
PAQ87969.barcode90	redox-cofactor	1
PAQ87969.barcode90	terpene	10
PAQ87969.barcode90	terpene-precursor	1
PAQ87969.barcode90	thioamide-NRP	1
PAQ87969.barcode91	NAPAA	1
PAQ87969.barcode91	NI-siderophore	3
PAQ87969.barcode91	NRPS	5
PAQ87969.barcode91	NRPS-like	3
PAQ87969.barcode91	PKS-like	1
PAQ87969.barcode91	RiPP-like	5
PAQ87969.barcode91	T1PKS	5
PAQ87969.barcode91	T2PKS	1
PAQ87969.barcode91	T3PKS	2
PAQ87969.barcode91	amglyccycl	1
PAQ87969.barcode91	aminopolycarboxylic-acid	1
PAQ87969.barcode91	atropopeptide	1
PAQ87969.barcode91	azole-containing-RiPP	2
PAQ87969.barcode91	betalactone	1
PAQ87969.barcode91	blactam	1
PAQ87969.barcode91	butyrolactone	4
PAQ87969.barcode91	ectoine	1
PAQ87969.barcode91	hglE-KS	2
PAQ87969.barcode91	hydrogen-cyanide	1
PAQ87969.barcode91	indole	1
PAQ87969.barcode91	lanthipeptide-class-i	3
PAQ87969.barcode91	lanthipeptide-class-iii	1
PAQ87969.barcode91	lassopeptide	2
PAQ87969.barcode91	melanin	1
PAQ87969.barcode91	oligosaccharide	1
PAQ87969.barcode91	other	1
PAQ87969.barcode91	terpene	5
PAQ87969.barcode91	terpene-precursor	1
PAQ87969.barcode91	thioamitides	1
PAQ87969.barcode91	transAT-PKS	1
PAQ87969.barcode91	triceptide	1
PAQ87969.barcode92	CDPS	1
PAQ87969.barcode92	HR-T2PKS	1
PAQ87969.barcode92	NAPAA	1
PAQ87969.barcode92	NI-siderophore	1
PAQ87969.barcode92	NRPS	5
PAQ87969.barcode92	PKS-like	1
PAQ87969.barcode92	RiPP-like	1
PAQ87969.barcode92	T1PKS	3
PAQ87969.barcode92	T2PKS	2
PAQ87969.barcode92	T3PKS	2
PAQ87969.barcode92	aminopolycarboxylic-acid	1
PAQ87969.barcode92	atropopeptide	1
PAQ87969.barcode92	azole-containing-RiPP	1
PAQ87969.barcode92	butyrolactone	3
PAQ87969.barcode92	hglE-KS	2
PAQ87969.barcode92	hydrogen-cyanide	1
PAQ87969.barcode92	lanthipeptide-class-ii	2
PAQ87969.barcode92	lanthipeptide-class-iii	2
PAQ87969.barcode92	lanthipeptide-class-iv	2
PAQ87969.barcode92	terpene	8
PAQ87969.barcode92	terpene-precursor	3
PAQ87969.barcode92	thioamitides	1
PAQ87969.barcode93	NAPAA	1
PAQ87969.barcode93	NI-siderophore	1
PAQ87969.barcode93	T3PKS	1
PAQ87969.barcode93	terpene	1
PAQ87969.barcode93	terpene-precursor	2
PAQ87969.barcode94	NRPS	1
PAQ87969.barcode94	transAT-PKS-like	1
PAQ87969.barcode95	NAPAA	1
PAQ87969.barcode95	NI-siderophore	1
PAQ87969.barcode95	T3PKS	2
PAQ87969.barcode95	betalactone	1
PAQ87969.barcode95	terpene	1
PAQ87969.barcode95	terpene-precursor	1
PAQ87969.barcode96	NAPAA	1
PAQ87969.barcode96	NRPS-like	1
PAQ87969.barcode96	RRE-containing	1
PAQ87969.barcode96	T3PKS	1
PAQ87969.barcode96	betalactone	1
PAQ87969.barcode96	furan	1
PAQ87969.barcode96	terpene	1
PAQ87969.barcode96	terpene-precursor	1
PAQ88969.barcode01	HR-T2PKS	1
PAQ88969.barcode01	NI-siderophore	1
PAQ88969.barcode01	NRP-metallophore	1
PAQ88969.barcode01	NRPS	1
PAQ88969.barcode01	arylpolyene	1
PAQ88969.barcode01	azole-containing-RiPP	1
PAQ88969.barcode01	terpene-precursor	1
PAQ88969.barcode02	HR-T2PKS	1
PAQ88969.barcode02	NAPAA	1
PAQ88969.barcode02	NI-siderophore	2
PAQ88969.barcode02	NRP-metallophore	2
PAQ88969.barcode02	NRPS	3
PAQ88969.barcode02	RiPP-like	1
PAQ88969.barcode02	arylpolyene	4
PAQ88969.barcode02	azole-containing-RiPP	1
PAQ88969.barcode02	betalactone	2
PAQ88969.barcode02	furan	1
PAQ88969.barcode02	hserlactone	1
PAQ88969.barcode02	redox-cofactor	1
PAQ88969.barcode02	terpene-precursor	2
PAQ88969.barcode06	T3PKS	1
PAQ88969.barcode06	terpene	2
PAQ88969.barcode06	terpene-precursor	1
PAQ88969.barcode07	NI-siderophore	1
PAQ88969.barcode07	NRP-metallophore	1
PAQ88969.barcode07	NRPS	2
PAQ88969.barcode07	RRE-containing	1
PAQ88969.barcode07	T3PKS	1
PAQ88969.barcode07	betalactone	1
PAQ88969.barcode07	other	1
PAQ88969.barcode07	terpene	2
PAQ88969.barcode07	terpene-precursor	1
PAQ88969.barcode08	T3PKS	1
PAQ88969.barcode08	azole-containing-RiPP	1
PAQ88969.barcode08	lassopeptide	1
PAQ88969.barcode08	proteusin	1
PAQ88969.barcode08	terpene	4
PAQ88969.barcode08	terpene-precursor	2
PAQ88969.barcode09	NI-siderophore	1
PAQ88969.barcode09	NRPS	2
PAQ88969.barcode09	T3PKS	1
PAQ88969.barcode09	azole-containing-RiPP	1
PAQ88969.barcode09	betalactone	1
PAQ88969.barcode09	lassopeptide	1
PAQ88969.barcode09	terpene	2
PAQ88969.barcode09	terpene-precursor	1
PAQ88969.barcode12	NI-siderophore	2
PAQ88969.barcode12	NRP-metallophore	1
PAQ88969.barcode12	NRPS	3
PAQ88969.barcode12	NRPS-like	4
PAQ88969.barcode12	PKS-like	1
PAQ88969.barcode12	RiPP-like	3
PAQ88969.barcode12	T1PKS	3
PAQ88969.barcode12	T2PKS	2
PAQ88969.barcode12	T3PKS	1
PAQ88969.barcode12	butyrolactone	1
PAQ88969.barcode12	ectoine	1
PAQ88969.barcode12	hydrogen-cyanide	1
PAQ88969.barcode12	indole	1
PAQ88969.barcode12	lanthipeptide-class-i	2
PAQ88969.barcode12	lassopeptide	1
PAQ88969.barcode12	melanin	1
PAQ88969.barcode12	other	1
PAQ88969.barcode12	terpene	6
PAQ88969.barcode12	terpene-precursor	2
PAQ88969.barcode12	transAT-PKS-like	1
PAQ88969.barcode13	NI-siderophore	2
PAQ88969.barcode13	NRP-metallophore	1
PAQ88969.barcode13	NRPS	11
PAQ88969.barcode13	NRPS-like	6
PAQ88969.barcode13	PKS-like	1
PAQ88969.barcode13	RiPP-like	2
PAQ88969.barcode13	T1PKS	2
PAQ88969.barcode13	T2PKS	1
PAQ88969.barcode13	T3PKS	2
PAQ88969.barcode13	arylpolyene	2
PAQ88969.barcode13	azole-containing-RiPP	1
PAQ88969.barcode13	butyrolactone	2
PAQ88969.barcode13	ectoine	2
PAQ88969.barcode13	lanthipeptide-class-ii	1
PAQ88969.barcode13	lanthipeptide-class-iii	2
PAQ88969.barcode13	melanin	1
PAQ88969.barcode13	oligosaccharide	1
PAQ88969.barcode13	terpene	4
PAQ88969.barcode13	terpene-precursor	4
PAQ88969.barcode13	transAT-PKS	2
PAQ88969.barcode13	transAT-PKS-like	1
PAQ88969.barcode15	NAGGN	1
PAQ88969.barcode15	NI-siderophore	1
PAQ88969.barcode15	NRP-metallophore	1
PAQ88969.barcode15	NRPS	2
PAQ88969.barcode15	NRPS-like	1
PAQ88969.barcode15	RRE-containing	1
PAQ88969.barcode15	RiPP-like	2
PAQ88969.barcode15	T3PKS	1
PAQ88969.barcode15	arylpolyene	1
PAQ88969.barcode15	betalactone	2
PAQ88969.barcode15	cyclic-lactone-autoinducer	1
PAQ88969.barcode15	hydrogen-cyanide	1
PAQ88969.barcode15	lanthipeptide-class-ii	3
PAQ88969.barcode15	opine-like-metallophore	1
PAQ88969.barcode15	ranthipeptide	1
PAQ88969.barcode15	redox-cofactor	2
PAQ88969.barcode15	terpene	2
PAQ88969.barcode15	terpene-precursor	4
PAQ88969.barcode16	NAGGN	1
PAQ88969.barcode16	NRP-metallophore	1
PAQ88969.barcode16	NRPS	2
PAQ88969.barcode16	NRPS-like	1
PAQ88969.barcode16	RiPP-like	2
PAQ88969.barcode16	arylpolyene	1
PAQ88969.barcode16	betalactone	1
PAQ88969.barcode16	hydrogen-cyanide	1
PAQ88969.barcode16	lanthipeptide-class-ii	1
PAQ88969.barcode16	ranthipeptide	1
PAQ88969.barcode16	redox-cofactor	2
PAQ88969.barcode16	terpene-precursor	1
PAQ88969.barcode17	NI-siderophore	2
PAQ88969.barcode17	NRPS	5
PAQ88969.barcode17	NRPS-like	1
PAQ88969.barcode17	T3PKS	1
PAQ88969.barcode17	azole-containing-RiPP	1
PAQ88969.barcode17	betalactone	1
PAQ88969.barcode17	deazapurine	1
PAQ88969.barcode17	lanthipeptide-class-i	1
PAQ88969.barcode17	lassopeptide	2
PAQ88969.barcode17	terpene	3
PAQ88969.barcode17	terpene-precursor	1
PAQ88969.barcode17	transAT-PKS-like	1
PAQ88969.barcode20	NAPAA	1
PAQ88969.barcode20	NI-siderophore	2
PAQ88969.barcode20	NRP-metallophore	1
PAQ88969.barcode20	NRPS	4
PAQ88969.barcode20	NRPS-like	4
PAQ88969.barcode20	PKS-like	1
PAQ88969.barcode20	RiPP-like	4
PAQ88969.barcode20	T1PKS	2
PAQ88969.barcode20	T2PKS	3
PAQ88969.barcode20	T3PKS	1
PAQ88969.barcode20	betalactone	2
PAQ88969.barcode20	butyrolactone	1
PAQ88969.barcode20	ectoine	1
PAQ88969.barcode20	hydrogen-cyanide	1
PAQ88969.barcode20	indole	1
PAQ88969.barcode20	lanthipeptide-class-i	2
PAQ88969.barcode20	lanthipeptide-class-iv	1
PAQ88969.barcode20	lassopeptide	1
PAQ88969.barcode20	melanin	1
PAQ88969.barcode20	other	1
PAQ88969.barcode20	terpene	7
PAQ88969.barcode20	terpene-precursor	2
PAQ88969.barcode20	triceptide	1
PAQ88969.barcode21	NI-siderophore	1
PAQ88969.barcode21	NRP-metallophore	1
PAQ88969.barcode21	NRPS	11
PAQ88969.barcode21	NRPS-like	3
PAQ88969.barcode21	PUFA	1
PAQ88969.barcode21	PpyS-KS	1
PAQ88969.barcode21	T1PKS	3
PAQ88969.barcode21	amglyccycl	1
PAQ88969.barcode21	arylpolyene	1
PAQ88969.barcode21	azole-containing-RiPP	1
PAQ88969.barcode21	betalactone	1
PAQ88969.barcode21	hglE-KS	1
PAQ88969.barcode21	leupeptin	1
PAQ88969.barcode21	terpene-precursor	1
PAQ88969.barcode21	transAT-PKS	1
PAQ88969.barcode23	NI-siderophore	2
PAQ88969.barcode23	NRPS-like	2
PAQ88969.barcode23	RiPP-like	1
PAQ88969.barcode23	T1PKS	6
PAQ88969.barcode23	T3PKS	1
PAQ88969.barcode23	butyrolactone	1
PAQ88969.barcode23	lanthipeptide-class-i	1
PAQ88969.barcode23	terpene	3
PAQ88969.barcode23	terpene-precursor	3
PAQ88969.barcode24	NI-siderophore	1
PAQ88969.barcode24	NRPS	6
PAQ88969.barcode24	NRPS-like	1
PAQ88969.barcode24	PKS-like	1
PAQ88969.barcode24	RRE-containing	1
PAQ88969.barcode24	T1PKS	1
PAQ88969.barcode24	T3PKS	1
PAQ88969.barcode24	cyclic-lactone-autoinducer	5
PAQ88969.barcode24	lanthipeptide-class-i	1
PAQ88969.barcode24	lassopeptide	1
PAQ88969.barcode24	phosphonate	1
PAQ88969.barcode24	proteusin	1
PAQ88969.barcode24	terpene-precursor	2
PAQ88969.barcode24	transAT-PKS	2
PAQ88969.barcode25	NI-siderophore	1
PAQ88969.barcode25	NRP-metallophore	1
PAQ88969.barcode25	NRPS	3
PAQ88969.barcode25	RiPP-like	2
PAQ88969.barcode25	azole-containing-RiPP	1
PAQ88969.barcode25	betalactone	1
PAQ88969.barcode25	deazapurine	1
PAQ88969.barcode25	lanthipeptide-class-i	1
PAQ88969.barcode25	lanthipeptide-class-ii	1
PAQ88969.barcode25	lassopeptide	1
PAQ88969.barcode25	terpene	1
PAQ88969.barcode25	terpene-precursor	1
PAQ88969.barcode26	NAPAA	2
PAQ88969.barcode26	NI-siderophore	1
PAQ88969.barcode26	NRPS-like	1
PAQ88969.barcode26	RRE-containing	1
PAQ88969.barcode26	T3PKS	1
PAQ88969.barcode26	betalactone	2
PAQ88969.barcode26	terpene	1
PAQ88969.barcode26	terpene-precursor	1
PAQ88969.barcode27	CDPS	1
PAQ88969.barcode27	NI-siderophore	2
PAQ88969.barcode27	NRP-metallophore	1
PAQ88969.barcode27	NRPS	7
PAQ88969.barcode27	NRPS-like	3
PAQ88969.barcode27	PKS-like	1
PAQ88969.barcode27	RiPP-like	3
PAQ88969.barcode27	T1PKS	4
PAQ88969.barcode27	T2PKS	1
PAQ88969.barcode27	T3PKS	2
PAQ88969.barcode27	arylpolyene	2
PAQ88969.barcode27	azole-containing-RiPP	1
PAQ88969.barcode27	butyrolactone	1
PAQ88969.barcode27	ectoine	1
PAQ88969.barcode27	hydrogen-cyanide	1
PAQ88969.barcode27	lanthipeptide-class-ii	1
PAQ88969.barcode27	lanthipeptide-class-iii	2
PAQ88969.barcode27	lanthipeptide-class-iv	1
PAQ88969.barcode27	linaridin	1
PAQ88969.barcode27	melanin	3
PAQ88969.barcode27	oligosaccharide	1
PAQ88969.barcode27	terpene	6
PAQ88969.barcode27	terpene-precursor	4
PAQ88969.barcode27	transAT-PKS	3
PAQ88969.barcode28	NAPAA	1
PAQ88969.barcode28	NI-siderophore	1
PAQ88969.barcode28	NRPS	1
PAQ88969.barcode28	NRPS-like	1
PAQ88969.barcode28	RiPP-like	1
PAQ88969.barcode28	T3PKS	1
PAQ88969.barcode28	betalactone	1
PAQ88969.barcode28	terpene-precursor	1
PAQ88969.barcode29	NI-siderophore	1
PAQ88969.barcode29	NRP-metallophore	1
PAQ88969.barcode29	NRPS	10
PAQ88969.barcode29	NRPS-like	5
PAQ88969.barcode29	PUFA	1
PAQ88969.barcode29	PpyS-KS	1
PAQ88969.barcode29	T1PKS	3
PAQ88969.barcode29	arylpolyene	1
PAQ88969.barcode29	azole-containing-RiPP	1
PAQ88969.barcode29	betalactone	1
PAQ88969.barcode29	hglE-KS	1
PAQ88969.barcode29	isocyanide-nrp	1
PAQ88969.barcode29	leupeptin	1
PAQ88969.barcode29	terpene-precursor	1
PAQ88969.barcode29	transAT-PKS	1
PAQ88969.barcode30	NI-siderophore	1
PAQ88969.barcode30	NRP-metallophore	1
PAQ88969.barcode30	NRPS	4
PAQ88969.barcode30	RiPP-like	3
PAQ88969.barcode30	T1PKS	1
PAQ88969.barcode30	azole-containing-RiPP	1
PAQ88969.barcode30	betalactone	1
PAQ88969.barcode30	lanthipeptide-class-i	1
PAQ88969.barcode30	lanthipeptide-class-ii	1
PAQ88969.barcode30	lassopeptide	1
PAQ88969.barcode30	terpene	1
PAQ88969.barcode30	terpene-precursor	1
PAQ88969.barcode31	NI-siderophore	1
PAQ88969.barcode31	T3PKS	1
PAQ88969.barcode31	cyclic-lactone-autoinducer	1
PAQ88969.barcode31	opine-like-metallophore	1
PAQ88969.barcode31	terpene	1
PAQ88969.barcode31	terpene-precursor	1
PAQ88969.barcode32	NAPAA	2
PAQ88969.barcode32	NRPS-like	1
PAQ88969.barcode32	T3PKS	1
PAQ88969.barcode32	betalactone	1
PAQ88969.barcode32	terpene	1
PAQ88969.barcode32	terpene-precursor	2
PAQ88969.barcode33	NAGGN	1
PAQ88969.barcode33	NRP-metallophore	1
PAQ88969.barcode33	NRPS	2
PAQ88969.barcode33	RiPP-like	3
PAQ88969.barcode33	T1PKS	1
PAQ88969.barcode33	arylpolyene	1
PAQ88969.barcode33	betalactone	2
PAQ88969.barcode33	ranthipeptide	1
PAQ88969.barcode33	redox-cofactor	2
PAQ88969.barcode33	terpene-precursor	1
PAQ88969.barcode34	NI-siderophore	1
PAQ88969.barcode34	NRPS	1
PAQ88969.barcode34	T1PKS	1
PAQ88969.barcode34	butyrolactone	1
PAQ88969.barcode34	terpene	1
PAQ88969.barcode34	terpene-precursor	1
PAQ88969.barcode37	NI-siderophore	1
PAQ88969.barcode37	NRP-metallophore	1
PAQ88969.barcode37	NRPS	10
PAQ88969.barcode37	NRPS-like	5
PAQ88969.barcode37	PUFA	1
PAQ88969.barcode37	PpyS-KS	1
PAQ88969.barcode37	T1PKS	3
PAQ88969.barcode37	arylpolyene	1
PAQ88969.barcode37	azole-containing-RiPP	1
PAQ88969.barcode37	betalactone	1
PAQ88969.barcode37	hglE-KS	1
PAQ88969.barcode37	isocyanide-nrp	1
PAQ88969.barcode37	leupeptin	1
PAQ88969.barcode37	terpene-precursor	1
PAQ88969.barcode37	transAT-PKS	1
PAQ88969.barcode38	NI-siderophore	1
PAQ88969.barcode38	NRP-metallophore	1
PAQ88969.barcode38	NRPS	4
PAQ88969.barcode38	RiPP-like	4
PAQ88969.barcode38	azole-containing-RiPP	1
PAQ88969.barcode38	betalactone	1
PAQ88969.barcode38	lanthipeptide-class-i	2
PAQ88969.barcode38	lanthipeptide-class-ii	1
PAQ88969.barcode38	lassopeptide	1
PAQ88969.barcode38	terpene	1
PAQ88969.barcode38	terpene-precursor	1
PAQ88969.barcode39	NI-siderophore	1
PAQ88969.barcode39	NRP-metallophore	1
PAQ88969.barcode39	NRPS	2
PAQ88969.barcode39	RaS-RiPP	1
PAQ88969.barcode39	RiPP-like	2
PAQ88969.barcode39	azole-containing-RiPP	1
PAQ88969.barcode39	betalactone	1
PAQ88969.barcode39	lanthipeptide-class-iii	1
PAQ88969.barcode39	lassopeptide	1
PAQ88969.barcode39	terpene	1
PAQ88969.barcode39	terpene-precursor	1
PAQ88969.barcode39	transAT-PKS	1
PAQ88969.barcode40	NAGGN	1
PAQ88969.barcode40	NRP-metallophore	2
PAQ88969.barcode40	NRPS	3
PAQ88969.barcode40	NRPS-like	1
PAQ88969.barcode40	RiPP-like	3
PAQ88969.barcode40	arylpolyene	1
PAQ88969.barcode40	betalactone	1
PAQ88969.barcode40	butyrolactone	1
PAQ88969.barcode40	hserlactone	1
PAQ88969.barcode40	hydrogen-cyanide	2
PAQ88969.barcode40	isocyanide	1
PAQ88969.barcode40	redox-cofactor	1
PAQ88969.barcode40	terpene	1
PAQ88969.barcode40	terpene-precursor	1
PAQ88969.barcode41	NI-siderophore	1
PAQ88969.barcode41	T3PKS	1
PAQ88969.barcode41	azole-containing-RiPP	1
PAQ88969.barcode41	betalactone	1
PAQ88969.barcode41	lassopeptide	1
PAQ88969.barcode41	terpene	2
PAQ88969.barcode41	terpene-precursor	1
PAQ88969.barcode42	NRPS	1
PAQ88969.barcode42	T3PKS	1
PAQ88969.barcode42	betalactone	1
PAQ88969.barcode42	cyclic-lactone-autoinducer	1
PAQ88969.barcode42	opine-like-metallophore	1
PAQ88969.barcode42	terpene	2
PAQ88969.barcode42	terpene-precursor	2
PAQ88969.barcode45	NI-siderophore	1
PAQ88969.barcode45	NRP-metallophore	1
PAQ88969.barcode45	NRPS	10
PAQ88969.barcode45	NRPS-like	3
PAQ88969.barcode45	PUFA	1
PAQ88969.barcode45	PpyS-KS	1
PAQ88969.barcode45	T1PKS	3
PAQ88969.barcode45	amglyccycl	1
PAQ88969.barcode45	arylpolyene	1
PAQ88969.barcode45	azole-containing-RiPP	1
PAQ88969.barcode45	betalactone	1
PAQ88969.barcode45	butyrolactone	1
PAQ88969.barcode45	hglE-KS	1
PAQ88969.barcode45	isocyanide-nrp	1
PAQ88969.barcode45	leupeptin	1
PAQ88969.barcode45	terpene-precursor	1
PAQ88969.barcode45	transAT-PKS	1
PAQ88969.barcode46	NI-siderophore	2
PAQ88969.barcode46	NRP-metallophore	1
PAQ88969.barcode46	NRPS	2
PAQ88969.barcode46	NRPS-like	3
PAQ88969.barcode46	RiPP-like	2
PAQ88969.barcode46	T1PKS	1
PAQ88969.barcode46	arylpolyene	1
PAQ88969.barcode46	betalactone	1
PAQ88969.barcode46	darobactin	1
PAQ88969.barcode46	ectoine	1
PAQ88969.barcode46	hserlactone	1
PAQ88969.barcode46	hydrogen-cyanide	2
PAQ88969.barcode46	isocyanide	1
PAQ88969.barcode46	redox-cofactor	1
PAQ88969.barcode46	resorcinol	1
PAQ88969.barcode46	terpene-precursor	1
PAQ88969.barcode46	thioamitides	1
PAQ88969.barcode46	transAT-PKS	1
PAQ88969.barcode47	NI-siderophore	1
PAQ88969.barcode47	NRP-metallophore	1
PAQ88969.barcode47	NRPS	2
PAQ88969.barcode47	NRPS-like	1
PAQ88969.barcode47	RiPP-like	3
PAQ88969.barcode47	azole-containing-RiPP	1
PAQ88969.barcode47	betalactone	1
PAQ88969.barcode47	lassopeptide	1
PAQ88969.barcode47	terpene	1
PAQ88969.barcode47	terpene-precursor	1
PAQ88969.barcode49	NI-siderophore	1
PAQ88969.barcode49	NRPS	2
PAQ88969.barcode49	T3PKS	1
PAQ88969.barcode49	azole-containing-RiPP	1
PAQ88969.barcode49	betalactone	2
PAQ88969.barcode49	terpene	2
PAQ88969.barcode49	terpene-precursor	1
PAQ88969.barcode51	NI-siderophore	1
PAQ88969.barcode51	NRPS	1
PAQ88969.barcode51	NRPS-like	1
PAQ88969.barcode51	PKS-like	1
PAQ88969.barcode52	NI-siderophore	2
PAQ88969.barcode52	NRP-metallophore	2
PAQ88969.barcode52	NRPS	12
PAQ88969.barcode52	NRPS-like	3
PAQ88969.barcode52	PKS-like	1
PAQ88969.barcode52	RiPP-like	3
PAQ88969.barcode52	T1PKS	7
PAQ88969.barcode52	T2PKS	1
PAQ88969.barcode52	T3PKS	2
PAQ88969.barcode52	arylpolyene	2
PAQ88969.barcode52	azole-containing-RiPP	1
PAQ88969.barcode52	azoxy-crosslink	1
PAQ88969.barcode52	butyrolactone	2
PAQ88969.barcode52	ectoine	2
PAQ88969.barcode52	hydrogen-cyanide	1
PAQ88969.barcode52	lanthipeptide-class-ii	1
PAQ88969.barcode52	lanthipeptide-class-iii	2
PAQ88969.barcode52	lanthipeptide-class-iv	1
PAQ88969.barcode52	linaridin	1
PAQ88969.barcode52	melanin	2
PAQ88969.barcode52	oligosaccharide	1
PAQ88969.barcode52	terpene	6
PAQ88969.barcode52	terpene-precursor	4
PAQ88969.barcode52	transAT-PKS	2
PAQ88969.barcode53	NI-siderophore	1
PAQ88969.barcode53	NRP-metallophore	1
PAQ88969.barcode53	NRPS	10
PAQ88969.barcode53	NRPS-like	3
PAQ88969.barcode53	PUFA	1
PAQ88969.barcode53	PpyS-KS	1
PAQ88969.barcode53	T1PKS	3
PAQ88969.barcode53	amglyccycl	1
PAQ88969.barcode53	arylpolyene	1
PAQ88969.barcode53	azole-containing-RiPP	1
PAQ88969.barcode53	betalactone	1
PAQ88969.barcode53	butyrolactone	1
PAQ88969.barcode53	hglE-KS	1
PAQ88969.barcode53	isocyanide-nrp	1
PAQ88969.barcode53	leupeptin	1
PAQ88969.barcode53	terpene-precursor	1
PAQ88969.barcode53	transAT-PKS	1
PAQ88969.barcode55	CDPS	1
PAQ88969.barcode55	NAGGN	1
PAQ88969.barcode55	NRP-metallophore	2
PAQ88969.barcode55	NRPS	5
PAQ88969.barcode55	RiPP-like	5
PAQ88969.barcode55	T3PKS	1
PAQ88969.barcode55	acyl_amino_acids	1
PAQ88969.barcode55	arylpolyene	1
PAQ88969.barcode55	betalactone	1
PAQ88969.barcode55	hydrogen-cyanide	1
PAQ88969.barcode55	phosphonate	1
PAQ88969.barcode55	ranthipeptide	1
PAQ88969.barcode55	redox-cofactor	1
PAQ88969.barcode55	terpene-precursor	1
PAQ88969.barcode56	NI-siderophore	1
PAQ88969.barcode56	NRPS	2
PAQ88969.barcode56	T3PKS	1
PAQ88969.barcode56	azole-containing-RiPP	1
PAQ88969.barcode56	betalactone	1
PAQ88969.barcode56	cyclic-lactone-autoinducer	1
PAQ88969.barcode56	lassopeptide	1
PAQ88969.barcode56	terpene	2
PAQ88969.barcode56	terpene-precursor	1
PAQ88969.barcode57	NI-siderophore	1
PAQ88969.barcode57	NRP-metallophore	1
PAQ88969.barcode57	NRPS	3
PAQ88969.barcode57	RiPP-like	2
PAQ88969.barcode57	azole-containing-RiPP	1
PAQ88969.barcode57	betalactone	1
PAQ88969.barcode57	deazapurine	1
PAQ88969.barcode57	lanthipeptide-class-i	1
PAQ88969.barcode57	lanthipeptide-class-ii	1
PAQ88969.barcode57	lassopeptide	1
PAQ88969.barcode57	terpene	1
PAQ88969.barcode57	terpene-precursor	1
PAQ88969.barcode58	NAPAA	1
PAQ88969.barcode58	NRP-metallophore	2
PAQ88969.barcode58	NRPS	7
PAQ88969.barcode58	NRPS-like	1
PAQ88969.barcode58	PKS-like	1
PAQ88969.barcode58	RRE-containing	1
PAQ88969.barcode58	RiPP-like	1
PAQ88969.barcode58	T1PKS	2
PAQ88969.barcode58	T2PKS	1
PAQ88969.barcode58	amglyccycl	1
PAQ88969.barcode58	azole-containing-RiPP	1
PAQ88969.barcode58	butyrolactone	1
PAQ88969.barcode58	ectoine	1
PAQ88969.barcode58	lanthipeptide-class-iii	1
PAQ88969.barcode58	redox-cofactor	1
PAQ88969.barcode58	terpene	2
PAQ88969.barcode59	NI-siderophore	1
PAQ88969.barcode59	NRP-metallophore	1
PAQ88969.barcode59	NRPS	1
PAQ88969.barcode59	NRPS-like	1
PAQ88969.barcode59	RiPP-like	2
PAQ88969.barcode59	azole-containing-RiPP	1
PAQ88969.barcode59	betalactone	2
PAQ88969.barcode59	lassopeptide	1
PAQ88969.barcode59	terpene	1
PAQ88969.barcode59	terpene-precursor	1
PAQ88969.barcode60	CDPS	1
PAQ88969.barcode60	NAPAA	1
PAQ88969.barcode60	NI-siderophore	3
PAQ88969.barcode60	NRP-metallophore	1
PAQ88969.barcode60	NRPS	5
PAQ88969.barcode60	NRPS-like	4
PAQ88969.barcode60	PKS-like	1
PAQ88969.barcode60	RRE-containing	2
PAQ88969.barcode60	RiPP-like	2
PAQ88969.barcode60	T1PKS	7
PAQ88969.barcode60	T2PKS	1
PAQ88969.barcode60	T3PKS	2
PAQ88969.barcode60	azole-containing-RiPP	2
PAQ88969.barcode60	butyrolactone	1
PAQ88969.barcode60	hglE-KS	1
PAQ88969.barcode60	hydrogen-cyanide	1
PAQ88969.barcode60	lanthipeptide-class-ii	1
PAQ88969.barcode60	lanthipeptide-class-iii	1
PAQ88969.barcode60	melanin	3
PAQ88969.barcode60	other	1
PAQ88969.barcode60	phosphonate	1
PAQ88969.barcode60	terpene	9
PAQ88969.barcode60	terpene-precursor	2
PAQ88969.barcode60	thioamitides	1
PAQ88969.barcode61	NI-siderophore	1
PAQ88969.barcode61	NRPS	1
PAQ88969.barcode61	RiPP-like	1
PAQ88969.barcode61	azole-containing-RiPP	1
PAQ88969.barcode61	lanthipeptide-class-ii	1
PAQ88969.barcode61	terpene	1
PAQ88969.barcode62	NI-siderophore	1
PAQ88969.barcode62	RRE-containing	1
PAQ88969.barcode62	RiPP-like	1
PAQ88969.barcode62	arylpolyene	1
PAQ88969.barcode62	betalactone	1
PAQ88969.barcode62	hserlactone	1
PAQ88969.barcode62	terpene-precursor	1
PAQ88969.barcode64	NI-siderophore	1
PAQ88969.barcode64	NRPS	2
PAQ88969.barcode64	T3PKS	1
PAQ88969.barcode64	azole-containing-RiPP	1
PAQ88969.barcode64	betalactone	1
PAQ88969.barcode64	lassopeptide	1
PAQ88969.barcode64	terpene	2
PAQ88969.barcode64	terpene-precursor	1
PAQ88969.barcode65	NI-siderophore	1
PAQ88969.barcode65	NRP-metallophore	1
PAQ88969.barcode65	NRPS	3
PAQ88969.barcode65	RiPP-like	2
PAQ88969.barcode65	azole-containing-RiPP	1
PAQ88969.barcode65	betalactone	1
PAQ88969.barcode65	deazapurine	1
PAQ88969.barcode65	lanthipeptide-class-i	1
PAQ88969.barcode65	lanthipeptide-class-ii	1
PAQ88969.barcode65	lassopeptide	1
PAQ88969.barcode65	terpene	1
PAQ88969.barcode65	terpene-precursor	1
PAQ88969.barcode67	CDPS	1
PAQ88969.barcode67	NAPAA	1
PAQ88969.barcode67	NI-siderophore	2
PAQ88969.barcode67	NRP-metallophore	1
PAQ88969.barcode67	NRPS	3
PAQ88969.barcode67	NRPS-like	2
PAQ88969.barcode67	PKS-like	1
PAQ88969.barcode67	RiPP-like	3
PAQ88969.barcode67	T1PKS	4
PAQ88969.barcode67	T2PKS	2
PAQ88969.barcode67	T3PKS	1
PAQ88969.barcode67	butyrolactone	2
PAQ88969.barcode67	ectoine	1
PAQ88969.barcode67	hydrogen-cyanide	1
PAQ88969.barcode67	indole	1
PAQ88969.barcode67	lanthipeptide-class-i	1
PAQ88969.barcode67	lanthipeptide-class-ii	3
PAQ88969.barcode67	lanthipeptide-class-iv	2
PAQ88969.barcode67	linaridin	1
PAQ88969.barcode67	melanin	1
PAQ88969.barcode67	other	1
PAQ88969.barcode67	terpene	6
PAQ88969.barcode67	terpene-precursor	3
PAQ88969.barcode69	NAPAA	1
PAQ88969.barcode69	NI-siderophore	1
PAQ88969.barcode69	T3PKS	1
PAQ88969.barcode69	betalactone	1
PAQ88969.barcode69	terpene	1
PAQ88969.barcode69	terpene-precursor	1
PAQ88969.barcode70	NAPAA	1
PAQ88969.barcode70	NI-siderophore	1
PAQ88969.barcode70	NRPS-like	1
PAQ88969.barcode70	T3PKS	1
PAQ88969.barcode70	amglyccycl	1
PAQ88969.barcode70	betalactone	1
PAQ88969.barcode70	terpene	1
PAQ88969.barcode70	terpene-precursor	1
PAQ88969.barcode72	NI-siderophore	1
PAQ88969.barcode72	NRPS	2
PAQ88969.barcode72	T3PKS	1
PAQ88969.barcode72	azole-containing-RiPP	1
PAQ88969.barcode72	betalactone	1
PAQ88969.barcode72	cyclic-lactone-autoinducer	1
PAQ88969.barcode72	lassopeptide	1
PAQ88969.barcode72	terpene	2
PAQ88969.barcode72	terpene-precursor	1
PAQ88969.barcode75	NAPAA	2
PAQ88969.barcode75	NI-siderophore	1
PAQ88969.barcode75	NRPS-like	1
PAQ88969.barcode75	RRE-containing	1
PAQ88969.barcode75	T3PKS	1
PAQ88969.barcode75	betalactone	1
PAQ88969.barcode75	terpene	1
PAQ88969.barcode75	terpene-precursor	1
PAQ88969.barcode76	NI-siderophore	1
PAQ88969.barcode76	NRPS	6
PAQ88969.barcode76	NRPS-like	2
PAQ88969.barcode76	RRE-containing	1
PAQ88969.barcode76	RiPP-like	2
PAQ88969.barcode76	T1PKS	4
PAQ88969.barcode76	ectoine	1
PAQ88969.barcode76	terpene	2
PAQ88969.barcode76	terpene-precursor	1
PAQ88969.barcode76	transAT-PKS-like	1
PAQ88969.barcode78	NI-siderophore	1
PAQ88969.barcode78	NRP-metallophore	1
PAQ88969.barcode78	NRPS	4
PAQ88969.barcode78	RiPP-like	3
PAQ88969.barcode78	T1PKS	1
PAQ88969.barcode78	azole-containing-RiPP	1
PAQ88969.barcode78	betalactone	1
PAQ88969.barcode78	lanthipeptide-class-i	1
PAQ88969.barcode78	lanthipeptide-class-ii	1
PAQ88969.barcode78	lassopeptide	1
PAQ88969.barcode78	terpene	1
PAQ88969.barcode78	terpene-precursor	1
PAQ88969.barcode79	NI-siderophore	1
PAQ88969.barcode79	NRPS	2
PAQ88969.barcode79	RiPP-like	1
PAQ88969.barcode79	T3PKS	1
PAQ88969.barcode79	azole-containing-RiPP	1
PAQ88969.barcode79	betalactone	1
PAQ88969.barcode79	cyclic-lactone-autoinducer	1
PAQ88969.barcode79	lassopeptide	1
PAQ88969.barcode79	terpene	2
PAQ88969.barcode79	terpene-precursor	1
PAQ88969.barcode80	NI-siderophore	1
PAQ88969.barcode80	NRPS	2
PAQ88969.barcode80	NRPS-like	1
PAQ88969.barcode80	T3PKS	1
PAQ88969.barcode80	azole-containing-RiPP	1
PAQ88969.barcode80	terpene	2
PAQ88969.barcode81	HR-T2PKS	1
PAQ88969.barcode81	NI-siderophore	1
PAQ88969.barcode81	NRP-metallophore	1
PAQ88969.barcode81	NRPS	1
PAQ88969.barcode81	arylpolyene	1
PAQ88969.barcode81	azole-containing-RiPP	1
PAQ88969.barcode81	terpene-precursor	1
PAQ88969.barcode83	NI-siderophore	1
PAQ88969.barcode83	T3PKS	1
PAQ88969.barcode83	betalactone	1
PAQ88969.barcode83	hydrogen-cyanide	1
PAQ88969.barcode83	resorcinol	1
PAQ88969.barcode83	terpene	1
PAQ88969.barcode83	terpene-precursor	2
PAQ88969.barcode84	CDPS	3
PAQ88969.barcode84	NAPAA	2
PAQ88969.barcode84	NI-siderophore	4
PAQ88969.barcode84	NRPS	8
PAQ88969.barcode84	NRPS-like	4
PAQ88969.barcode84	RiPP-like	1
PAQ88969.barcode84	T1PKS	8
PAQ88969.barcode84	T2PKS	2
PAQ88969.barcode84	T3PKS	1
PAQ88969.barcode84	butyrolactone	2
PAQ88969.barcode84	hglE-KS	1
PAQ88969.barcode84	hydrogen-cyanide	1
PAQ88969.barcode84	lanthipeptide-class-i	1
PAQ88969.barcode84	lanthipeptide-class-iii	1
PAQ88969.barcode84	melanin	1
PAQ88969.barcode84	redox-cofactor	1
PAQ88969.barcode84	terpene	8
PAQ88969.barcode84	terpene-precursor	2
PAQ88969.barcode85	T3PKS	1
PAQ88969.barcode85	terpene	2
PAQ88969.barcode85	terpene-precursor	2
PAQ88969.barcode86	NI-siderophore	1
PAQ88969.barcode86	NRPS	2
PAQ88969.barcode86	NRPS-like	1
PAQ88969.barcode86	RiPP-like	1
PAQ88969.barcode86	T3PKS	1
PAQ88969.barcode86	betalactone	1
PAQ88969.barcode86	cyclic-lactone-autoinducer	1
PAQ88969.barcode86	lassopeptide	1
PAQ88969.barcode86	terpene	1
PAQ88969.barcode86	terpene-precursor	1
PAQ88969.barcode87	NI-siderophore	1
PAQ88969.barcode87	NRPS	1
PAQ88969.barcode87	T3PKS	1
PAQ88969.barcode87	cyclic-lactone-autoinducer	1
PAQ88969.barcode87	lanthipeptide-class-ii	1
PAQ88969.barcode87	opine-like-metallophore	1
PAQ88969.barcode87	terpene	1
PAQ88969.barcode87	terpene-precursor	1
PAQ88969.barcode89	NAGGN	1
PAQ88969.barcode89	NRP-metallophore	2
PAQ88969.barcode89	NRPS	3
PAQ88969.barcode89	NRPS-like	1
PAQ88969.barcode89	RiPP-like	3
PAQ88969.barcode89	arylpolyene	1
PAQ88969.barcode89	betalactone	2
PAQ88969.barcode89	hydrogen-cyanide	1
PAQ88969.barcode89	redox-cofactor	1
PAQ88969.barcode89	terpene-precursor	1
PAQ88969.barcode89	transAT-PKS	1
PAQ88969.barcode90	NAPAA	1
PAQ88969.barcode90	NI-siderophore	1
PAQ88969.barcode90	RRE-containing	1
PAQ88969.barcode90	betalactone	1
PAQ88969.barcode90	ectoine	1
PAQ88969.barcode90	terpene	1
PAQ88969.barcode90	terpene-precursor	1
PAQ88969.barcode91	NAPAA	1
PAQ88969.barcode91	NI-siderophore	1
PAQ88969.barcode91	NRPS-like	1
PAQ88969.barcode91	T3PKS	1
PAQ88969.barcode91	betalactone	1
PAQ88969.barcode91	terpene-precursor	1
PAQ88969.barcode94	NRP-metallophore	1
PAQ88969.barcode94	NRPS	10
PAQ88969.barcode94	NRPS-like	1
PAQ88969.barcode94	T1PKS	1
PAQ88969.barcode94	betalactone	1
PAQ88969.barcode94	cyclic-lactone-autoinducer	3
PAQ88969.barcode94	lanthipeptide-class-i	3
PAQ88969.barcode94	lassopeptide	1
PAQ88969.barcode94	proteusin	1
PAQ88969.barcode94	ranthipeptide	1
PAQ88969.barcode94	terpene-precursor	2
PAQ88969.barcode94	transAT-PKS	1
PAQ88969.barcode95	NI-siderophore	2
PAQ88969.barcode95	NRP-metallophore	1
PAQ88969.barcode95	NRPS	2
PAQ88969.barcode95	NRPS-like	2
PAQ88969.barcode95	RiPP-like	2
PAQ88969.barcode95	arylpolyene	1
PAQ88969.barcode95	betalactone	1
PAQ88969.barcode95	ectoine	1
PAQ88969.barcode95	hserlactone	1
PAQ88969.barcode95	hydrogen-cyanide	2
PAQ88969.barcode95	isocyanide	1
PAQ88969.barcode95	redox-cofactor	1
PAQ88969.barcode95	terpene-precursor	1
PAQ88969.barcode95	transAT-PKS	1
PAQ88969.barcode96	indole	1
PAQ89233.barcode02	NRPS	3
PAQ89233.barcode04	NAGGN	1
PAQ89233.barcode04	NI-siderophore	1
PAQ89233.barcode04	NRP-metallophore	1
PAQ89233.barcode04	NRPS	2
PAQ89233.barcode04	NRPS-like	2
PAQ89233.barcode04	RiPP-like	3
PAQ89233.barcode04	arylpolyene	1
PAQ89233.barcode04	betalactone	1
PAQ89233.barcode04	hydrogen-cyanide	1
PAQ89233.barcode04	ranthipeptide	1
PAQ89233.barcode04	redox-cofactor	2
PAQ89233.barcode04	terpene-precursor	1
PAQ89233.barcode05	NAGGN	1
PAQ89233.barcode05	NI-siderophore	1
PAQ89233.barcode05	NRP-metallophore	1
PAQ89233.barcode05	NRPS	2
PAQ89233.barcode05	NRPS-like	2
PAQ89233.barcode05	RiPP-like	3
PAQ89233.barcode05	arylpolyene	1
PAQ89233.barcode05	betalactone	1
PAQ89233.barcode05	hydrogen-cyanide	1
PAQ89233.barcode05	ranthipeptide	1
PAQ89233.barcode05	redox-cofactor	2
PAQ89233.barcode05	terpene-precursor	1
PAQ89233.barcode07	NAGGN	1
PAQ89233.barcode07	NI-siderophore	1
PAQ89233.barcode07	NRP-metallophore	1
PAQ89233.barcode07	NRPS	2
PAQ89233.barcode07	NRPS-like	1
PAQ89233.barcode07	RiPP-like	2
PAQ89233.barcode07	arylpolyene	1
PAQ89233.barcode07	betalactone	1
PAQ89233.barcode07	hydrogen-cyanide	2
PAQ89233.barcode07	ranthipeptide	1
PAQ89233.barcode07	redox-cofactor	2
PAQ89233.barcode07	terpene-precursor	1
PAQ89233.barcode09	NI-siderophore	1
PAQ89233.barcode09	NRPS	2
PAQ89233.barcode09	T3PKS	1
PAQ89233.barcode09	azole-containing-RiPP	1
PAQ89233.barcode09	betalactone	1
PAQ89233.barcode09	lassopeptide	1
PAQ89233.barcode09	terpene	2
PAQ89233.barcode09	terpene-precursor	1
PAQ89233.barcode10	NAPAA	1
PAQ89233.barcode10	NI-siderophore	2
PAQ89233.barcode10	NRP-metallophore	1
PAQ89233.barcode10	NRPS	6
PAQ89233.barcode10	NRPS-like	1
PAQ89233.barcode10	PKS-like	1
PAQ89233.barcode10	RiPP-like	3
PAQ89233.barcode10	T1PKS	3
PAQ89233.barcode10	T2PKS	2
PAQ89233.barcode10	T3PKS	2
PAQ89233.barcode10	azole-containing-RiPP	1
PAQ89233.barcode10	butyrolactone	2
PAQ89233.barcode10	ectoine	1
PAQ89233.barcode10	hydrogen-cyanide	1
PAQ89233.barcode10	lanthipeptide-class-iv	2
PAQ89233.barcode10	melanin	1
PAQ89233.barcode10	other	1
PAQ89233.barcode10	terpene	8
PAQ89233.barcode10	terpene-precursor	1
PAQ89233.barcode12	NRPS	4
PAQ89233.barcode12	NRPS-like	2
PAQ89233.barcode12	hydrogen-cyanide	1
PAQ89233.barcode12	ranthipeptide	1
PAQ89233.barcode12	transAT-PKS-like	1
PAQ89233.barcode13	NI-siderophore	1
PAQ89233.barcode13	NRPS	11
PAQ89233.barcode13	NRPS-like	2
PAQ89233.barcode13	PKS-like	1
PAQ89233.barcode13	RRE-containing	1
PAQ89233.barcode13	T3PKS	1
PAQ89233.barcode13	cyclic-lactone-autoinducer	3
PAQ89233.barcode13	lassopeptide	1
PAQ89233.barcode13	phosphonate	1
PAQ89233.barcode13	proteusin	1
PAQ89233.barcode13	terpene-precursor	2
PAQ89233.barcode13	transAT-PKS	2
PAQ89233.barcode13	transAT-PKS-like	3
PAQ89233.barcode14	NRPS	3
PAQ89233.barcode14	NRPS-like	1
PAQ89233.barcode14	T3PKS	1
PAQ89233.barcode14	phosphonate	1
PAQ89233.barcode14	terpene	2
PAQ89233.barcode14	terpene-precursor	1
PAQ89233.barcode15	CDPS	1
PAQ89233.barcode15	NRP-metallophore	1
PAQ89233.barcode15	NRPS	4
PAQ89233.barcode15	PKS-like	1
PAQ89233.barcode15	T3PKS	2
PAQ89233.barcode15	betalactone	1
PAQ89233.barcode15	other	1
PAQ89233.barcode15	ranthipeptide	1
PAQ89233.barcode15	sactipeptide	2
PAQ89233.barcode15	terpene	2
PAQ89233.barcode15	terpene-precursor	2
PAQ89233.barcode15	transAT-PKS	1
PAQ89233.barcode16	NI-siderophore	1
PAQ89233.barcode16	NRPS	6
PAQ89233.barcode16	NRPS-like	1
PAQ89233.barcode16	betalactone	1
PAQ89233.barcode16	cyclic-lactone-autoinducer	3
PAQ89233.barcode16	lanthipeptide-class-i	1
PAQ89233.barcode16	lassopeptide	1
PAQ89233.barcode16	phosphonate	1
PAQ89233.barcode16	proteusin	1
PAQ89233.barcode16	terpene	1
PAQ89233.barcode16	terpene-precursor	2
PAQ89233.barcode16	transAT-PKS	1
PAQ89233.barcode17	NI-siderophore	1
PAQ89233.barcode17	NRPS	10
PAQ89233.barcode17	NRPS-like	2
PAQ89233.barcode17	PKS-like	1
PAQ89233.barcode17	RRE-containing	1
PAQ89233.barcode17	T3PKS	1
PAQ89233.barcode17	cyclic-lactone-autoinducer	1
PAQ89233.barcode17	lanthipeptide-class-i	1
PAQ89233.barcode17	lassopeptide	1
PAQ89233.barcode17	phosphonate	3
PAQ89233.barcode17	proteusin	1
PAQ89233.barcode17	terpene-precursor	2
PAQ89233.barcode17	transAT-PKS	4
PAQ89233.barcode18	NAGGN	1
PAQ89233.barcode18	NRP-metallophore	2
PAQ89233.barcode18	NRPS	4
PAQ89233.barcode18	NRPS-like	2
PAQ89233.barcode18	RiPP-like	4
PAQ89233.barcode18	arylpolyene	1
PAQ89233.barcode18	azole-containing-RiPP	1
PAQ89233.barcode18	betalactone	1
PAQ89233.barcode18	butyrolactone	1
PAQ89233.barcode18	ectoine	1
PAQ89233.barcode18	hydrogen-cyanide	3
PAQ89233.barcode18	isocyanide	1
PAQ89233.barcode18	redox-cofactor	1
PAQ89233.barcode18	terpene-precursor	1
PAQ89233.barcode20	NI-siderophore	3
PAQ89233.barcode20	NRPS	1
PAQ89233.barcode20	RiPP-like	1
PAQ89233.barcode20	T3PKS	1
PAQ89233.barcode20	cyclic-lactone-autoinducer	1
PAQ89233.barcode20	opine-like-metallophore	1
PAQ89233.barcode20	terpene	1
PAQ89233.barcode20	terpene-precursor	1
PAQ89233.barcode21	NI-siderophore	1
PAQ89233.barcode21	NRPS	5
PAQ89233.barcode21	NRPS-like	4
PAQ89233.barcode21	RRE-containing	2
PAQ89233.barcode21	T1PKS	1
PAQ89233.barcode21	T3PKS	2
PAQ89233.barcode21	lanthipeptide-class-ii	1
PAQ89233.barcode21	lassopeptide	1
PAQ89233.barcode21	opine-like-metallophore	1
PAQ89233.barcode21	proteusin	1
PAQ89233.barcode21	terpene	1
PAQ89233.barcode21	terpene-precursor	1
PAQ89233.barcode21	transAT-PKS	1
PAQ89233.barcode21	transAT-PKS-like	2
PAQ89233.barcode21	triceptide	1
PAQ89233.barcode22	NAPAA	1
PAQ89233.barcode22	NI-siderophore	1
PAQ89233.barcode22	NRPS-like	1
PAQ89233.barcode22	RiPP-like	1
PAQ89233.barcode22	T3PKS	2
PAQ89233.barcode22	betalactone	1
PAQ89233.barcode22	linaridin	1
PAQ89233.barcode22	terpene	1
PAQ89233.barcode22	terpene-precursor	1
PAQ89233.barcode23	NAPAA	1
PAQ89233.barcode23	RiPP-like	1
PAQ89233.barcode23	T1PKS	1
PAQ89233.barcode23	T3PKS	2
PAQ89233.barcode23	betalactone	1
PAQ89233.barcode23	hydrogen-cyanide	1
PAQ89233.barcode23	lanthipeptide-class-iii	1
PAQ89233.barcode23	terpene	1
PAQ89233.barcode23	terpene-precursor	1
PAQ89233.barcode24	NI-siderophore	1
PAQ89233.barcode24	NRPS	8
PAQ89233.barcode24	NRPS-like	1
PAQ89233.barcode24	PKS-like	1
PAQ89233.barcode24	RRE-containing	1
PAQ89233.barcode24	RiPP-like	1
PAQ89233.barcode24	T3PKS	1
PAQ89233.barcode24	cyclic-lactone-autoinducer	1
PAQ89233.barcode24	lanthipeptide-class-i	1
PAQ89233.barcode24	lassopeptide	1
PAQ89233.barcode24	phosphonate	1
PAQ89233.barcode24	proteusin	1
PAQ89233.barcode24	terpene-precursor	2
PAQ89233.barcode24	transAT-PKS	3
PAQ89233.barcode24	transAT-PKS-like	2
PAQ89233.barcode26	NI-siderophore	1
PAQ89233.barcode26	NRP-metallophore	1
PAQ89233.barcode26	NRPS	28
PAQ89233.barcode26	NRPS-like	3
PAQ89233.barcode26	PKS-like	1
PAQ89233.barcode26	RRE-containing	1
PAQ89233.barcode26	RiPP-like	1
PAQ89233.barcode26	T1PKS	4
PAQ89233.barcode26	T3PKS	2
PAQ89233.barcode26	azole-containing-RiPP	1
PAQ89233.barcode26	betalactone	1
PAQ89233.barcode26	cyclic-lactone-autoinducer	1
PAQ89233.barcode26	terpene	1
PAQ89233.barcode26	terpene-precursor	1
PAQ89233.barcode26	transAT-PKS	2
PAQ89233.barcode26	transAT-PKS-like	3
PAQ89233.barcode27	NAPAA	2
PAQ89233.barcode27	NI-siderophore	1
PAQ89233.barcode27	NRPS-like	1
PAQ89233.barcode27	RRE-containing	1
PAQ89233.barcode27	T3PKS	1
PAQ89233.barcode27	betalactone	1
PAQ89233.barcode27	terpene	1
PAQ89233.barcode27	terpene-precursor	1
PAQ89233.barcode30	NAPAA	1
PAQ89233.barcode30	NI-siderophore	2
PAQ89233.barcode30	NRPS	2
PAQ89233.barcode30	RiPP-like	1
PAQ89233.barcode30	T3PKS	2
PAQ89233.barcode30	azole-containing-RiPP	1
PAQ89233.barcode30	betalactone	1
PAQ89233.barcode30	linaridin	1
PAQ89233.barcode30	terpene	3
PAQ89233.barcode30	terpene-precursor	2
PAQ89233.barcode31	RiPP-like	1
PAQ89233.barcode31	lanthipeptide-class-ii	1
PAQ89233.barcode31	terpene	1
PAQ89233.barcode31	transAT-PKS-like	5
PAQ89233.barcode32	NI-siderophore	1
PAQ89233.barcode32	NRPS	3
PAQ89233.barcode32	NRPS-like	1
PAQ89233.barcode32	azole-containing-RiPP	1
PAQ89233.barcode32	terpene	2
PAQ89233.barcode33	CDPS	1
PAQ89233.barcode33	NRP-metallophore	1
PAQ89233.barcode33	NRPS	5
PAQ89233.barcode33	PKS-like	1
PAQ89233.barcode33	T3PKS	2
PAQ89233.barcode33	betalactone	1
PAQ89233.barcode33	other	1
PAQ89233.barcode33	ranthipeptide	1
PAQ89233.barcode33	sactipeptide	2
PAQ89233.barcode33	terpene	2
PAQ89233.barcode33	terpene-precursor	2
PAQ89233.barcode33	transAT-PKS	1
PAQ89233.barcode34	NI-siderophore	1
PAQ89233.barcode34	NRPS	8
PAQ89233.barcode34	NRPS-like	2
PAQ89233.barcode34	PKS-like	1
PAQ89233.barcode34	T3PKS	1
PAQ89233.barcode34	cyclic-lactone-autoinducer	2
PAQ89233.barcode34	lanthipeptide-class-i	1
PAQ89233.barcode34	lassopeptide	2
PAQ89233.barcode34	proteusin	1
PAQ89233.barcode34	terpene-precursor	2
PAQ89233.barcode34	transAT-PKS	1
PAQ89233.barcode34	transAT-PKS-like	1
PAQ89233.barcode36	NI-siderophore	1
PAQ89233.barcode36	NRPS	6
PAQ89233.barcode36	NRPS-like	2
PAQ89233.barcode36	PKS-like	1
PAQ89233.barcode36	RRE-containing	1
PAQ89233.barcode36	T3PKS	1
PAQ89233.barcode36	cyclic-lactone-autoinducer	3
PAQ89233.barcode36	lanthipeptide-class-i	1
PAQ89233.barcode36	lassopeptide	1
PAQ89233.barcode36	phosphonate	1
PAQ89233.barcode36	proteusin	1
PAQ89233.barcode36	terpene-precursor	2
PAQ89233.barcode36	transAT-PKS	2
PAQ89233.barcode36	transAT-PKS-like	2
PAQ89233.barcode37	NI-siderophore	1
PAQ89233.barcode37	RiPP-like	2
PAQ89233.barcode38	NI-siderophore	3
PAQ89233.barcode38	NRPS	1
PAQ89233.barcode38	RiPP-like	1
PAQ89233.barcode38	T3PKS	1
PAQ89233.barcode38	cyclic-lactone-autoinducer	1
PAQ89233.barcode38	opine-like-metallophore	1
PAQ89233.barcode38	terpene	1
PAQ89233.barcode38	terpene-precursor	1
PAQ89233.barcode39	NRP-metallophore	1
PAQ89233.barcode39	NRPS	5
PAQ89233.barcode39	PKS-like	1
PAQ89233.barcode39	RiPP-like	1
PAQ89233.barcode39	T3PKS	2
PAQ89233.barcode39	betalactone	1
PAQ89233.barcode39	lanthipeptide-class-ii	1
PAQ89233.barcode39	other	1
PAQ89233.barcode39	terpene	2
PAQ89233.barcode39	terpene-precursor	2
PAQ89233.barcode39	transAT-PKS	5
PAQ89233.barcode40	NAGGN	1
PAQ89233.barcode40	NI-siderophore	1
PAQ89233.barcode40	NRP-metallophore	1
PAQ89233.barcode40	NRPS	2
PAQ89233.barcode40	NRPS-like	1
PAQ89233.barcode40	RiPP-like	3
PAQ89233.barcode40	arylpolyene	1
PAQ89233.barcode40	betalactone	1
PAQ89233.barcode40	hydrogen-cyanide	1
PAQ89233.barcode40	ranthipeptide	2
PAQ89233.barcode40	redox-cofactor	2
PAQ89233.barcode40	terpene-precursor	1
PAQ89233.barcode41	NAGGN	1
PAQ89233.barcode41	NI-siderophore	1
PAQ89233.barcode41	NRP-metallophore	1
PAQ89233.barcode41	NRPS	2
PAQ89233.barcode41	NRPS-like	1
PAQ89233.barcode41	RiPP-like	2
PAQ89233.barcode41	arylpolyene	1
PAQ89233.barcode41	betalactone	1
PAQ89233.barcode41	hydrogen-cyanide	2
PAQ89233.barcode41	lanthipeptide-class-ii	1
PAQ89233.barcode41	ranthipeptide	1
PAQ89233.barcode41	redox-cofactor	2
PAQ89233.barcode41	terpene-precursor	1
PAQ89233.barcode42	NAGGN	1
PAQ89233.barcode42	NRP-metallophore	1
PAQ89233.barcode42	NRPS	3
PAQ89233.barcode42	NRPS-like	1
PAQ89233.barcode42	RiPP-like	5
PAQ89233.barcode42	arylpolyene	1
PAQ89233.barcode42	betalactone	1
PAQ89233.barcode42	hydrogen-cyanide	1
PAQ89233.barcode42	redox-cofactor	1
PAQ89233.barcode42	terpene-precursor	1
PAQ89233.barcode44	NAGGN	1
PAQ89233.barcode44	NAPAA	1
PAQ89233.barcode44	NRP-metallophore	2
PAQ89233.barcode44	NRPS	4
PAQ89233.barcode44	NRPS-like	1
PAQ89233.barcode44	RiPP-like	3
PAQ89233.barcode44	arylpolyene	1
PAQ89233.barcode44	betalactone	1
PAQ89233.barcode44	hserlactone	1
PAQ89233.barcode44	hydrogen-cyanide	3
PAQ89233.barcode44	redox-cofactor	1
PAQ89233.barcode44	terpene	1
PAQ89233.barcode44	terpene-precursor	1
PAQ89233.barcode45	NI-siderophore	1
PAQ89233.barcode45	NRP-metallophore	1
PAQ89233.barcode45	NRPS	5
PAQ89233.barcode45	NRPS-like	1
PAQ89233.barcode45	PUFA	1
PAQ89233.barcode45	RiPP-like	1
PAQ89233.barcode45	T1PKS	1
PAQ89233.barcode45	arylpolyene	1
PAQ89233.barcode45	hglE-KS	1
PAQ89233.barcode45	hserlactone	1
PAQ89233.barcode45	other	1
PAQ89233.barcode45	terpene	1
PAQ89233.barcode45	terpene-precursor	1
PAQ89233.barcode46	NI-siderophore	1
PAQ89233.barcode46	NRPS	4
PAQ89233.barcode46	NRPS-like	3
PAQ89233.barcode46	T1PKS	2
PAQ89233.barcode46	arylpolyene	1
PAQ89233.barcode46	hglE-KS	1
PAQ89233.barcode46	other	1
PAQ89233.barcode46	terpene	1
PAQ89233.barcode46	terpene-precursor	1
PAQ89233.barcode48	NI-siderophore	1
PAQ89233.barcode48	NRPS	1
PAQ89233.barcode48	RRE-containing	1
PAQ89233.barcode48	terpene	1
PAQ89233.barcode48	terpene-precursor	1
PAQ89233.barcode49	NI-siderophore	1
PAQ89233.barcode49	terpene	1
PAQ89233.barcode50	NI-siderophore	1
PAQ89233.barcode50	NRPS	3
PAQ89233.barcode50	RRE-containing	1
PAQ89233.barcode50	azole-containing-RiPP	1
PAQ89233.barcode50	terpene	2
PAQ89233.barcode53	NI-siderophore	1
PAQ89233.barcode53	NRPS	2
PAQ89233.barcode53	T3PKS	1
PAQ89233.barcode53	azole-containing-RiPP	1
PAQ89233.barcode53	lassopeptide	1
PAQ89233.barcode53	terpene	2
PAQ89233.barcode53	terpene-precursor	1
PAQ89233.barcode54	NI-siderophore	1
PAQ89233.barcode54	azole-containing-RiPP	1
PAQ89233.barcode54	terpene	2
PAQ89233.barcode55	NAGGN	1
PAQ89233.barcode55	NRP-metallophore	1
PAQ89233.barcode55	NRPS	2
PAQ89233.barcode55	NRPS-like	2
PAQ89233.barcode55	RiPP-like	2
PAQ89233.barcode55	arylpolyene	1
PAQ89233.barcode55	betalactone	1
PAQ89233.barcode55	hydrogen-cyanide	1
PAQ89233.barcode55	ranthipeptide	1
PAQ89233.barcode55	redox-cofactor	2
PAQ89233.barcode55	terpene-precursor	1
PAQ89233.barcode56	NAGGN	1
PAQ89233.barcode56	NRP-metallophore	1
PAQ89233.barcode56	NRPS	2
PAQ89233.barcode56	NRPS-like	2
PAQ89233.barcode56	RiPP-like	3
PAQ89233.barcode56	arylpolyene	1
PAQ89233.barcode56	betalactone	1
PAQ89233.barcode56	hydrogen-cyanide	1
PAQ89233.barcode56	ranthipeptide	1
PAQ89233.barcode56	redox-cofactor	2
PAQ89233.barcode56	terpene-precursor	1
PAQ89233.barcode57	NAGGN	1
PAQ89233.barcode57	NI-siderophore	1
PAQ89233.barcode57	NRP-metallophore	1
PAQ89233.barcode57	NRPS	2
PAQ89233.barcode57	NRPS-like	1
PAQ89233.barcode57	RiPP-like	3
PAQ89233.barcode57	arylpolyene	1
PAQ89233.barcode57	betalactone	1
PAQ89233.barcode57	ranthipeptide	1
PAQ89233.barcode57	redox-cofactor	2
PAQ89233.barcode57	terpene-precursor	1
PAQ89233.barcode58	NI-siderophore	1
PAQ89233.barcode58	NRPS	1
PAQ89233.barcode58	NRPS-like	1
PAQ89233.barcode58	T3PKS	1
PAQ89233.barcode58	azole-containing-RiPP	1
PAQ89233.barcode58	betalactone	1
PAQ89233.barcode58	lassopeptide	1
PAQ89233.barcode58	terpene	2
PAQ89233.barcode58	terpene-precursor	1
PAQ89233.barcode59	NI-siderophore	1
PAQ89233.barcode59	NRPS	5
PAQ89233.barcode59	NRPS-like	1
PAQ89233.barcode59	T1PKS	1
PAQ89233.barcode59	T3PKS	2
PAQ89233.barcode59	lanthipeptide-class-ii	1
PAQ89233.barcode59	lassopeptide	1
PAQ89233.barcode59	opine-like-metallophore	1
PAQ89233.barcode59	proteusin	1
PAQ89233.barcode59	terpene	1
PAQ89233.barcode59	terpene-precursor	2
PAQ89233.barcode59	transAT-PKS	2
PAQ89233.barcode59	triceptide	1
PAQ89233.barcode60	NI-siderophore	1
PAQ89233.barcode60	NRPS	1
PAQ89233.barcode60	NRPS-like	1
PAQ89233.barcode60	T3PKS	1
PAQ89233.barcode60	azole-containing-RiPP	1
PAQ89233.barcode60	betalactone	1
PAQ89233.barcode60	terpene	2
PAQ89233.barcode60	terpene-precursor	1
PAQ89233.barcode62	NRPS	2
PAQ89233.barcode62	NRPS-like	1
PAQ89233.barcode62	terpene	1
PAQ89233.barcode63	NI-siderophore	1
PAQ89233.barcode63	NRP-metallophore	1
PAQ89233.barcode63	NRPS	3
PAQ89233.barcode63	RiPP-like	2
PAQ89233.barcode63	T1PKS	1
PAQ89233.barcode63	azole-containing-RiPP	1
PAQ89233.barcode63	betalactone	1
PAQ89233.barcode63	hydrogen-cyanide	1
PAQ89233.barcode63	terpene	1
PAQ89233.barcode63	terpene-precursor	1
PAQ89233.barcode64	NI-siderophore	1
PAQ89233.barcode64	NRPS	4
PAQ89233.barcode64	NRPS-like	1
PAQ89233.barcode64	RRE-containing	1
PAQ89233.barcode64	T3PKS	1
PAQ89233.barcode64	betalactone	1
PAQ89233.barcode64	cyclic-lactone-autoinducer	1
PAQ89233.barcode64	lanthipeptide-class-ii	1
PAQ89233.barcode64	phosphonate	1
PAQ89233.barcode64	terpene	2
PAQ89233.barcode64	terpene-precursor	2
PAQ89233.barcode65	NI-siderophore	1
PAQ89233.barcode65	NRPS	2
PAQ89233.barcode65	T3PKS	1
PAQ89233.barcode65	azole-containing-RiPP	1
PAQ89233.barcode65	betalactone	1
PAQ89233.barcode65	lassopeptide	1
PAQ89233.barcode65	terpene	2
PAQ89233.barcode65	terpene-precursor	1
PAQ89233.barcode66	T3PKS	1
PAQ89233.barcode66	terpene	1
PAQ89233.barcode66	terpene-precursor	1
PAQ89233.barcode67	NAGGN	1
PAQ89233.barcode67	NI-siderophore	1
PAQ89233.barcode67	NRP-metallophore	1
PAQ89233.barcode67	NRPS	2
PAQ89233.barcode67	NRPS-like	1
PAQ89233.barcode67	RiPP-like	3
PAQ89233.barcode67	arylpolyene	1
PAQ89233.barcode67	betalactone	1
PAQ89233.barcode67	ranthipeptide	1
PAQ89233.barcode67	redox-cofactor	2
PAQ89233.barcode67	terpene-precursor	1
PAQ89233.barcode68	CDPS	1
PAQ89233.barcode68	NAPAA	3
PAQ89233.barcode68	NI-siderophore	2
PAQ89233.barcode68	NRP-metallophore	1
PAQ89233.barcode68	NRPS	8
PAQ89233.barcode68	NRPS-like	7
PAQ89233.barcode68	RiPP-like	2
PAQ89233.barcode68	T1PKS	4
PAQ89233.barcode68	T3PKS	3
PAQ89233.barcode68	aminopolycarboxylic-acid	1
PAQ89233.barcode68	arylpolyene	1
PAQ89233.barcode68	betalactone	2
PAQ89233.barcode68	butyrolactone	5
PAQ89233.barcode68	ectoine	1
PAQ89233.barcode68	hydrogen-cyanide	2
PAQ89233.barcode68	indole	1
PAQ89233.barcode68	lanthipeptide-class-i	3
PAQ89233.barcode68	lanthipeptide-class-iii	1
PAQ89233.barcode68	lanthipeptide-class-v	1
PAQ89233.barcode68	lassopeptide	2
PAQ89233.barcode68	other	1
PAQ89233.barcode68	ranthipeptide	1
PAQ89233.barcode68	redox-cofactor	1
PAQ89233.barcode68	terpene	3
PAQ89233.barcode68	triceptide	2
PAQ89233.barcode69	CDPS	1
PAQ89233.barcode69	NAPAA	3
PAQ89233.barcode69	NI-siderophore	2
PAQ89233.barcode69	NRPS	7
PAQ89233.barcode69	NRPS-like	8
PAQ89233.barcode69	RiPP-like	2
PAQ89233.barcode69	T1PKS	4
PAQ89233.barcode69	T3PKS	3
PAQ89233.barcode69	aminopolycarboxylic-acid	1
PAQ89233.barcode69	arylpolyene	1
PAQ89233.barcode69	betalactone	2
PAQ89233.barcode69	butyrolactone	5
PAQ89233.barcode69	ectoine	1
PAQ89233.barcode69	hydrogen-cyanide	2
PAQ89233.barcode69	indole	1
PAQ89233.barcode69	lanthipeptide-class-i	3
PAQ89233.barcode69	lanthipeptide-class-iii	1
PAQ89233.barcode69	lanthipeptide-class-v	1
PAQ89233.barcode69	lassopeptide	2
PAQ89233.barcode69	other	1
PAQ89233.barcode69	ranthipeptide	1
PAQ89233.barcode69	redox-cofactor	1
PAQ89233.barcode69	terpene	3
PAQ89233.barcode69	triceptide	2
PAQ89233.barcode70	NAGGN	1
PAQ89233.barcode70	NI-siderophore	1
PAQ89233.barcode70	NRP-metallophore	3
PAQ89233.barcode70	NRPS	7
PAQ89233.barcode70	NRPS-like	2
PAQ89233.barcode70	PKS-like	1
PAQ89233.barcode70	RiPP-like	5
PAQ89233.barcode70	T3PKS	1
PAQ89233.barcode70	arylpolyene	1
PAQ89233.barcode70	betalactone	1
PAQ89233.barcode70	ectoine	1
PAQ89233.barcode70	hydrogen-cyanide	1
PAQ89233.barcode70	lassopeptide	2
PAQ89233.barcode70	redox-cofactor	1
PAQ89233.barcode70	terpene	1
PAQ89233.barcode70	terpene-precursor	2
PAQ89233.barcode70	transAT-PKS	1
PAQ89233.barcode73	NRPS	2
PAQ89233.barcode73	NRPS-like	2
PAQ89233.barcode73	RiPP-like	1
PAQ89233.barcode73	lanthipeptide-class-ii	1
PAQ89233.barcode73	terpene	1
PAQ89233.barcode74	NI-siderophore	1
PAQ89233.barcode74	NRP-metallophore	1
PAQ89233.barcode74	NRPS	2
PAQ89233.barcode74	NRPS-like	1
PAQ89233.barcode74	RiPP-like	3
PAQ89233.barcode74	azole-containing-RiPP	2
PAQ89233.barcode74	betalactone	1
PAQ89233.barcode74	lanthipeptide-class-ii	1
PAQ89233.barcode74	lassopeptide	1
PAQ89233.barcode74	terpene	1
PAQ89233.barcode74	terpene-precursor	1
PAQ89233.barcode75	NI-siderophore	1
PAQ89233.barcode75	NRPS	7
PAQ89233.barcode75	NRPS-like	1
PAQ89233.barcode75	PKS-like	1
PAQ89233.barcode75	T3PKS	1
PAQ89233.barcode75	betalactone	1
PAQ89233.barcode75	cyclic-lactone-autoinducer	3
PAQ89233.barcode75	lanthipeptide-class-i	2
PAQ89233.barcode75	lassopeptide	1
PAQ89233.barcode75	proteusin	1
PAQ89233.barcode75	ranthipeptide	1
PAQ89233.barcode75	terpene-precursor	2
PAQ89233.barcode75	transAT-PKS	2
PAQ89233.barcode76	NI-siderophore	1
PAQ89233.barcode76	NRPS	1
PAQ89233.barcode76	RiPP-like	1
PAQ89233.barcode76	azole-containing-RiPP	1
PAQ89233.barcode76	betalactone	1
PAQ89233.barcode76	lanthipeptide-class-i	1
PAQ89233.barcode76	lassopeptide	1
PAQ89233.barcode76	terpene	1
PAQ89233.barcode78	NAPAA	3
PAQ89233.barcode78	NI-siderophore	1
PAQ89233.barcode78	T3PKS	1
PAQ89233.barcode78	betalactone	2
PAQ89233.barcode78	hydrogen-cyanide	1
PAQ89233.barcode78	terpene	1
PAQ89233.barcode78	terpene-precursor	2
PAQ89233.barcode79	NAGGN	1
PAQ89233.barcode79	NI-siderophore	1
PAQ89233.barcode79	NRP-metallophore	3
PAQ89233.barcode79	NRPS	5
PAQ89233.barcode79	NRPS-like	2
PAQ89233.barcode79	RiPP-like	5
PAQ89233.barcode79	T3PKS	1
PAQ89233.barcode79	arylpolyene	1
PAQ89233.barcode79	azole-containing-RiPP	1
PAQ89233.barcode79	betalactone	1
PAQ89233.barcode79	ectoine	1
PAQ89233.barcode79	furan	1
PAQ89233.barcode79	hydrogen-cyanide	1
PAQ89233.barcode79	lassopeptide	1
PAQ89233.barcode79	redox-cofactor	1
PAQ89233.barcode79	terpene	3
PAQ89233.barcode79	terpene-precursor	4
PAQ89233.barcode80	NI-siderophore	2
PAQ89233.barcode80	NRP-metallophore	1
PAQ89233.barcode80	NRPS	3
PAQ89233.barcode80	RRE-containing	1
PAQ89233.barcode80	RiPP-like	2
PAQ89233.barcode80	betalactone	1
PAQ89233.barcode80	cyclic-lactone-autoinducer	1
PAQ89233.barcode80	deazapurine	1
PAQ89233.barcode80	lanthipeptide-class-ii	1
PAQ89233.barcode80	lanthipeptide-class-iii	1
PAQ89233.barcode80	lassopeptide	1
PAQ89233.barcode80	terpene	1
PAQ89233.barcode81	NI-siderophore	1
PAQ89233.barcode81	RiPP-like	2
PAQ89233.barcode81	arylpolyene	2
PAQ89233.barcode81	betalactone	1
PAQ89233.barcode81	terpene-precursor	1
PAQ89233.barcode82	NI-siderophore	1
PAQ89233.barcode82	azole-containing-RiPP	1
PAQ89233.barcode82	betalactone	1
PAQ89233.barcode82	terpene	2
PAQ89233.barcode82	terpene-precursor	1
PAQ89233.barcode83	NI-siderophore	1
PAQ89233.barcode83	NRPS	2
PAQ89233.barcode83	NRPS-like	1
PAQ89233.barcode83	azole-containing-RiPP	1
PAQ89233.barcode83	betalactone	1
PAQ89233.barcode83	terpene	3
PAQ89233.barcode85	NAGGN	1
PAQ89233.barcode85	NRP-metallophore	1
PAQ89233.barcode85	NRPS	2
PAQ89233.barcode85	NRPS-like	1
PAQ89233.barcode85	RiPP-like	4
PAQ89233.barcode85	arylpolyene	1
PAQ89233.barcode85	betalactone	1
PAQ89233.barcode85	hydrogen-cyanide	1
PAQ89233.barcode85	redox-cofactor	1
PAQ89233.barcode85	terpene	2
PAQ89233.barcode85	terpene-precursor	1
PAQ89233.barcode86	NI-siderophore	2
PAQ89233.barcode86	NRP-metallophore	1
PAQ89233.barcode86	NRPS	11
PAQ89233.barcode86	NRPS-like	1
PAQ89233.barcode86	RRE-containing	1
PAQ89233.barcode86	RiPP-like	3
PAQ89233.barcode86	T1PKS	3
PAQ89233.barcode86	T3PKS	1
PAQ89233.barcode86	azole-containing-RiPP	1
PAQ89233.barcode86	butyrolactone	4
PAQ89233.barcode86	ectoine	1
PAQ89233.barcode86	hydrogen-cyanide	1
PAQ89233.barcode86	melanin	1
PAQ89233.barcode86	other	2
PAQ89233.barcode86	terpene	6
PAQ89233.barcode86	terpene-precursor	4
PAQ89233.barcode87	NI-siderophore	1
PAQ89233.barcode87	terpene	1
PAQ89233.barcode88	NI-siderophore	1
PAQ89233.barcode88	NRPS	3
PAQ89233.barcode88	NRPS-like	1
PAQ89233.barcode88	azole-containing-RiPP	1
PAQ89233.barcode88	betalactone	1
PAQ89233.barcode88	terpene	2
PAQ89233.barcode88	terpene-precursor	1
PAQ89233.barcode89	NI-siderophore	2
PAQ89233.barcode89	RiPP-like	1
PAQ89233.barcode89	T3PKS	1
PAQ89233.barcode89	terpene	1
PAQ89233.barcode89	terpene-precursor	1
PAQ89233.barcode90	CDPS	2
PAQ89233.barcode90	NAPAA	1
PAQ89233.barcode90	NI-siderophore	3
PAQ89233.barcode90	NRP-metallophore	2
PAQ89233.barcode90	NRPS	8
PAQ89233.barcode90	NRPS-like	5
PAQ89233.barcode90	PKS-like	2
PAQ89233.barcode90	RiPP-like	3
PAQ89233.barcode90	T1PKS	3
PAQ89233.barcode90	T2PKS	1
PAQ89233.barcode90	T3PKS	1
PAQ89233.barcode90	butyrolactone	3
PAQ89233.barcode90	hglE-KS	1
PAQ89233.barcode90	hydrogen-cyanide	1
PAQ89233.barcode90	lanthipeptide-class-iii	3
PAQ89233.barcode90	lanthipeptide-class-iv	2
PAQ89233.barcode90	melanin	1
PAQ89233.barcode90	phosphonate	1
PAQ89233.barcode90	terpene	8
PAQ89233.barcode90	terpene-precursor	2
PAQ89233.barcode91	NAGGN	1
PAQ89233.barcode91	NAPAA	1
PAQ89233.barcode91	NRP-metallophore	3
PAQ89233.barcode91	NRPS	11
PAQ89233.barcode91	NRPS-like	2
PAQ89233.barcode91	PKS-like	1
PAQ89233.barcode91	RRE-containing	1
PAQ89233.barcode91	RiPP-like	3
PAQ89233.barcode91	T1PKS	2
PAQ89233.barcode91	T2PKS	1
PAQ89233.barcode91	amglyccycl	1
PAQ89233.barcode91	arylpolyene	1
PAQ89233.barcode91	betalactone	3
PAQ89233.barcode91	butyrolactone	1
PAQ89233.barcode91	ectoine	1
PAQ89233.barcode91	hydrogen-cyanide	1
PAQ89233.barcode91	lanthipeptide-class-ii	1
PAQ89233.barcode91	lanthipeptide-class-iii	1
PAQ89233.barcode91	ranthipeptide	2
PAQ89233.barcode91	redox-cofactor	3
PAQ89233.barcode91	terpene	2
PAQ89233.barcode91	terpene-precursor	1
PAQ89233.barcode92	NAGGN	1
PAQ89233.barcode92	NAPAA	1
PAQ89233.barcode92	NRP-metallophore	4
PAQ89233.barcode92	NRPS	8
PAQ89233.barcode92	NRPS-like	5
PAQ89233.barcode92	RiPP-like	3
PAQ89233.barcode92	T1PKS	1
PAQ89233.barcode92	T3PKS	1
PAQ89233.barcode92	amglyccycl	1
PAQ89233.barcode92	arylpolyene	1
PAQ89233.barcode92	azole-containing-RiPP	1
PAQ89233.barcode92	betalactone	1
PAQ89233.barcode92	furan	1
PAQ89233.barcode92	lanthipeptide-class-ii	1
PAQ89233.barcode92	redox-cofactor	1
PAQ89233.barcode92	terpene	4
PAQ89233.barcode92	terpene-precursor	2
PAQ89233.barcode93	NI-siderophore	1
PAQ89233.barcode93	NRPS	1
PAQ89233.barcode93	NRPS-like	1
PAQ89233.barcode93	T3PKS	1
PAQ89233.barcode93	azole-containing-RiPP	1
PAQ89233.barcode93	terpene	1
PAQ89233.barcode94	HR-T2PKS	1
PAQ89233.barcode94	NI-siderophore	1
PAQ89233.barcode94	NRP-metallophore	1
PAQ89233.barcode94	NRPS	1
PAQ89233.barcode94	arylpolyene	1
PAQ89233.barcode94	azole-containing-RiPP	1
PAQ89233.barcode94	terpene-precursor	1
PAQ89233.barcode95	NI-siderophore	1
PAQ89233.barcode95	NRPS	2
PAQ89233.barcode95	T3PKS	1
PAQ89233.barcode95	azole-containing-RiPP	1
PAQ89233.barcode95	cyclic-lactone-autoinducer	1
PAQ89233.barcode95	terpene	2
PAQ89233.barcode95	terpene-precursor	1
PAW76169.barcode01	NI-siderophore	1
PAW76169.barcode01	NRPS	2
PAW76169.barcode01	T3PKS	1
PAW76169.barcode01	azole-containing-RiPP	1
PAW76169.barcode01	betalactone	1
PAW76169.barcode01	cyclic-lactone-autoinducer	1
PAW76169.barcode01	lassopeptide	1
PAW76169.barcode01	terpene	2
PAW76169.barcode01	terpene-precursor	1
PAW76169.barcode02	NI-siderophore	1
PAW76169.barcode02	NRPS	7
PAW76169.barcode02	NRPS-like	2
PAW76169.barcode02	PKS-like	1
PAW76169.barcode02	RRE-containing	1
PAW76169.barcode02	T3PKS	1
PAW76169.barcode02	cyclic-lactone-autoinducer	2
PAW76169.barcode02	lanthipeptide-class-i	1
PAW76169.barcode02	lassopeptide	1
PAW76169.barcode02	phosphonate	2
PAW76169.barcode02	proteusin	1
PAW76169.barcode02	terpene-precursor	2
PAW76169.barcode02	transAT-PKS	4
PAW76169.barcode03	NI-siderophore	1
PAW76169.barcode03	NRPS	7
PAW76169.barcode03	NRPS-like	2
PAW76169.barcode03	PKS-like	1
PAW76169.barcode03	RRE-containing	1
PAW76169.barcode03	T3PKS	1
PAW76169.barcode03	cyclic-lactone-autoinducer	3
PAW76169.barcode03	lanthipeptide-class-i	1
PAW76169.barcode03	lassopeptide	1
PAW76169.barcode03	phosphonate	1
PAW76169.barcode03	proteusin	1
PAW76169.barcode03	terpene-precursor	2
PAW76169.barcode03	transAT-PKS	4
PAW76169.barcode04	NI-siderophore	2
PAW76169.barcode04	NRP-metallophore	2
PAW76169.barcode04	NRPS	12
PAW76169.barcode04	NRPS-like	3
PAW76169.barcode04	PKS-like	1
PAW76169.barcode04	RiPP-like	3
PAW76169.barcode04	T1PKS	7
PAW76169.barcode04	T2PKS	1
PAW76169.barcode04	T3PKS	2
PAW76169.barcode04	arylpolyene	2
PAW76169.barcode04	azole-containing-RiPP	1
PAW76169.barcode04	azoxy-crosslink	1
PAW76169.barcode04	butyrolactone	2
PAW76169.barcode04	ectoine	2
PAW76169.barcode04	hydrogen-cyanide	1
PAW76169.barcode04	lanthipeptide-class-ii	1
PAW76169.barcode04	lanthipeptide-class-iii	2
PAW76169.barcode04	lanthipeptide-class-iv	1
PAW76169.barcode04	linaridin	1
PAW76169.barcode04	melanin	2
PAW76169.barcode04	oligosaccharide	1
PAW76169.barcode04	terpene	6
PAW76169.barcode04	terpene-precursor	4
PAW76169.barcode04	transAT-PKS	2
PAW76169.barcode05	NI-siderophore	1
PAW76169.barcode05	NRPS	2
PAW76169.barcode05	T3PKS	1
PAW76169.barcode05	azole-containing-RiPP	1
PAW76169.barcode05	betalactone	1
PAW76169.barcode05	cyclic-lactone-autoinducer	1
PAW76169.barcode05	lassopeptide	1
PAW76169.barcode05	terpene	2
PAW76169.barcode05	terpene-precursor	1
PAW76169.barcode06	NI-siderophore	1
PAW76169.barcode06	NRPS	2
PAW76169.barcode06	T3PKS	1
PAW76169.barcode06	azole-containing-RiPP	1
PAW76169.barcode06	betalactone	1
PAW76169.barcode06	lassopeptide	1
PAW76169.barcode06	terpene	2
PAW76169.barcode06	terpene-precursor	1
PAW76169.barcode07	NRPS	1
PAW76169.barcode07	RiPP-like	2
PAW76169.barcode07	T1PKS	1
PAW76169.barcode07	arylpolyene	2
PAW76169.barcode07	lanthipeptide-class-iii	1
PAW76169.barcode07	terpene-precursor	1
PAW76169.barcode08	NI-siderophore	1
PAW76169.barcode08	NRPS	1
PAW76169.barcode08	T3PKS	1
PAW76169.barcode08	azole-containing-RiPP	1
PAW76169.barcode08	betalactone	1
PAW76169.barcode08	lassopeptide	1
PAW76169.barcode08	terpene	2
PAW76169.barcode08	terpene-precursor	1
PAW76169.barcode09	NI-siderophore	2
PAW76169.barcode09	NRPS	1
PAW76169.barcode09	RiPP-like	1
PAW76169.barcode09	T3PKS	1
PAW76169.barcode09	cyclic-lactone-autoinducer	1
PAW76169.barcode09	opine-like-metallophore	1
PAW76169.barcode09	terpene	1
PAW76169.barcode09	terpene-precursor	1
PAW76169.barcode10	NI-siderophore	2
PAW76169.barcode10	NRPS	7
PAW76169.barcode10	NRPS-like	1
PAW76169.barcode10	RRE-containing	1
PAW76169.barcode10	RiPP-like	4
PAW76169.barcode10	T1PKS	1
PAW76169.barcode10	azole-containing-RiPP	2
PAW76169.barcode10	betalactone	2
PAW76169.barcode10	lanthipeptide-class-ii	1
PAW76169.barcode10	lassopeptide	2
PAW76169.barcode10	terpene	2
PAW76169.barcode10	terpene-precursor	2
PAW76169.barcode11	NI-siderophore	1
PAW76169.barcode11	NRPS	1
PAW76169.barcode11	NRPS-like	1
PAW76169.barcode11	RiPP-like	4
PAW76169.barcode11	azole-containing-RiPP	1
PAW76169.barcode11	lanthipeptide-class-ii	1
PAW76169.barcode11	lassopeptide	1
PAW76169.barcode11	terpene	1
PAW76169.barcode11	terpene-precursor	1
PAW76169.barcode12	NI-siderophore	1
PAW76169.barcode12	NRP-metallophore	1
PAW76169.barcode12	NRPS	3
PAW76169.barcode12	NRPS-like	1
PAW76169.barcode12	PKS-like	1
PAW76169.barcode12	RiPP-like	2
PAW76169.barcode12	T1PKS	1
PAW76169.barcode12	T3PKS	1
PAW76169.barcode12	azole-containing-RiPP	1
PAW76169.barcode12	betalactone	1
PAW76169.barcode12	lanthipeptide-class-ii	1
PAW76169.barcode12	lassopeptide	1
PAW76169.barcode12	terpene	1
PAW76169.barcode12	terpene-precursor	1
PAW76169.barcode12	transAT-PKS	1
PAW76169.barcode13	CDPS	1
PAW76169.barcode13	HR-T2PKS	1
PAW76169.barcode13	NAPAA	1
PAW76169.barcode13	NI-siderophore	2
PAW76169.barcode13	NRPS	6
PAW76169.barcode13	NRPS-like	4
PAW76169.barcode13	RiPP-like	3
PAW76169.barcode13	T1PKS	5
PAW76169.barcode13	T3PKS	2
PAW76169.barcode13	azoxy-crosslink	1
PAW76169.barcode13	betalactone	1
PAW76169.barcode13	butyrolactone	3
PAW76169.barcode13	ectoine	1
PAW76169.barcode13	lanthipeptide-class-i	1
PAW76169.barcode13	lanthipeptide-class-ii	1
PAW76169.barcode13	lanthipeptide-class-iii	2
PAW76169.barcode13	lanthipeptide-class-iv	1
PAW76169.barcode13	melanin	1
PAW76169.barcode13	oligosaccharide	2
PAW76169.barcode13	other	1
PAW76169.barcode13	redox-cofactor	1
PAW76169.barcode13	terpene	8
PAW76169.barcode13	terpene-precursor	5
PAW76169.barcode14	NI-siderophore	1
PAW76169.barcode14	NRPS	2
PAW76169.barcode14	RRE-containing	1
PAW76169.barcode14	T3PKS	1
PAW76169.barcode14	azole-containing-RiPP	1
PAW76169.barcode14	betalactone	1
PAW76169.barcode14	lassopeptide	1
PAW76169.barcode14	terpene	2
PAW76169.barcode14	terpene-precursor	1
PAW76169.barcode15	NAGGN	1
PAW76169.barcode15	NRP-metallophore	1
PAW76169.barcode15	NRPS	3
PAW76169.barcode15	NRPS-like	1
PAW76169.barcode15	RiPP-like	5
PAW76169.barcode15	arylpolyene	1
PAW76169.barcode15	betalactone	1
PAW76169.barcode15	hydrogen-cyanide	1
PAW76169.barcode15	redox-cofactor	1
PAW76169.barcode15	terpene-precursor	1
PAW76169.barcode16	NI-siderophore	1
PAW76169.barcode16	NRP-metallophore	1
PAW76169.barcode16	NRPS	3
PAW76169.barcode16	NRPS-like	1
PAW76169.barcode16	PKS-like	1
PAW76169.barcode16	RiPP-like	2
PAW76169.barcode16	T1PKS	1
PAW76169.barcode16	T3PKS	1
PAW76169.barcode16	azole-containing-RiPP	1
PAW76169.barcode16	betalactone	1
PAW76169.barcode16	lanthipeptide-class-ii	1
PAW76169.barcode16	lassopeptide	1
PAW76169.barcode16	terpene	1
PAW76169.barcode16	terpene-precursor	1
PAW76169.barcode16	transAT-PKS	1
PAW76169.barcode16	transAT-PKS-like	1
PAW76169.barcode18	NI-siderophore	1
PAW76169.barcode18	NRPS	2
PAW76169.barcode18	T3PKS	1
PAW76169.barcode18	azole-containing-RiPP	1
PAW76169.barcode18	betalactone	1
PAW76169.barcode18	lassopeptide	1
PAW76169.barcode18	terpene	2
PAW76169.barcode18	terpene-precursor	1
PAW76169.barcode20	NAPAA	2
PAW76169.barcode20	NRPS-like	1
PAW76169.barcode20	T3PKS	1
PAW76169.barcode20	betalactone	1
PAW76169.barcode20	terpene	1
PAW76169.barcode20	terpene-precursor	1
PAW76169.barcode21	NI-siderophore	1
PAW76169.barcode21	NRPS	4
PAW76169.barcode21	RRE-containing	1
PAW76169.barcode21	T3PKS	1
PAW76169.barcode21	azole-containing-RiPP	1
PAW76169.barcode21	betalactone	1
PAW76169.barcode21	cyclic-lactone-autoinducer	1
PAW76169.barcode21	terpene	3
PAW76169.barcode21	terpene-precursor	1
PAW76169.barcode23	NAGGN	1
PAW76169.barcode23	NRP-metallophore	1
PAW76169.barcode23	NRPS	1
PAW76169.barcode23	NRPS-like	1
PAW76169.barcode23	RiPP-like	3
PAW76169.barcode23	arylpolyene	1
PAW76169.barcode23	betalactone	1
PAW76169.barcode23	hydrogen-cyanide	2
PAW76169.barcode23	redox-cofactor	1
PAW76169.barcode23	terpene-precursor	1
PAW76169.barcode24	NAGGN	1
PAW76169.barcode24	NRP-metallophore	1
PAW76169.barcode24	NRPS	1
PAW76169.barcode24	NRPS-like	1
PAW76169.barcode24	RiPP-like	3
PAW76169.barcode24	arylpolyene	1
PAW76169.barcode24	betalactone	1
PAW76169.barcode24	hydrogen-cyanide	2
PAW76169.barcode24	redox-cofactor	1
PAW76169.barcode24	terpene-precursor	1
PAW76169.barcode25	NAGGN	1
PAW76169.barcode25	NRP-metallophore	1
PAW76169.barcode25	NRPS	1
PAW76169.barcode25	NRPS-like	1
PAW76169.barcode25	RiPP-like	3
PAW76169.barcode25	arylpolyene	1
PAW76169.barcode25	betalactone	1
PAW76169.barcode25	hydrogen-cyanide	2
PAW76169.barcode25	redox-cofactor	1
PAW76169.barcode25	terpene-precursor	1
PAW76169.barcode26	NAGGN	1
PAW76169.barcode26	NRP-metallophore	1
PAW76169.barcode26	NRPS	1
PAW76169.barcode26	NRPS-like	1
PAW76169.barcode26	RiPP-like	3
PAW76169.barcode26	arylpolyene	1
PAW76169.barcode26	betalactone	1
PAW76169.barcode26	hydrogen-cyanide	2
PAW76169.barcode26	redox-cofactor	1
PAW76169.barcode26	terpene-precursor	1
PAW76169.barcode27	NI-siderophore	1
PAW76169.barcode27	NRP-metallophore	2
PAW76169.barcode27	NRPS	4
PAW76169.barcode27	RiPP-like	1
PAW76169.barcode27	T1PKS	2
PAW76169.barcode27	arylpolyene	1
PAW76169.barcode27	azole-containing-RiPP	1
PAW76169.barcode27	betalactone	1
PAW76169.barcode27	terpene-precursor	1
PAW76169.barcode28	NI-siderophore	1
PAW76169.barcode28	NRP-metallophore	1
PAW76169.barcode28	NRPS	3
PAW76169.barcode28	RiPP-like	3
PAW76169.barcode28	T1PKS	1
PAW76169.barcode28	azole-containing-RiPP	1
PAW76169.barcode28	betalactone	1
PAW76169.barcode28	terpene	1
PAW76169.barcode28	terpene-precursor	1
PAW76169.barcode29	NI-siderophore	1
PAW76169.barcode29	T3PKS	1
PAW76169.barcode29	azole-containing-RiPP	1
PAW76169.barcode29	betalactone	1
PAW76169.barcode29	terpene	2
PAW76169.barcode29	terpene-precursor	1
PAW76169.barcode30	NI-siderophore	1
PAW76169.barcode30	NRP-metallophore	1
PAW76169.barcode30	NRPS	4
PAW76169.barcode30	RiPP-like	3
PAW76169.barcode30	T1PKS	1
PAW76169.barcode30	azole-containing-RiPP	1
PAW76169.barcode30	betalactone	1
PAW76169.barcode30	lanthipeptide-class-i	1
PAW76169.barcode30	lanthipeptide-class-ii	1
PAW76169.barcode30	lassopeptide	1
PAW76169.barcode30	terpene	1
PAW76169.barcode30	terpene-precursor	1
PAW76169.barcode31	NI-siderophore	1
PAW76169.barcode31	NRP-metallophore	1
PAW76169.barcode31	NRPS	2
PAW76169.barcode31	RiPP-like	4
PAW76169.barcode31	azole-containing-RiPP	1
PAW76169.barcode31	betalactone	1
PAW76169.barcode31	lanthipeptide-class-i	1
PAW76169.barcode31	lassopeptide	1
PAW76169.barcode31	terpene	1
PAW76169.barcode31	terpene-precursor	1
PAW76169.barcode32	NAPAA	1
PAW76169.barcode32	NI-siderophore	2
PAW76169.barcode32	NRP-metallophore	1
PAW76169.barcode32	NRPS	1
PAW76169.barcode32	NRPS-like	2
PAW76169.barcode32	RiPP-like	5
PAW76169.barcode32	T1PKS	2
PAW76169.barcode32	T2PKS	1
PAW76169.barcode32	T3PKS	2
PAW76169.barcode32	butyrolactone	1
PAW76169.barcode32	ectoine	1
PAW76169.barcode32	hydrogen-cyanide	2
PAW76169.barcode32	terpene	5
PAW76169.barcode32	terpene-precursor	1
PAW76169.barcode33	CDPS	1
PAW76169.barcode33	NI-siderophore	2
PAW76169.barcode33	NRP-metallophore	1
PAW76169.barcode33	NRPS	7
PAW76169.barcode33	NRPS-like	2
PAW76169.barcode33	PKS-like	1
PAW76169.barcode33	RiPP-like	3
PAW76169.barcode33	T1PKS	4
PAW76169.barcode33	T2PKS	1
PAW76169.barcode33	T3PKS	2
PAW76169.barcode33	arylpolyene	2
PAW76169.barcode33	azole-containing-RiPP	1
PAW76169.barcode33	butyrolactone	1
PAW76169.barcode33	ectoine	1
PAW76169.barcode33	hydrogen-cyanide	1
PAW76169.barcode33	lanthipeptide-class-ii	1
PAW76169.barcode33	lanthipeptide-class-iii	2
PAW76169.barcode33	lanthipeptide-class-iv	1
PAW76169.barcode33	linaridin	1
PAW76169.barcode33	melanin	3
PAW76169.barcode33	oligosaccharide	1
PAW76169.barcode33	terpene	6
PAW76169.barcode33	terpene-precursor	4
PAW76169.barcode33	transAT-PKS	3
PAW76169.barcode34	NI-siderophore	1
PAW76169.barcode34	NRPS	4
PAW76169.barcode34	NRPS-like	1
PAW76169.barcode34	T1PKS	1
PAW76169.barcode34	T3PKS	2
PAW76169.barcode34	cyclic-lactone-autoinducer	2
PAW76169.barcode34	lanthipeptide-class-ii	1
PAW76169.barcode34	lassopeptide	1
PAW76169.barcode34	opine-like-metallophore	1
PAW76169.barcode34	proteusin	1
PAW76169.barcode34	terpene	1
PAW76169.barcode34	terpene-precursor	2
PAW76169.barcode34	transAT-PKS	3
PAW76169.barcode34	triceptide	1
PAW76169.barcode35	NI-siderophore	1
PAW76169.barcode35	NRPS	1
PAW76169.barcode35	T3PKS	1
PAW76169.barcode35	azole-containing-RiPP	1
PAW76169.barcode35	betalactone	1
PAW76169.barcode35	lassopeptide	1
PAW76169.barcode35	terpene	2
PAW76169.barcode35	terpene-precursor	1
PAW76169.barcode36	NAPAA	1
PAW76169.barcode36	NI-siderophore	2
PAW76169.barcode36	NRP-metallophore	1
PAW76169.barcode36	NRPS	4
PAW76169.barcode36	NRPS-like	5
PAW76169.barcode36	PKS-like	1
PAW76169.barcode36	RiPP-like	4
PAW76169.barcode36	T1PKS	3
PAW76169.barcode36	T2PKS	3
PAW76169.barcode36	T3PKS	1
PAW76169.barcode36	betalactone	1
PAW76169.barcode36	butyrolactone	1
PAW76169.barcode36	ectoine	1
PAW76169.barcode36	hydrogen-cyanide	1
PAW76169.barcode36	indole	1
PAW76169.barcode36	lanthipeptide-class-i	2
PAW76169.barcode36	lanthipeptide-class-iv	1
PAW76169.barcode36	lassopeptide	1
PAW76169.barcode36	melanin	1
PAW76169.barcode36	other	1
PAW76169.barcode36	terpene	7
PAW76169.barcode36	terpene-precursor	2
PAW76169.barcode36	transAT-PKS-like	1
PAW76169.barcode37	NAPAA	2
PAW76169.barcode37	NI-siderophore	1
PAW76169.barcode37	NRP-metallophore	2
PAW76169.barcode37	NRPS	8
PAW76169.barcode37	NRPS-like	5
PAW76169.barcode37	RiPP-like	4
PAW76169.barcode37	T1PKS	5
PAW76169.barcode37	T2PKS	2
PAW76169.barcode37	T3PKS	2
PAW76169.barcode37	arylpolyene	1
PAW76169.barcode37	atropopeptide	1
PAW76169.barcode37	butyrolactone	1
PAW76169.barcode37	ectoine	1
PAW76169.barcode37	hydrogen-cyanide	1
PAW76169.barcode37	lanthipeptide-class-i	1
PAW76169.barcode37	lassopeptide	2
PAW76169.barcode37	polyhalogenated-pyrrole	1
PAW76169.barcode37	terpene	7
PAW76169.barcode37	terpene-precursor	3
PAW76169.barcode37	transAT-PKS	1
PAW76169.barcode38	NRP-metallophore	1
PAW76169.barcode38	NRPS	5
PAW76169.barcode38	PKS-like	1
PAW76169.barcode38	RiPP-like	1
PAW76169.barcode38	T3PKS	2
PAW76169.barcode38	betalactone	1
PAW76169.barcode38	lassopeptide	1
PAW76169.barcode38	other	1
PAW76169.barcode38	terpene	2
PAW76169.barcode38	terpene-precursor	2
PAW76169.barcode38	transAT-PKS	4
PAW76169.barcode39	NI-siderophore	1
PAW76169.barcode39	NRP-metallophore	1
PAW76169.barcode39	NRPS	4
PAW76169.barcode39	RiPP-like	3
PAW76169.barcode39	T1PKS	1
PAW76169.barcode39	azole-containing-RiPP	1
PAW76169.barcode39	betalactone	1
PAW76169.barcode39	lanthipeptide-class-i	1
PAW76169.barcode39	lanthipeptide-class-ii	1
PAW76169.barcode39	lassopeptide	1
PAW76169.barcode39	terpene	1
PAW76169.barcode39	terpene-precursor	1
PAW76169.barcode41	NAPAA	1
PAW76169.barcode41	NI-siderophore	2
PAW76169.barcode41	NRP-metallophore	1
PAW76169.barcode41	NRPS	5
PAW76169.barcode41	NRPS-like	1
PAW76169.barcode41	PKS-like	1
PAW76169.barcode41	RiPP-like	3
PAW76169.barcode41	T1PKS	3
PAW76169.barcode41	T2PKS	2
PAW76169.barcode41	T3PKS	2
PAW76169.barcode41	azole-containing-RiPP	1
PAW76169.barcode41	butyrolactone	2
PAW76169.barcode41	ectoine	1
PAW76169.barcode41	hydrogen-cyanide	1
PAW76169.barcode41	lanthipeptide-class-ii	1
PAW76169.barcode41	lanthipeptide-class-iv	2
PAW76169.barcode41	melanin	1
PAW76169.barcode41	other	1
PAW76169.barcode41	terpene	8
PAW76169.barcode41	terpene-precursor	1
PAW76169.barcode42	NI-siderophore	1
PAW76169.barcode42	NRPS	4
PAW76169.barcode42	NRPS-like	1
PAW76169.barcode42	RRE-containing	1
PAW76169.barcode42	T3PKS	1
PAW76169.barcode42	betalactone	2
PAW76169.barcode42	cyclic-lactone-autoinducer	1
PAW76169.barcode42	lanthipeptide-class-ii	1
PAW76169.barcode42	phosphonate	1
PAW76169.barcode42	terpene	2
PAW76169.barcode42	terpene-precursor	2
PAW76169.barcode44	NI-siderophore	1
PAW76169.barcode44	NRP-metallophore	2
PAW76169.barcode44	NRPS	7
PAW76169.barcode44	PUFA	1
PAW76169.barcode44	T1PKS	2
PAW76169.barcode44	arylpolyene	1
PAW76169.barcode44	azole-containing-RiPP	1
PAW76169.barcode44	betalactone	1
PAW76169.barcode44	butyrolactone	1
PAW76169.barcode44	hglE-KS	1
PAW76169.barcode44	hserlactone	1
PAW76169.barcode44	other	1
PAW76169.barcode44	prodigiosin	1
PAW76169.barcode44	terpene-precursor	1
PAW76169.barcode45	NI-siderophore	1
PAW76169.barcode45	NRP-metallophore	2
PAW76169.barcode45	NRPS	7
PAW76169.barcode45	PUFA	1
PAW76169.barcode45	T1PKS	2
PAW76169.barcode45	arylpolyene	1
PAW76169.barcode45	azole-containing-RiPP	1
PAW76169.barcode45	betalactone	1
PAW76169.barcode45	butyrolactone	1
PAW76169.barcode45	hglE-KS	1
PAW76169.barcode45	hserlactone	1
PAW76169.barcode45	other	1
PAW76169.barcode45	prodigiosin	1
PAW76169.barcode45	terpene-precursor	1
PAW76169.barcode47	NI-siderophore	1
PAW76169.barcode47	NRPS	2
PAW76169.barcode47	T3PKS	1
PAW76169.barcode47	azole-containing-RiPP	1
PAW76169.barcode47	betalactone	1
PAW76169.barcode47	cyclic-lactone-autoinducer	1
PAW76169.barcode47	lassopeptide	1
PAW76169.barcode47	terpene	2
PAW76169.barcode47	terpene-precursor	1
PAW76169.barcode48	NI-siderophore	1
PAW76169.barcode48	NRPS	7
PAW76169.barcode48	NRPS-like	2
PAW76169.barcode48	PKS-like	1
PAW76169.barcode48	RRE-containing	1
PAW76169.barcode48	T3PKS	1
PAW76169.barcode48	cyclic-lactone-autoinducer	4
PAW76169.barcode48	lanthipeptide-class-i	1
PAW76169.barcode48	lassopeptide	1
PAW76169.barcode48	phosphonate	1
PAW76169.barcode48	proteusin	1
PAW76169.barcode48	terpene-precursor	2
PAW76169.barcode48	transAT-PKS	4
PAW76169.barcode49	NAGGN	1
PAW76169.barcode49	NRP-metallophore	2
PAW76169.barcode49	NRPS	4
PAW76169.barcode49	NRPS-like	1
PAW76169.barcode49	RiPP-like	4
PAW76169.barcode49	arylpolyene	1
PAW76169.barcode49	betalactone	1
PAW76169.barcode49	ectoine	1
PAW76169.barcode49	hydrogen-cyanide	1
PAW76169.barcode49	lassopeptide	1
PAW76169.barcode49	redox-cofactor	1
PAW76169.barcode49	terpene-precursor	1
PAW76169.barcode50	NRP-metallophore	1
PAW76169.barcode50	NRPS	5
PAW76169.barcode50	PKS-like	1
PAW76169.barcode50	RiPP-like	1
PAW76169.barcode50	T3PKS	2
PAW76169.barcode50	betalactone	1
PAW76169.barcode50	lanthipeptide-class-ii	1
PAW76169.barcode50	other	1
PAW76169.barcode50	terpene	2
PAW76169.barcode50	terpene-precursor	2
PAW76169.barcode50	transAT-PKS	5
PAW76169.barcode51	NI-siderophore	1
PAW76169.barcode51	NRP-metallophore	2
PAW76169.barcode51	NRPS	7
PAW76169.barcode51	PUFA	1
PAW76169.barcode51	T1PKS	2
PAW76169.barcode51	arylpolyene	1
PAW76169.barcode51	azole-containing-RiPP	1
PAW76169.barcode51	betalactone	1
PAW76169.barcode51	hglE-KS	1
PAW76169.barcode51	hserlactone	1
PAW76169.barcode51	other	1
PAW76169.barcode51	prodigiosin	1
PAW76169.barcode51	terpene	1
PAW76169.barcode51	terpene-precursor	1
PAW76169.barcode52	NAGGN	1
PAW76169.barcode52	NRP-metallophore	2
PAW76169.barcode52	NRPS	4
PAW76169.barcode52	NRPS-like	1
PAW76169.barcode52	RiPP-like	4
PAW76169.barcode52	arylpolyene	1
PAW76169.barcode52	betalactone	1
PAW76169.barcode52	hydrogen-cyanide	2
PAW76169.barcode52	redox-cofactor	1
PAW76169.barcode52	terpene-precursor	1
PAW76169.barcode53	NI-siderophore	1
PAW76169.barcode53	NRP-metallophore	1
PAW76169.barcode53	NRPS	1
PAW76169.barcode53	RiPP-like	3
PAW76169.barcode53	azole-containing-RiPP	1
PAW76169.barcode53	betalactone	1
PAW76169.barcode53	lassopeptide	1
PAW76169.barcode53	terpene	1
PAW76169.barcode53	terpene-precursor	1
PAW76169.barcode54	NI-siderophore	1
PAW76169.barcode54	NRPS	1
PAW76169.barcode54	T3PKS	1
PAW76169.barcode54	azole-containing-RiPP	1
PAW76169.barcode54	betalactone	1
PAW76169.barcode54	lassopeptide	1
PAW76169.barcode54	terpene	2
PAW76169.barcode54	terpene-precursor	1
PAW76169.barcode55	NI-siderophore	1
PAW76169.barcode55	NRP-metallophore	1
PAW76169.barcode55	NRPS	3
PAW76169.barcode55	RiPP-like	2
PAW76169.barcode55	T1PKS	1
PAW76169.barcode55	azole-containing-RiPP	1
PAW76169.barcode55	betalactone	1
PAW76169.barcode55	terpene	1
PAW76169.barcode55	terpene-precursor	1
PAW76169.barcode56	NI-siderophore	1
PAW76169.barcode56	NRPS	4
PAW76169.barcode56	NRPS-like	1
PAW76169.barcode56	RRE-containing	1
PAW76169.barcode56	T3PKS	1
PAW76169.barcode56	betalactone	1
PAW76169.barcode56	cyclic-lactone-autoinducer	1
PAW76169.barcode56	lanthipeptide-class-ii	1
PAW76169.barcode56	phosphonate	1
PAW76169.barcode56	terpene	2
PAW76169.barcode56	terpene-precursor	2
PAW76169.barcode57	NI-siderophore	1
PAW76169.barcode57	NRPS	4
PAW76169.barcode57	T2PKS	1
PAW76169.barcode57	T3PKS	1
PAW76169.barcode57	azole-containing-RiPP	1
PAW76169.barcode57	betalactone	1
PAW76169.barcode57	cyclic-lactone-autoinducer	1
PAW76169.barcode57	terpene	3
PAW76169.barcode57	terpene-precursor	1
PAW76169.barcode58	T3PKS	1
PAW76169.barcode58	terpene	2
PAW76169.barcode58	terpene-precursor	3
PAW76169.barcode59	NAPAA	1
PAW76169.barcode59	NI-siderophore	2
PAW76169.barcode59	NRPS	8
PAW76169.barcode59	NRPS-like	6
PAW76169.barcode59	PKS-like	1
PAW76169.barcode59	RRE-containing	1
PAW76169.barcode59	RiPP-like	3
PAW76169.barcode59	T1PKS	4
PAW76169.barcode59	T2PKS	2
PAW76169.barcode59	T3PKS	2
PAW76169.barcode59	amglyccycl	1
PAW76169.barcode59	arylpolyene	1
PAW76169.barcode59	azole-containing-RiPP	2
PAW76169.barcode59	betalactone	1
PAW76169.barcode59	butyrolactone	1
PAW76169.barcode59	guanidinotides	1
PAW76169.barcode59	hglE-KS	1
PAW76169.barcode59	hydrogen-cyanide	1
PAW76169.barcode59	lanthipeptide-class-i	1
PAW76169.barcode59	lanthipeptide-class-ii	2
PAW76169.barcode59	lanthipeptide-class-iv	3
PAW76169.barcode59	other	1
PAW76169.barcode59	terpene	9
PAW76169.barcode59	terpene-precursor	4
PAW76169.barcode59	transAT-PKS	2
PAW76169.barcode60	CDPS	1
PAW76169.barcode60	NAPAA	1
PAW76169.barcode60	NI-siderophore	3
PAW76169.barcode60	NRPS	9
PAW76169.barcode60	NRPS-like	5
PAW76169.barcode60	PKS-like	1
PAW76169.barcode60	RiPP-like	3
PAW76169.barcode60	T1PKS	3
PAW76169.barcode60	T2PKS	2
PAW76169.barcode60	T3PKS	2
PAW76169.barcode60	azoxy-crosslink	1
PAW76169.barcode60	betalactone	1
PAW76169.barcode60	butyrolactone	4
PAW76169.barcode60	deazapurine	2
PAW76169.barcode60	ectoine	1
PAW76169.barcode60	hglE-KS	1
PAW76169.barcode60	hydrogen-cyanide	1
PAW76169.barcode60	lanthipeptide-class-i	2
PAW76169.barcode60	lanthipeptide-class-iii	2
PAW76169.barcode60	lassopeptide	1
PAW76169.barcode60	melanin	1
PAW76169.barcode60	other	1
PAW76169.barcode60	terpene	7
PAW76169.barcode60	terpene-precursor	1
PAW76169.barcode60	triceptide	1
PAW76169.barcode61	NAGGN	1
PAW76169.barcode61	NRP-metallophore	1
PAW76169.barcode61	NRPS	2
PAW76169.barcode61	RiPP-like	2
PAW76169.barcode61	arylpolyene	1
PAW76169.barcode61	betalactone	1
PAW76169.barcode61	hserlactone	1
PAW76169.barcode61	ranthipeptide	1
PAW76169.barcode61	redox-cofactor	2
PAW76169.barcode61	terpene-precursor	2
PAW76169.barcode62	HR-T2PKS	1
PAW76169.barcode62	NI-siderophore	1
PAW76169.barcode62	NRP-metallophore	2
PAW76169.barcode62	NRPS	4
PAW76169.barcode62	arylpolyene	1
PAW76169.barcode62	azole-containing-RiPP	1
PAW76169.barcode62	betalactone	1
PAW76169.barcode62	hserlactone	2
PAW76169.barcode62	terpene-precursor	1
PAW76169.barcode63	NAPAA	2
PAW76169.barcode63	NI-siderophore	4
PAW76169.barcode63	NRP-metallophore	2
PAW76169.barcode63	NRPS	5
PAW76169.barcode63	NRPS-like	3
PAW76169.barcode63	PKS-like	1
PAW76169.barcode63	RiPP-like	3
PAW76169.barcode63	T1PKS	10
PAW76169.barcode63	T2PKS	1
PAW76169.barcode63	T3PKS	2
PAW76169.barcode63	ectoine	1
PAW76169.barcode63	hglE-KS	1
PAW76169.barcode63	hydrogen-cyanide	1
PAW76169.barcode63	lanthipeptide-class-iii	1
PAW76169.barcode63	lassopeptide	1
PAW76169.barcode63	melanin	2
PAW76169.barcode63	nucleoside	1
PAW76169.barcode63	oligosaccharide	1
PAW76169.barcode63	phenazine	1
PAW76169.barcode63	phosphoglycolipid	1
PAW76169.barcode63	redox-cofactor	1
PAW76169.barcode63	terpene	10
PAW76169.barcode63	terpene-precursor	2
PAW76169.barcode64	NAPAA	2
PAW76169.barcode64	NI-siderophore	3
PAW76169.barcode64	NRP-metallophore	1
PAW76169.barcode64	NRPS	7
PAW76169.barcode64	NRPS-like	4
PAW76169.barcode64	PKS-like	1
PAW76169.barcode64	RRE-containing	1
PAW76169.barcode64	RiPP-like	3
PAW76169.barcode64	T1PKS	5
PAW76169.barcode64	T2PKS	1
PAW76169.barcode64	T3PKS	3
PAW76169.barcode64	azole-containing-RiPP	1
PAW76169.barcode64	betalactone	1
PAW76169.barcode64	butyrolactone	2
PAW76169.barcode64	ectoine	1
PAW76169.barcode64	hglE-KS	1
PAW76169.barcode64	hydrogen-cyanide	1
PAW76169.barcode64	lanthipeptide-class-iii	1
PAW76169.barcode64	lanthipeptide-class-iv	1
PAW76169.barcode64	lassopeptide	1
PAW76169.barcode64	melanin	1
PAW76169.barcode64	nucleoside	1
PAW76169.barcode64	other	1
PAW76169.barcode64	polyhalogenated-pyrrole	1
PAW76169.barcode64	redox-cofactor	1
PAW76169.barcode64	terpene	7
PAW76169.barcode64	terpene-precursor	2
PAW76169.barcode64	triceptide	1
PAW76169.barcode65	NAGGN	1
PAW76169.barcode65	NAPAA	1
PAW76169.barcode65	NRP-metallophore	1
PAW76169.barcode65	NRPS	2
PAW76169.barcode65	NRPS-like	1
PAW76169.barcode65	RRE-containing	1
PAW76169.barcode65	RiPP-like	3
PAW76169.barcode65	T3PKS	2
PAW76169.barcode65	arylpolyene	1
PAW76169.barcode65	betalactone	2
PAW76169.barcode65	hserlactone	1
PAW76169.barcode65	ranthipeptide	1
PAW76169.barcode65	redox-cofactor	1
PAW76169.barcode65	terpene	1
PAW76169.barcode65	terpene-precursor	2
PAW76169.barcode66	NAPAA	1
PAW76169.barcode66	NI-siderophore	2
PAW76169.barcode66	NRP-metallophore	1
PAW76169.barcode66	NRPS	5
PAW76169.barcode66	NRPS-like	1
PAW76169.barcode66	PKS-like	1
PAW76169.barcode66	RiPP-like	3
PAW76169.barcode66	T1PKS	3
PAW76169.barcode66	T2PKS	2
PAW76169.barcode66	T3PKS	2
PAW76169.barcode66	butyrolactone	2
PAW76169.barcode66	ectoine	1
PAW76169.barcode66	hydrogen-cyanide	1
PAW76169.barcode66	indole	1
PAW76169.barcode66	lanthipeptide-class-ii	1
PAW76169.barcode66	lanthipeptide-class-iv	2
PAW76169.barcode66	melanin	1
PAW76169.barcode66	other	1
PAW76169.barcode66	terpene	8
PAW76169.barcode66	terpene-precursor	1
PAW76169.barcode67	CDPS	1
PAW76169.barcode67	HR-T2PKS	1
PAW76169.barcode67	NRP-metallophore	1
PAW76169.barcode67	NRPS	5
PAW76169.barcode67	PKS-like	1
PAW76169.barcode67	T3PKS	2
PAW76169.barcode67	betalactone	1
PAW76169.barcode67	other	1
PAW76169.barcode67	sactipeptide	1
PAW76169.barcode67	terpene	2
PAW76169.barcode67	terpene-precursor	2
PAW76169.barcode67	transAT-PKS	1
PAW76169.barcode68	NAGGN	1
PAW76169.barcode68	NRP-metallophore	1
PAW76169.barcode68	NRPS	1
PAW76169.barcode68	RiPP-like	1
PAW76169.barcode68	azole-containing-RiPP	1
PAW76169.barcode68	betalactone	1
PAW76169.barcode68	ectoine	1
PAW76169.barcode68	hserlactone	1
PAW76169.barcode68	hydrogen-cyanide	1
PAW76169.barcode68	hydroxytropolone	1
PAW76169.barcode68	ranthipeptide	1
PAW76169.barcode68	redox-cofactor	1
PAW76169.barcode68	terpene-precursor	1
PAW76169.barcode68	transAT-PKS	1
PAW76169.barcode69	CDPS	1
PAW76169.barcode69	NI-siderophore	2
PAW76169.barcode69	NRPS	5
PAW76169.barcode69	NRPS-like	6
PAW76169.barcode69	PKS-like	1
PAW76169.barcode69	RiPP-like	2
PAW76169.barcode69	T1PKS	2
PAW76169.barcode69	T2PKS	1
PAW76169.barcode69	T3PKS	2
PAW76169.barcode69	azole-containing-RiPP	1
PAW76169.barcode69	betalactone	2
PAW76169.barcode69	butyrolactone	2
PAW76169.barcode69	deazapurine	1
PAW76169.barcode69	ectoine	3
PAW76169.barcode69	hydrogen-cyanide	1
PAW76169.barcode69	lanthipeptide-class-ii	1
PAW76169.barcode69	lanthipeptide-class-iii	1
PAW76169.barcode69	lanthipeptide-class-iv	3
PAW76169.barcode69	melanin	2
PAW76169.barcode69	phenazine	1
PAW76169.barcode69	terpene	5
PAW76169.barcode69	terpene-precursor	3
PAW76169.barcode70	NI-siderophore	1
PAW76169.barcode70	NRP-metallophore	1
PAW76169.barcode70	NRPS	1
PAW76169.barcode70	NRPS-like	1
PAW76169.barcode70	RiPP-like	2
PAW76169.barcode70	azole-containing-RiPP	1
PAW76169.barcode70	betalactone	2
PAW76169.barcode70	lassopeptide	1
PAW76169.barcode70	terpene	1
PAW76169.barcode70	terpene-precursor	1
PAW76169.barcode71	NI-siderophore	2
PAW76169.barcode71	NRPS	9
PAW76169.barcode71	NRPS-like	5
PAW76169.barcode71	PKS-like	1
PAW76169.barcode71	RRE-containing	1
PAW76169.barcode71	RiPP-like	2
PAW76169.barcode71	T1PKS	4
PAW76169.barcode71	T3PKS	1
PAW76169.barcode71	arylpolyene	1
PAW76169.barcode71	azole-containing-RiPP	2
PAW76169.barcode71	ectoine	1
PAW76169.barcode71	lanthipeptide-class-ii	1
PAW76169.barcode71	lanthipeptide-class-iii	1
PAW76169.barcode71	terpene	4
PAW76169.barcode71	terpene-precursor	2
PAW76169.barcode71	transAT-PKS	1
PAW76169.barcode72	NAPAA	1
PAW76169.barcode72	NI-siderophore	2
PAW76169.barcode72	NRP-metallophore	1
PAW76169.barcode72	NRPS	13
PAW76169.barcode72	NRPS-like	8
PAW76169.barcode72	PKS-like	1
PAW76169.barcode72	RRE-containing	1
PAW76169.barcode72	RiPP-like	5
PAW76169.barcode72	T1PKS	5
PAW76169.barcode72	T2PKS	2
PAW76169.barcode72	T3PKS	5
PAW76169.barcode72	atropopeptide	1
PAW76169.barcode72	butyrolactone	2
PAW76169.barcode72	crocagin	1
PAW76169.barcode72	deazapurine	1
PAW76169.barcode72	ectoine	1
PAW76169.barcode72	guanidinotides	1
PAW76169.barcode72	hglE-KS	1
PAW76169.barcode72	hydrogen-cyanide	1
PAW76169.barcode72	lanthipeptide-class-i	1
PAW76169.barcode72	lanthipeptide-class-ii	1
PAW76169.barcode72	lanthipeptide-class-iii	1
PAW76169.barcode72	lanthipeptide-class-iv	1
PAW76169.barcode72	melanin	1
PAW76169.barcode72	other	1
PAW76169.barcode72	phenazine	1
PAW76169.barcode72	prodigiosin	1
PAW76169.barcode72	redox-cofactor	1
PAW76169.barcode72	terpene	9
PAW76169.barcode72	terpene-precursor	5
PAW76169.barcode72	transAT-PKS	1
PAW76169.barcode72	transAT-PKS-like	1
PAW76169.barcode73	CDPS	2
PAW76169.barcode73	HR-T2PKS	1
PAW76169.barcode73	NAPAA	1
PAW76169.barcode73	NI-siderophore	3
PAW76169.barcode73	NRPS	3
PAW76169.barcode73	NRPS-like	3
PAW76169.barcode73	PKS-like	2
PAW76169.barcode73	RiPP-like	2
PAW76169.barcode73	T1PKS	3
PAW76169.barcode73	T2PKS	3
PAW76169.barcode73	T3PKS	1
PAW76169.barcode73	amglyccycl	1
PAW76169.barcode73	azole-containing-RiPP	2
PAW76169.barcode73	blactam	1
PAW76169.barcode73	butyrolactone	2
PAW76169.barcode73	hglE-KS	1
PAW76169.barcode73	hydrogen-cyanide	1
PAW76169.barcode73	indole	1
PAW76169.barcode73	lanthipeptide-class-iii	1
PAW76169.barcode73	melanin	1
PAW76169.barcode73	other	1
PAW76169.barcode73	terpene	6
PAW76169.barcode73	terpene-precursor	2
PAW76169.barcode73	triceptide	1
PAW76169.barcode74	NRP-metallophore	1
PAW76169.barcode74	NRPS	12
PAW76169.barcode74	NRPS-like	2
PAW76169.barcode74	RRE-containing	2
PAW76169.barcode74	T1PKS	1
PAW76169.barcode74	betalactone	1
PAW76169.barcode74	cyclic-lactone-autoinducer	3
PAW76169.barcode74	darobactin	1
PAW76169.barcode74	lanthipeptide-class-i	1
PAW76169.barcode74	lassopeptide	1
PAW76169.barcode74	proteusin	1
PAW76169.barcode74	terpene-precursor	2
PAW76169.barcode74	transAT-PKS	3
PAW76169.barcode75	NAPAA	2
PAW76169.barcode75	NI-siderophore	3
PAW76169.barcode75	NRP-metallophore	1
PAW76169.barcode75	NRPS	8
PAW76169.barcode75	NRPS-like	2
PAW76169.barcode75	RiPP-like	4
PAW76169.barcode75	T1PKS	1
PAW76169.barcode75	T2PKS	1
PAW76169.barcode75	T3PKS	1
PAW76169.barcode75	azole-containing-RiPP	1
PAW76169.barcode75	azoxy-crosslink	1
PAW76169.barcode75	betalactone	2
PAW76169.barcode75	blactam	1
PAW76169.barcode75	butyrolactone	1
PAW76169.barcode75	ectoine	1
PAW76169.barcode75	hydrogen-cyanide	1
PAW76169.barcode75	lanthipeptide-class-ii	1
PAW76169.barcode75	lanthipeptide-class-iii	1
PAW76169.barcode75	melanin	2
PAW76169.barcode75	nucleoside	1
PAW76169.barcode75	other	1
PAW76169.barcode75	redox-cofactor	1
PAW76169.barcode75	terpene	5
PAW76169.barcode75	terpene-precursor	2
PAW76169.barcode75	triceptide	1
PAW76169.barcode76	terpene-precursor	1
PAW76169.barcode77	CDPS	1
PAW76169.barcode77	HR-T2PKS	1
PAW76169.barcode77	NAPAA	1
PAW76169.barcode77	NI-siderophore	1
PAW76169.barcode77	NRP-metallophore	1
PAW76169.barcode77	NRPS	8
PAW76169.barcode77	NRPS-like	3
PAW76169.barcode77	PKS-like	1
PAW76169.barcode77	RRE-containing	1
PAW76169.barcode77	RiPP-like	3
PAW76169.barcode77	T2PKS	1
PAW76169.barcode77	T3PKS	2
PAW76169.barcode77	atropopeptide	1
PAW76169.barcode77	azole-containing-RiPP	2
PAW76169.barcode77	betalactone	1
PAW76169.barcode77	butyrolactone	2
PAW76169.barcode77	ectoine	2
PAW76169.barcode77	furan	1
PAW76169.barcode77	hydrogen-cyanide	1
PAW76169.barcode77	indole	1
PAW76169.barcode77	lanthipeptide-class-i	1
PAW76169.barcode77	lanthipeptide-class-ii	1
PAW76169.barcode77	lanthipeptide-class-iii	1
PAW76169.barcode77	melanin	2
PAW76169.barcode77	nucleoside	1
PAW76169.barcode77	oligosaccharide	1
PAW76169.barcode77	other	1
PAW76169.barcode77	phenazine	1
PAW76169.barcode77	phosphonate	2
PAW76169.barcode77	terpene	6
PAW76169.barcode77	terpene-precursor	3
PAW76169.barcode77	thioamide-NRP	1
PAW76169.barcode78	terpene-precursor	1
PAW76169.barcode79	NI-siderophore	1
PAW76169.barcode79	NRP-metallophore	1
PAW76169.barcode79	NRPS	4
PAW76169.barcode79	RiPP-like	2
PAW76169.barcode79	T1PKS	1
PAW76169.barcode79	azole-containing-RiPP	1
PAW76169.barcode79	betalactone	1
PAW76169.barcode79	lanthipeptide-class-ii	1
PAW76169.barcode79	lassopeptide	1
PAW76169.barcode79	terpene	1
PAW76169.barcode79	terpene-precursor	1
PAW76169.barcode80	NAPAA	2
PAW76169.barcode80	NI-siderophore	1
PAW76169.barcode80	NRP-metallophore	1
PAW76169.barcode80	NRPS	15
PAW76169.barcode80	NRPS-like	6
PAW76169.barcode80	RiPP-like	4
PAW76169.barcode80	T1PKS	5
PAW76169.barcode80	T2PKS	2
PAW76169.barcode80	T3PKS	2
PAW76169.barcode80	arylpolyene	1
PAW76169.barcode80	atropopeptide	1
PAW76169.barcode80	butyrolactone	1
PAW76169.barcode80	ectoine	1
PAW76169.barcode80	hydrogen-cyanide	1
PAW76169.barcode80	lanthipeptide-class-i	1
PAW76169.barcode80	terpene	4
PAW76169.barcode80	terpene-precursor	4
PAW76169.barcode80	transAT-PKS-like	1
PAW76169.barcode81	CDPS	1
PAW76169.barcode81	NAPAA	2
PAW76169.barcode81	NI-siderophore	2
PAW76169.barcode81	NRPS	8
PAW76169.barcode81	NRPS-like	1
PAW76169.barcode81	PKS-like	3
PAW76169.barcode81	RRE-containing	1
PAW76169.barcode81	RiPP-like	4
PAW76169.barcode81	T1PKS	2
PAW76169.barcode81	T2PKS	1
PAW76169.barcode81	T3PKS	3
PAW76169.barcode81	aminocoumarin	1
PAW76169.barcode81	arylpolyene	1
PAW76169.barcode81	azole-containing-RiPP	1
PAW76169.barcode81	butyrolactone	2
PAW76169.barcode81	crocagin	1
PAW76169.barcode81	ectoine	1
PAW76169.barcode81	furan	1
PAW76169.barcode81	hglE-KS	1
PAW76169.barcode81	hydrogen-cyanide	1
PAW76169.barcode81	lanthipeptide-class-ii	1
PAW76169.barcode81	lanthipeptide-class-iii	2
PAW76169.barcode81	melanin	2
PAW76169.barcode81	oligosaccharide	2
PAW76169.barcode81	other	2
PAW76169.barcode81	terpene	9
PAW76169.barcode81	terpene-precursor	4
PAW76169.barcode82	HR-T2PKS	1
PAW76169.barcode82	NAPAA	1
PAW76169.barcode82	NI-siderophore	1
PAW76169.barcode82	NRP-metallophore	2
PAW76169.barcode82	NRPS	8
PAW76169.barcode82	NRPS-like	3
PAW76169.barcode82	RiPP-like	6
PAW76169.barcode82	T1PKS	5
PAW76169.barcode82	T2PKS	3
PAW76169.barcode82	T3PKS	1
PAW76169.barcode82	atropopeptide	1
PAW76169.barcode82	azole-containing-RiPP	1
PAW76169.barcode82	butyrolactone	1
PAW76169.barcode82	ectoine	1
PAW76169.barcode82	hglE-KS	1
PAW76169.barcode82	hydrogen-cyanide	1
PAW76169.barcode82	lanthipeptide-class-i	1
PAW76169.barcode82	lanthipeptide-class-ii	1
PAW76169.barcode82	terpene	6
PAW76169.barcode82	terpene-precursor	2
PAW76169.barcode82	transAT-PKS	1
PAW76169.barcode83	NRP-metallophore	1
PAW76169.barcode83	NRPS	3
PAW76169.barcode83	T1PKS	2
PAW76169.barcode83	arylpolyene	2
PAW76169.barcode83	hydrogen-cyanide	1
PAW76169.barcode83	resorcinol	2
PAW76169.barcode83	terpene	1
PAW76169.barcode83	terpene-precursor	1
PAW76169.barcode84	NRPS	1
PAW76169.barcode84	RiPP-like	2
PAW76169.barcode84	T1PKS	1
PAW76169.barcode84	arylpolyene	2
PAW76169.barcode84	lanthipeptide-class-iii	1
PAW76169.barcode84	terpene-precursor	1
PAW76169.barcode86	NAPAA	2
PAW76169.barcode86	NRPS-like	1
PAW76169.barcode86	RRE-containing	1
PAW76169.barcode86	T3PKS	1
PAW76169.barcode86	betalactone	1
PAW76169.barcode86	terpene	1
PAW76169.barcode86	terpene-precursor	1
PAW76169.barcode88	NRPS	10
PAW76169.barcode88	PKS-like	1
PAW76169.barcode88	RRE-containing	1
PAW76169.barcode88	RiPP-like	1
PAW76169.barcode88	T3PKS	2
PAW76169.barcode88	azole-containing-RiPP	1
PAW76169.barcode88	betalactone	1
PAW76169.barcode88	other	1
PAW76169.barcode88	phosphonate	1
PAW76169.barcode88	terpene	2
PAW76169.barcode88	terpene-precursor	2
PAW76169.barcode88	transAT-PKS	1
PAW76169.barcode88	transAT-PKS-like	12
PAW76169.barcode89	NI-siderophore	1
PAW76169.barcode89	NRPS	2
PAW76169.barcode89	T3PKS	1
PAW76169.barcode89	azole-containing-RiPP	1
PAW76169.barcode89	betalactone	1
PAW76169.barcode89	cyclic-lactone-autoinducer	1
PAW76169.barcode89	glycocin	1
PAW76169.barcode89	lassopeptide	1
PAW76169.barcode89	terpene	2
PAW76169.barcode89	terpene-precursor	1
PAW76169.barcode90	NRP-metallophore	1
PAW76169.barcode90	NRPS	5
PAW76169.barcode90	PKS-like	1
PAW76169.barcode90	RRE-containing	1
PAW76169.barcode90	RiPP-like	1
PAW76169.barcode90	T3PKS	2
PAW76169.barcode90	azole-containing-RiPP	1
PAW76169.barcode90	betalactone	1
PAW76169.barcode90	other	1
PAW76169.barcode90	terpene	2
PAW76169.barcode90	terpene-precursor	2
PAW76169.barcode90	transAT-PKS	4
PAW76169.barcode91	NI-siderophore	1
PAW76169.barcode91	NRPS	2
PAW76169.barcode91	T3PKS	1
PAW76169.barcode91	azole-containing-RiPP	1
PAW76169.barcode91	betalactone	1
PAW76169.barcode91	cyclic-lactone-autoinducer	1
PAW76169.barcode91	lassopeptide	1
PAW76169.barcode91	terpene	2
PAW76169.barcode91	terpene-precursor	1
PAW76169.barcode92	NAPAA	1
PAW76169.barcode92	NI-siderophore	1
PAW76169.barcode92	NRPS-like	1
PAW76169.barcode92	T3PKS	1
PAW76169.barcode92	betalactone	1
PAW76169.barcode92	terpene-precursor	1
PAW76169.barcode93	NI-siderophore	2
PAW76169.barcode93	NRPS	6
PAW76169.barcode93	NRPS-like	2
PAW76169.barcode93	PKS-like	1
PAW76169.barcode93	RiPP-like	5
PAW76169.barcode93	T1PKS	3
PAW76169.barcode93	T2PKS	2
PAW76169.barcode93	T3PKS	1
PAW76169.barcode93	blactam	2
PAW76169.barcode93	butyrolactone	2
PAW76169.barcode93	ectoine	2
PAW76169.barcode93	lanthipeptide-class-ii	1
PAW76169.barcode93	lanthipeptide-class-iii	1
PAW76169.barcode93	melanin	1
PAW76169.barcode93	terpene	7
PAW76169.barcode93	terpene-precursor	3
PAW76169.barcode94	NAGGN	1
PAW76169.barcode94	NRP-metallophore	1
PAW76169.barcode94	NRPS	1
PAW76169.barcode94	NRPS-like	1
PAW76169.barcode94	RiPP-like	3
PAW76169.barcode94	arylpolyene	1
PAW76169.barcode94	betalactone	1
PAW76169.barcode94	hydrogen-cyanide	2
PAW76169.barcode94	redox-cofactor	1
PAW76169.barcode94	terpene-precursor	1
PAW76169.barcode95	NAGGN	1
PAW76169.barcode95	NRP-metallophore	1
PAW76169.barcode95	NRPS	3
PAW76169.barcode95	NRPS-like	1
PAW76169.barcode95	RiPP-like	2
PAW76169.barcode95	arylpolyene	1
PAW76169.barcode95	betalactone	2
PAW76169.barcode95	hydrogen-cyanide	1
PAW76169.barcode95	ranthipeptide	1
PAW76169.barcode95	redox-cofactor	2
PAW76169.barcode95	terpene-precursor	1
PAW76169.barcode96	NAGGN	1
PAW76169.barcode96	NI-siderophore	1
PAW76169.barcode96	NRP-metallophore	1
PAW76169.barcode96	NRPS	2
PAW76169.barcode96	NRPS-like	1
PAW76169.barcode96	RiPP-like	3
PAW76169.barcode96	arylpolyene	1
PAW76169.barcode96	betalactone	1
PAW76169.barcode96	hydrogen-cyanide	1
PAW76169.barcode96	ranthipeptide	1
PAW76169.barcode96	redox-cofactor	2
PAW76169.barcode96	terpene-precursor	1
PAY08219.barcode01	NI-siderophore	1
PAY08219.barcode01	NRP-metallophore	2
PAY08219.barcode01	NRPS	4
PAY08219.barcode01	RRE-containing	1
PAY08219.barcode01	T1PKS	1
PAY08219.barcode01	arylpolyene	1
PAY08219.barcode01	azole-containing-RiPP	2
PAY08219.barcode01	betalactone	1
PAY08219.barcode01	hserlactone	1
PAY08219.barcode01	prodigiosin	1
PAY08219.barcode01	terpene-precursor	1
PAY08219.barcode02	CDPS	1
PAY08219.barcode02	NI-siderophore	1
PAY08219.barcode02	NRP-metallophore	1
PAY08219.barcode02	NRPS	4
PAY08219.barcode02	RiPP-like	1
PAY08219.barcode02	T3PKS	1
PAY08219.barcode02	azole-containing-RiPP	1
PAY08219.barcode02	betalactone	1
PAY08219.barcode02	cyclic-lactone-autoinducer	1
PAY08219.barcode02	lanthipeptide-class-ii	1
PAY08219.barcode02	lassopeptide	1
PAY08219.barcode02	terpene	1
PAY08219.barcode02	terpene-precursor	2
PAY08219.barcode03	NI-siderophore	1
PAY08219.barcode03	NRP-metallophore	1
PAY08219.barcode03	NRPS	3
PAY08219.barcode03	RiPP-like	3
PAY08219.barcode03	T3PKS	1
PAY08219.barcode03	azole-containing-RiPP	1
PAY08219.barcode03	betalactone	1
PAY08219.barcode03	cyclic-lactone-autoinducer	1
PAY08219.barcode03	lassopeptide	2
PAY08219.barcode03	terpene	2
PAY08219.barcode03	terpene-precursor	2
PAY08219.barcode04	NI-siderophore	1
PAY08219.barcode04	NRP-metallophore	1
PAY08219.barcode04	NRPS	3
PAY08219.barcode04	NRPS-like	1
PAY08219.barcode04	RiPP-like	2
PAY08219.barcode04	azole-containing-RiPP	1
PAY08219.barcode04	betalactone	1
PAY08219.barcode04	lassopeptide	1
PAY08219.barcode04	terpene	1
PAY08219.barcode04	terpene-precursor	1
PAY08219.barcode05	NI-siderophore	1
PAY08219.barcode05	T3PKS	1
PAY08219.barcode05	cyclic-lactone-autoinducer	1
PAY08219.barcode05	terpene	1
PAY08219.barcode05	terpene-precursor	1
PAY08219.barcode06	NI-siderophore	1
PAY08219.barcode06	NRP-metallophore	1
PAY08219.barcode06	NRPS	3
PAY08219.barcode06	NRPS-like	1
PAY08219.barcode06	RiPP-like	2
PAY08219.barcode06	azole-containing-RiPP	1
PAY08219.barcode06	betalactone	1
PAY08219.barcode06	lanthipeptide-class-i	1
PAY08219.barcode06	lassopeptide	1
PAY08219.barcode06	terpene	1
PAY08219.barcode06	terpene-precursor	1
PAY08219.barcode07	NI-siderophore	1
PAY08219.barcode07	NRPS	6
PAY08219.barcode07	NRPS-like	3
PAY08219.barcode07	RiPP-like	1
PAY08219.barcode07	T1PKS	1
PAY08219.barcode07	T3PKS	2
PAY08219.barcode07	cyclic-lactone-autoinducer	1
PAY08219.barcode07	lanthipeptide-class-ii	1
PAY08219.barcode07	lassopeptide	1
PAY08219.barcode07	opine-like-metallophore	1
PAY08219.barcode07	proteusin	1
PAY08219.barcode07	terpene	1
PAY08219.barcode07	terpene-precursor	2
PAY08219.barcode07	transAT-PKS	4
PAY08219.barcode07	triceptide	1
PAY08219.barcode08	NI-siderophore	1
PAY08219.barcode08	T3PKS	1
PAY08219.barcode08	cyclic-lactone-autoinducer	1
PAY08219.barcode08	terpene	1
PAY08219.barcode08	terpene-precursor	1
PAY08219.barcode09	NI-siderophore	1
PAY08219.barcode09	NRP-metallophore	1
PAY08219.barcode09	NRPS	2
PAY08219.barcode09	NRPS-like	1
PAY08219.barcode09	RiPP-like	4
PAY08219.barcode09	azole-containing-RiPP	1
PAY08219.barcode09	betalactone	1
PAY08219.barcode09	lassopeptide	1
PAY08219.barcode09	terpene	1
PAY08219.barcode09	terpene-precursor	1
PAY08219.barcode10	NI-siderophore	1
PAY08219.barcode10	NRP-metallophore	1
PAY08219.barcode10	NRPS	3
PAY08219.barcode10	NRPS-like	1
PAY08219.barcode10	RiPP-like	3
PAY08219.barcode10	azole-containing-RiPP	1
PAY08219.barcode10	betalactone	1
PAY08219.barcode10	lassopeptide	1
PAY08219.barcode10	terpene	1
PAY08219.barcode10	terpene-precursor	1
PAY08219.barcode11	NI-siderophore	1
PAY08219.barcode11	NRP-metallophore	1
PAY08219.barcode11	NRPS	3
PAY08219.barcode11	NRPS-like	1
PAY08219.barcode11	RiPP-like	2
PAY08219.barcode11	azole-containing-RiPP	1
PAY08219.barcode11	betalactone	1
PAY08219.barcode11	lassopeptide	1
PAY08219.barcode11	terpene	1
PAY08219.barcode11	terpene-precursor	1
PAY08219.barcode12	NI-siderophore	1
PAY08219.barcode12	NRP-metallophore	2
PAY08219.barcode12	NRPS	4
PAY08219.barcode12	RRE-containing	1
PAY08219.barcode12	T1PKS	1
PAY08219.barcode12	arylpolyene	1
PAY08219.barcode12	azole-containing-RiPP	2
PAY08219.barcode12	betalactone	1
PAY08219.barcode12	hserlactone	1
PAY08219.barcode12	prodigiosin	1
PAY08219.barcode12	terpene-precursor	1
PAY08219.barcode13	NAGGN	1
PAY08219.barcode13	NI-siderophore	1
PAY08219.barcode13	RiPP-like	3
PAY08219.barcode13	T3PKS	1
PAY08219.barcode13	arylpolyene	2
PAY08219.barcode13	azole-containing-RiPP	1
PAY08219.barcode13	betalactone	2
PAY08219.barcode13	resorcinol	1
PAY08219.barcode13	terpene	2
PAY08219.barcode13	terpene-precursor	2
PAY08219.barcode14	CDPS	1
PAY08219.barcode14	NAGGN	1
PAY08219.barcode14	NRPS	2
PAY08219.barcode14	RiPP-like	2
PAY08219.barcode14	arylpolyene	2
PAY08219.barcode14	redox-cofactor	1
PAY08219.barcode14	resorcinol	1
PAY08219.barcode14	terpene-precursor	1
PAY08219.barcode15	NI-siderophore	1
PAY08219.barcode15	T3PKS	1
PAY08219.barcode15	azole-containing-RiPP	2
PAY08219.barcode15	terpene	2
PAY08219.barcode15	terpene-precursor	1
PAY08219.barcode16	NAGGN	1
PAY08219.barcode16	NRP-metallophore	1
PAY08219.barcode16	NRPS	2
PAY08219.barcode16	NRPS-like	2
PAY08219.barcode16	RiPP-like	3
PAY08219.barcode16	T1PKS	1
PAY08219.barcode16	arylpolyene	1
PAY08219.barcode16	betalactone	1
PAY08219.barcode16	hydrogen-cyanide	1
PAY08219.barcode16	redox-cofactor	1
PAY08219.barcode16	terpene-precursor	1
PAY08219.barcode17	NI-siderophore	1
PAY08219.barcode17	NRPS	2
PAY08219.barcode17	T3PKS	1
PAY08219.barcode17	azole-containing-RiPP	1
PAY08219.barcode17	betalactone	1
PAY08219.barcode17	cyclic-lactone-autoinducer	1
PAY08219.barcode17	lassopeptide	1
PAY08219.barcode17	terpene	2
PAY08219.barcode17	terpene-precursor	1
PAY08219.barcode18	NAPAA	1
PAY08219.barcode18	NI-siderophore	2
PAY08219.barcode18	NRPS	1
PAY08219.barcode18	NRPS-like	2
PAY08219.barcode18	RRE-containing	1
PAY08219.barcode18	RiPP-like	5
PAY08219.barcode18	T1PKS	3
PAY08219.barcode18	T2PKS	1
PAY08219.barcode18	T3PKS	2
PAY08219.barcode18	butyrolactone	2
PAY08219.barcode18	ectoine	1
PAY08219.barcode18	hydrogen-cyanide	1
PAY08219.barcode18	terpene	5
PAY08219.barcode18	terpene-precursor	1
PAY08219.barcode18	thioamide-NRP	1
PAY08219.barcode19	NI-siderophore	1
PAY08219.barcode19	NRPS	5
PAY08219.barcode19	NRPS-like	1
PAY08219.barcode19	RiPP-like	1
PAY08219.barcode19	T1PKS	1
PAY08219.barcode19	T3PKS	2
PAY08219.barcode19	lanthipeptide-class-iv	1
PAY08219.barcode19	lassopeptide	1
PAY08219.barcode19	opine-like-metallophore	1
PAY08219.barcode19	proteusin	1
PAY08219.barcode19	terpene	1
PAY08219.barcode19	terpene-precursor	2
PAY08219.barcode19	transAT-PKS	3
PAY08219.barcode20	NRPS	2
PAY08219.barcode20	NRPS-like	1
PAY08219.barcode20	RiPP-like	1
PAY08219.barcode20	T1PKS	1
PAY08219.barcode20	arylpolyene	2
PAY08219.barcode20	terpene	2
PAY08219.barcode20	terpene-precursor	2
PAY08219.barcode21	NAGGN	1
PAY08219.barcode21	NI-siderophore	1
PAY08219.barcode21	NRP-metallophore	1
PAY08219.barcode21	NRPS	1
PAY08219.barcode21	PUFA	1
PAY08219.barcode21	RRE-containing	1
PAY08219.barcode21	RiPP-like	6
PAY08219.barcode21	T1PKS	1
PAY08219.barcode21	arylpolyene	1
PAY08219.barcode21	betalactone	1
PAY08219.barcode21	ectoine	1
PAY08219.barcode21	hglE-KS	1
PAY08219.barcode21	hserlactone	2
PAY08219.barcode21	ranthipeptide	1
PAY08219.barcode21	redox-cofactor	1
PAY08219.barcode21	terpene-precursor	2
PAY08219.barcode22	NAGGN	1
PAY08219.barcode22	NI-siderophore	1
PAY08219.barcode22	NRP-metallophore	2
PAY08219.barcode22	NRPS	3
PAY08219.barcode22	NRPS-like	1
PAY08219.barcode22	RiPP-like	7
PAY08219.barcode22	arylpolyene	2
PAY08219.barcode22	azole-containing-RiPP	1
PAY08219.barcode22	betalactone	2
PAY08219.barcode22	lassopeptide	2
PAY08219.barcode22	resorcinol	1
PAY08219.barcode22	terpene	2
PAY08219.barcode22	terpene-precursor	2
PAY08219.barcode23	NAGGN	1
PAY08219.barcode23	NI-siderophore	3
PAY08219.barcode23	NRP-metallophore	2
PAY08219.barcode23	NRPS	8
PAY08219.barcode23	NRPS-like	4
PAY08219.barcode23	RRE-containing	1
PAY08219.barcode23	RiPP-like	4
PAY08219.barcode23	T1PKS	1
PAY08219.barcode23	arylpolyene	2
PAY08219.barcode23	azole-containing-RiPP	2
PAY08219.barcode23	betalactone	2
PAY08219.barcode23	butyrolactone	1
PAY08219.barcode23	ectoine	1
PAY08219.barcode23	hserlactone	1
PAY08219.barcode23	hydrogen-cyanide	1
PAY08219.barcode23	lanthipeptide-class-ii	1
PAY08219.barcode23	prodigiosin	1
PAY08219.barcode23	redox-cofactor	1
PAY08219.barcode23	resorcinol	1
PAY08219.barcode23	terpene-precursor	2
PAY08219.barcode24	NAPAA	1
PAY08219.barcode24	NI-siderophore	2
PAY08219.barcode24	NRPS-like	1
PAY08219.barcode24	RiPP-like	3
PAY08219.barcode24	T1PKS	1
PAY08219.barcode24	T2PKS	1
PAY08219.barcode24	T3PKS	2
PAY08219.barcode24	azole-containing-RiPP	1
PAY08219.barcode24	butyrolactone	1
PAY08219.barcode24	ectoine	1
PAY08219.barcode24	terpene	6
PAY08219.barcode24	terpene-precursor	1
PAY08219.barcode25	NI-siderophore	1
PAY08219.barcode25	NRP-metallophore	1
PAY08219.barcode25	NRPS	3
PAY08219.barcode25	NRPS-like	1
PAY08219.barcode25	RiPP-like	3
PAY08219.barcode25	azole-containing-RiPP	1
PAY08219.barcode25	betalactone	1
PAY08219.barcode25	lanthipeptide-class-i	2
PAY08219.barcode25	lassopeptide	1
PAY08219.barcode25	terpene	1
PAY08219.barcode25	terpene-precursor	1
PAY08219.barcode26	NAPAA	1
PAY08219.barcode26	NI-siderophore	1
PAY08219.barcode26	NRP-metallophore	1
PAY08219.barcode26	NRPS	1
PAY08219.barcode26	RiPP-like	2
PAY08219.barcode26	arylpolyene	2
PAY08219.barcode26	redox-cofactor	1
PAY08219.barcode26	terpene-precursor	1
PAY08219.barcode27	T3PKS	1
PAY08219.barcode27	cyclic-lactone-autoinducer	2
PAY08219.barcode27	terpene	2
PAY08219.barcode27	terpene-precursor	1
PAY08219.barcode28	NAGGN	1
PAY08219.barcode28	NRP-metallophore	1
PAY08219.barcode28	NRPS	1
PAY08219.barcode28	RRE-containing	1
PAY08219.barcode28	RiPP-like	4
PAY08219.barcode28	hydrogen-cyanide	1
PAY08219.barcode28	ranthipeptide	1
PAY08219.barcode28	redox-cofactor	1
PAY08219.barcode28	terpene-precursor	1
PAY08219.barcode29	NAPAA	1
PAY08219.barcode29	NI-siderophore	1
PAY08219.barcode29	NRPS-like	1
PAY08219.barcode29	T3PKS	1
PAY08219.barcode29	betalactone	1
PAY08219.barcode29	terpene-precursor	1
PAY08219.barcode31	NAGGN	1
PAY08219.barcode31	NAPAA	1
PAY08219.barcode31	NRP-metallophore	1
PAY08219.barcode31	NRPS	1
PAY08219.barcode31	NRPS-like	1
PAY08219.barcode31	hydrogen-cyanide	3
PAY08219.barcode31	redox-cofactor	1
PAY08219.barcode31	terpene	1
PAY08219.barcode31	terpene-precursor	1
PAY08219.barcode32	NI-siderophore	1
PAY08219.barcode32	NRPS	2
PAY08219.barcode32	RRE-containing	2
PAY08219.barcode32	T3PKS	1
PAY08219.barcode32	azole-containing-RiPP	1
PAY08219.barcode32	betalactone	1
PAY08219.barcode32	terpene	3
PAY08219.barcode32	terpene-precursor	1
PAY08219.barcode33	NAPAA	1
PAY08219.barcode33	NI-siderophore	1
PAY08219.barcode33	RRE-containing	1
PAY08219.barcode33	T3PKS	1
PAY08219.barcode33	betalactone	1
PAY08219.barcode33	terpene-precursor	1
PAY08219.barcode34	NAPAA	2
PAY08219.barcode34	NI-siderophore	1
PAY08219.barcode34	NRPS	1
PAY08219.barcode34	T3PKS	1
PAY08219.barcode34	betalactone	1
PAY08219.barcode34	terpene-precursor	1
PAY08219.barcode35	NI-siderophore	1
PAY08219.barcode35	NRP-metallophore	2
PAY08219.barcode35	NRPS	7
PAY08219.barcode35	NRPS-like	3
PAY08219.barcode35	RiPP-like	1
PAY08219.barcode35	arylpolyene	1
PAY08219.barcode35	azole-containing-RiPP	1
PAY08219.barcode35	betalactone	1
PAY08219.barcode35	terpene-precursor	1
PAY08219.barcode36	NAGGN	1
PAY08219.barcode36	NI-siderophore	1
PAY08219.barcode36	NRP-metallophore	1
PAY08219.barcode36	NRPS	3
PAY08219.barcode36	NRPS-like	1
PAY08219.barcode36	RRE-containing	1
PAY08219.barcode36	RiPP-like	3
PAY08219.barcode36	T1PKS	1
PAY08219.barcode36	ectoine	1
PAY08219.barcode36	hserlactone	1
PAY08219.barcode36	ranthipeptide	1
PAY08219.barcode36	redox-cofactor	1
PAY08219.barcode36	terpene-precursor	2
PAY08219.barcode37	NAGGN	1
PAY08219.barcode37	NI-siderophore	1
PAY08219.barcode37	NRP-metallophore	2
PAY08219.barcode37	NRPS	3
PAY08219.barcode37	NRPS-like	1
PAY08219.barcode37	RiPP-like	3
PAY08219.barcode37	arylpolyene	1
PAY08219.barcode37	betalactone	1
PAY08219.barcode37	hydrogen-cyanide	2
PAY08219.barcode37	ranthipeptide	1
PAY08219.barcode37	redox-cofactor	1
PAY08219.barcode37	terpene-precursor	1
PAY08219.barcode38	NAGGN	1
PAY08219.barcode38	NRP-metallophore	1
PAY08219.barcode38	NRPS	2
PAY08219.barcode38	NRPS-like	1
PAY08219.barcode38	RiPP-like	3
PAY08219.barcode38	arylpolyene	1
PAY08219.barcode38	betalactone	1
PAY08219.barcode38	hydrogen-cyanide	1
PAY08219.barcode38	redox-cofactor	1
PAY08219.barcode38	terpene	1
PAY08219.barcode38	terpene-precursor	1
PAY08219.barcode39	NRP-metallophore	1
PAY08219.barcode39	NRPS	1
PAY08219.barcode39	azole-containing-RiPP	1
PAY08219.barcode39	terpene-precursor	1
PAY08219.barcode40	HR-T2PKS	1
PAY08219.barcode40	NI-siderophore	1
PAY08219.barcode40	NRP-metallophore	1
PAY08219.barcode40	NRPS	1
PAY08219.barcode40	arylpolyene	1
PAY08219.barcode40	azole-containing-RiPP	1
PAY08219.barcode40	terpene-precursor	1
PAY08219.barcode41	NI-siderophore	1
PAY08219.barcode41	NRPS	1
PAY08219.barcode41	T3PKS	1
PAY08219.barcode41	cyclic-lactone-autoinducer	1
PAY08219.barcode41	opine-like-metallophore	1
PAY08219.barcode41	terpene-precursor	1
PAY08219.barcode42	NAPAA	1
PAY08219.barcode42	NI-siderophore	1
PAY08219.barcode42	NRPS-like	1
PAY08219.barcode42	T3PKS	1
PAY08219.barcode42	betalactone	1
PAY08219.barcode42	terpene-precursor	1
PBI66098.barcode01	CDPS	1
PBI66098.barcode01	NAPAA	1
PBI66098.barcode01	NI-siderophore	3
PBI66098.barcode01	NRPS	19
PBI66098.barcode01	NRPS-like	6
PBI66098.barcode01	RiPP-like	1
PBI66098.barcode01	T1PKS	6
PBI66098.barcode01	T2PKS	1
PBI66098.barcode01	T3PKS	1
PBI66098.barcode01	azole-containing-RiPP	1
PBI66098.barcode01	butyrolactone	2
PBI66098.barcode01	ectoine	3
PBI66098.barcode01	hglE-KS	1
PBI66098.barcode01	hydrogen-cyanide	1
PBI66098.barcode01	lanthipeptide-class-i	2
PBI66098.barcode01	melanin	2
PBI66098.barcode01	terpene	8
PBI66098.barcode01	terpene-precursor	2
PBI66098.barcode02	NAPAA	1
PBI66098.barcode02	NI-siderophore	2
PBI66098.barcode02	NRPS	5
PBI66098.barcode02	NRPS-like	3
PBI66098.barcode02	PKS-like	1
PBI66098.barcode02	T2PKS	1
PBI66098.barcode02	butyrolactone	4
PBI66098.barcode02	hydrogen-cyanide	1
PBI66098.barcode02	lanthipeptide-class-iii	1
PBI66098.barcode02	melanin	1
PBI66098.barcode02	terpene	4
PBI66098.barcode02	terpene-precursor	1
PBI66098.barcode02	triceptide	1
PBI66098.barcode03	HR-T2PKS	1
PBI66098.barcode03	NAPAA	1
PBI66098.barcode03	NI-siderophore	2
PBI66098.barcode03	NRP-metallophore	1
PBI66098.barcode03	NRPS	10
PBI66098.barcode03	NRPS-like	2
PBI66098.barcode03	PKS-like	2
PBI66098.barcode03	RiPP-like	2
PBI66098.barcode03	T1PKS	3
PBI66098.barcode03	T2PKS	2
PBI66098.barcode03	T3PKS	2
PBI66098.barcode03	azole-containing-RiPP	1
PBI66098.barcode03	butyrolactone	1
PBI66098.barcode03	guanidinotides	1
PBI66098.barcode03	hglE-KS	1
PBI66098.barcode03	hydrogen-cyanide	1
PBI66098.barcode03	lanthipeptide-class-i	1
PBI66098.barcode03	lanthipeptide-class-iv	2
PBI66098.barcode03	lanthipeptide-class-v	1
PBI66098.barcode03	melanin	1
PBI66098.barcode03	redox-cofactor	1
PBI66098.barcode03	terpene	7
PBI66098.barcode03	terpene-precursor	3
PBI66098.barcode03	triceptide	1
PBI66098.barcode04	NAPAA	2
PBI66098.barcode04	NI-siderophore	3
PBI66098.barcode04	NRPS	6
PBI66098.barcode04	NRPS-like	3
PBI66098.barcode04	PKS-like	1
PBI66098.barcode04	RRE-containing	1
PBI66098.barcode04	RiPP-like	6
PBI66098.barcode04	T1PKS	2
PBI66098.barcode04	T2PKS	2
PBI66098.barcode04	T3PKS	1
PBI66098.barcode04	aminopolycarboxylic-acid	1
PBI66098.barcode04	azole-containing-RiPP	1
PBI66098.barcode04	azoxy-crosslink	1
PBI66098.barcode04	betalactone	1
PBI66098.barcode04	butyrolactone	3
PBI66098.barcode04	ectoine	1
PBI66098.barcode04	hglE-KS	1
PBI66098.barcode04	hydrogen-cyanide	2
PBI66098.barcode04	isocyanide-nrp	1
PBI66098.barcode04	lanthipeptide-class-i	1
PBI66098.barcode04	lanthipeptide-class-iii	1
PBI66098.barcode04	lassopeptide	4
PBI66098.barcode04	melanin	1
PBI66098.barcode04	other	1
PBI66098.barcode04	phosphonate	1
PBI66098.barcode04	terpene	6
PBI66098.barcode04	terpene-precursor	2
PBI66098.barcode04	triceptide	1
PBI66098.barcode05	NI-siderophore	4
PBI66098.barcode05	NRPS	8
PBI66098.barcode05	NRPS-like	5
PBI66098.barcode05	PKS-like	2
PBI66098.barcode05	RRE-containing	2
PBI66098.barcode05	RiPP-like	1
PBI66098.barcode05	T1PKS	2
PBI66098.barcode05	T2PKS	2
PBI66098.barcode05	T3PKS	1
PBI66098.barcode05	butyrolactone	2
PBI66098.barcode05	lanthipeptide-class-i	1
PBI66098.barcode05	lanthipeptide-class-iii	1
PBI66098.barcode05	lanthipeptide-class-iv	1
PBI66098.barcode05	other	1
PBI66098.barcode05	terpene	4
PBI66098.barcode05	terpene-precursor	1
PBI66098.barcode05	thioamitides	2
PBI66098.barcode06	CDPS	1
PBI66098.barcode06	HR-T2PKS	1
PBI66098.barcode06	NAPAA	1
PBI66098.barcode06	NI-siderophore	3
PBI66098.barcode06	NRPS	6
PBI66098.barcode06	NRPS-like	4
PBI66098.barcode06	RiPP-like	2
PBI66098.barcode06	T1PKS	8
PBI66098.barcode06	T2PKS	1
PBI66098.barcode06	T3PKS	1
PBI66098.barcode06	arylpolyene	1
PBI66098.barcode06	azole-containing-RiPP	2
PBI66098.barcode06	butyrolactone	3
PBI66098.barcode06	ectoine	2
PBI66098.barcode06	hglE-KS	1
PBI66098.barcode06	hydrogen-cyanide	1
PBI66098.barcode06	lanthipeptide-class-iii	2
PBI66098.barcode06	lassopeptide	1
PBI66098.barcode06	melanin	1
PBI66098.barcode06	phosphonate	1
PBI66098.barcode06	terpene	7
PBI66098.barcode06	terpene-precursor	3
PBI66098.barcode06	thioamitides	2
PBI66098.barcode07	HR-T2PKS	1
PBI66098.barcode07	NAPAA	1
PBI66098.barcode07	NI-siderophore	2
PBI66098.barcode07	NRP-metallophore	1
PBI66098.barcode07	NRPS	10
PBI66098.barcode07	NRPS-like	2
PBI66098.barcode07	PKS-like	2
PBI66098.barcode07	RiPP-like	2
PBI66098.barcode07	T1PKS	3
PBI66098.barcode07	T2PKS	2
PBI66098.barcode07	T3PKS	2
PBI66098.barcode07	azole-containing-RiPP	1
PBI66098.barcode07	butyrolactone	1
PBI66098.barcode07	guanidinotides	1
PBI66098.barcode07	hglE-KS	1
PBI66098.barcode07	hydrogen-cyanide	1
PBI66098.barcode07	lanthipeptide-class-i	1
PBI66098.barcode07	lanthipeptide-class-iv	2
PBI66098.barcode07	lanthipeptide-class-v	1
PBI66098.barcode07	melanin	1
PBI66098.barcode07	redox-cofactor	1
PBI66098.barcode07	terpene	7
PBI66098.barcode07	terpene-precursor	3
PBI66098.barcode07	triceptide	1
PBI66098.barcode08	CDPS	1
PBI66098.barcode08	NAPAA	1
PBI66098.barcode08	NI-siderophore	3
PBI66098.barcode08	NRPS	13
PBI66098.barcode08	NRPS-like	6
PBI66098.barcode08	PKS-like	2
PBI66098.barcode08	RiPP-like	2
PBI66098.barcode08	T1PKS	4
PBI66098.barcode08	T2PKS	1
PBI66098.barcode08	T3PKS	1
PBI66098.barcode08	azoxy-crosslink	1
PBI66098.barcode08	butyrolactone	2
PBI66098.barcode08	cyanobactin	1
PBI66098.barcode08	hglE-KS	1
PBI66098.barcode08	hydrogen-cyanide	1
PBI66098.barcode08	lanthipeptide-class-i	1
PBI66098.barcode08	lanthipeptide-class-iii	1
PBI66098.barcode08	lanthipeptide-class-v	1
PBI66098.barcode08	melanin	2
PBI66098.barcode08	methanobactin	1
PBI66098.barcode08	other	1
PBI66098.barcode08	terpene	7
PBI66098.barcode08	terpene-precursor	2
PBI66098.barcode08	thioamitides	1
PBI66098.barcode10	HR-T2PKS	1
PBI66098.barcode10	NAPAA	1
PBI66098.barcode10	NI-siderophore	2
PBI66098.barcode10	NRP-metallophore	2
PBI66098.barcode10	NRPS	19
PBI66098.barcode10	NRPS-like	4
PBI66098.barcode10	PKS-like	2
PBI66098.barcode10	RRE-containing	1
PBI66098.barcode10	RiPP-like	1
PBI66098.barcode10	T1PKS	5
PBI66098.barcode10	T2PKS	2
PBI66098.barcode10	T3PKS	2
PBI66098.barcode10	azole-containing-RiPP	1
PBI66098.barcode10	butyrolactone	1
PBI66098.barcode10	hglE-KS	1
PBI66098.barcode10	hydrogen-cyanide	1
PBI66098.barcode10	lanthipeptide-class-i	1
PBI66098.barcode10	lanthipeptide-class-iv	2
PBI66098.barcode10	lanthipeptide-class-v	1
PBI66098.barcode10	melanin	1
PBI66098.barcode10	terpene	7
PBI66098.barcode10	terpene-precursor	3
PBI66098.barcode10	triceptide	1
PBI66098.barcode11	CDPS	1
PBI66098.barcode11	NAPAA	1
PBI66098.barcode11	NI-siderophore	1
PBI66098.barcode11	NRPS	9
PBI66098.barcode11	NRPS-like	5
PBI66098.barcode11	RRE-containing	1
PBI66098.barcode11	T1PKS	3
PBI66098.barcode11	T2PKS	1
PBI66098.barcode11	T3PKS	1
PBI66098.barcode11	azole-containing-RiPP	1
PBI66098.barcode11	butyrolactone	2
PBI66098.barcode11	ectoine	2
PBI66098.barcode11	terpene	5
PBI66098.barcode11	terpene-precursor	2
PBI66098.barcode12	NAPAA	1
PBI66098.barcode12	NI-siderophore	3
PBI66098.barcode12	NRP-metallophore	1
PBI66098.barcode12	NRPS	6
PBI66098.barcode12	NRPS-like	2
PBI66098.barcode12	RiPP-like	4
PBI66098.barcode12	T1PKS	6
PBI66098.barcode12	T2PKS	2
PBI66098.barcode12	T3PKS	3
PBI66098.barcode12	betalactone	2
PBI66098.barcode12	butyrolactone	4
PBI66098.barcode12	ectoine	2
PBI66098.barcode12	hydrogen-cyanide	1
PBI66098.barcode12	melanin	2
PBI66098.barcode12	other	1
PBI66098.barcode12	terpene	3
PBI66098.barcode12	terpene-precursor	3
PBI66098.barcode13	NAPAA	1
PBI66098.barcode13	NI-siderophore	1
PBI66098.barcode13	RiPP-like	2
PBI66098.barcode13	T3PKS	2
PBI66098.barcode13	betalactone	1
PBI66098.barcode13	terpene	1
PBI66098.barcode13	terpene-precursor	1
PBI66098.barcode14	CDPS	1
PBI66098.barcode14	NRPS	5
PBI66098.barcode14	NRPS-like	3
PBI66098.barcode14	PKS-like	2
PBI66098.barcode14	RRE-containing	1
PBI66098.barcode14	RiPP-like	3
PBI66098.barcode14	T2PKS	1
PBI66098.barcode14	T3PKS	1
PBI66098.barcode14	lanthipeptide-class-iv	1
PBI66098.barcode14	terpene	4
PBI66098.barcode15	HR-T2PKS	1
PBI66098.barcode15	NAPAA	1
PBI66098.barcode15	NI-siderophore	2
PBI66098.barcode15	NRP-metallophore	1
PBI66098.barcode15	NRPS	10
PBI66098.barcode15	NRPS-like	2
PBI66098.barcode15	PKS-like	2
PBI66098.barcode15	RiPP-like	2
PBI66098.barcode15	T1PKS	3
PBI66098.barcode15	T2PKS	2
PBI66098.barcode15	T3PKS	2
PBI66098.barcode15	azole-containing-RiPP	1
PBI66098.barcode15	butyrolactone	1
PBI66098.barcode15	hglE-KS	1
PBI66098.barcode15	hydrogen-cyanide	1
PBI66098.barcode15	lanthipeptide-class-i	1
PBI66098.barcode15	lanthipeptide-class-iv	2
PBI66098.barcode15	lanthipeptide-class-v	1
PBI66098.barcode15	melanin	1
PBI66098.barcode15	redox-cofactor	1
PBI66098.barcode15	terpene	7
PBI66098.barcode15	terpene-precursor	3
PBI66098.barcode15	triceptide	1
PBI66098.barcode16	NI-siderophore	1
PBI66098.barcode16	NRPS	7
PBI66098.barcode16	NRPS-like	2
PBI66098.barcode16	PKS-like	1
PBI66098.barcode16	RRE-containing	1
PBI66098.barcode16	T3PKS	1
PBI66098.barcode16	cyclic-lactone-autoinducer	3
PBI66098.barcode16	lanthipeptide-class-i	1
PBI66098.barcode16	lassopeptide	1
PBI66098.barcode16	phosphonate	1
PBI66098.barcode16	proteusin	1
PBI66098.barcode16	terpene-precursor	2
PBI66098.barcode16	transAT-PKS	4
PBI66098.barcode17	NI-siderophore	1
PBI66098.barcode17	NRPS	2
PBI66098.barcode17	T3PKS	1
PBI66098.barcode17	azole-containing-RiPP	1
PBI66098.barcode17	betalactone	1
PBI66098.barcode17	lassopeptide	1
PBI66098.barcode17	terpene	2
PBI66098.barcode17	terpene-precursor	1
PBI66098.barcode18	NRPS	3
PBI66098.barcode18	transAT-PKS-like	1
PBI66098.barcode20	NI-siderophore	1
PBI66098.barcode20	NRPS	7
PBI66098.barcode20	NRPS-like	2
PBI66098.barcode20	PKS-like	1
PBI66098.barcode20	RRE-containing	1
PBI66098.barcode20	T3PKS	1
PBI66098.barcode20	cyclic-lactone-autoinducer	3
PBI66098.barcode20	lanthipeptide-class-i	1
PBI66098.barcode20	lassopeptide	1
PBI66098.barcode20	phosphonate	1
PBI66098.barcode20	proteusin	1
PBI66098.barcode20	terpene-precursor	2
PBI66098.barcode20	transAT-PKS	4
PBI66098.barcode21	NAPAA	1
PBI66098.barcode21	NI-siderophore	1
PBI66098.barcode21	RiPP-like	2
PBI66098.barcode21	T3PKS	2
PBI66098.barcode21	betalactone	1
PBI66098.barcode21	terpene	1
PBI66098.barcode21	terpene-precursor	1
PBI66098.barcode22	NAPAA	1
PBI66098.barcode22	NI-siderophore	1
PBI66098.barcode22	RiPP-like	2
PBI66098.barcode22	T3PKS	2
PBI66098.barcode22	betalactone	1
PBI66098.barcode22	terpene	1
PBI66098.barcode22	terpene-precursor	1
PBI66098.barcode23	NI-siderophore	1
PBI66098.barcode23	NRPS	6
PBI66098.barcode23	NRPS-like	1
PBI66098.barcode23	PKS-like	1
PBI66098.barcode23	T1PKS	1
PBI66098.barcode23	T3PKS	1
PBI66098.barcode23	cyclic-lactone-autoinducer	3
PBI66098.barcode23	lanthipeptide-class-ii	1
PBI66098.barcode23	lassopeptide	1
PBI66098.barcode23	proteusin	1
PBI66098.barcode23	ranthipeptide	1
PBI66098.barcode23	terpene-precursor	2
PBI66098.barcode23	transAT-PKS	3
PBI66098.barcode24	NI-siderophore	1
PBI66098.barcode24	NRP-metallophore	1
PBI66098.barcode24	NRPS	4
PBI66098.barcode24	RRE-containing	1
PBI66098.barcode24	RiPP-like	3
PBI66098.barcode24	azole-containing-RiPP	1
PBI66098.barcode24	betalactone	1
PBI66098.barcode24	lanthipeptide-class-ii	1
PBI66098.barcode24	lassopeptide	1
PBI66098.barcode24	terpene	1
PBI66098.barcode24	terpene-precursor	1
PBI66098.barcode25	NRP-metallophore	1
PBI66098.barcode25	NRPS	1
PBI66098.barcode25	arylpolyene	1
PBI66098.barcode25	azole-containing-RiPP	1
PBI66098.barcode25	terpene	1
PBI66098.barcode25	terpene-precursor	1
PBI66098.barcode26	NI-siderophore	1
PBI66098.barcode26	NRP-metallophore	1
PBI66098.barcode26	NRPS	3
PBI66098.barcode26	RiPP-like	3
PBI66098.barcode26	azole-containing-RiPP	1
PBI66098.barcode26	betalactone	1
PBI66098.barcode26	lanthipeptide-class-i	1
PBI66098.barcode26	lassopeptide	1
PBI66098.barcode26	terpene	1
PBI66098.barcode26	terpene-precursor	1
PBI66098.barcode27	NI-siderophore	1
PBI66098.barcode27	NRP-metallophore	2
PBI66098.barcode27	NRPS	8
PBI66098.barcode27	PUFA	1
PBI66098.barcode27	T1PKS	3
PBI66098.barcode27	arylpolyene	1
PBI66098.barcode27	azole-containing-RiPP	1
PBI66098.barcode27	betalactone	1
PBI66098.barcode27	hglE-KS	1
PBI66098.barcode27	other	1
PBI66098.barcode27	prodigiosin	1
PBI66098.barcode27	terpene	1
PBI66098.barcode27	terpene-precursor	1
PBI66098.barcode28	NI-siderophore	1
PBI66098.barcode28	NRP-metallophore	2
PBI66098.barcode28	NRPS	8
PBI66098.barcode28	PUFA	1
PBI66098.barcode28	T1PKS	3
PBI66098.barcode28	arylpolyene	1
PBI66098.barcode28	azole-containing-RiPP	1
PBI66098.barcode28	betalactone	1
PBI66098.barcode28	hglE-KS	1
PBI66098.barcode28	other	1
PBI66098.barcode28	prodigiosin	1
PBI66098.barcode28	terpene	1
PBI66098.barcode28	terpene-precursor	1
PBI66098.barcode29	NI-siderophore	1
PBI66098.barcode29	NRPS	2
PBI66098.barcode29	T3PKS	1
PBI66098.barcode29	azole-containing-RiPP	1
PBI66098.barcode29	betalactone	1
PBI66098.barcode29	cyclic-lactone-autoinducer	1
PBI66098.barcode29	lassopeptide	1
PBI66098.barcode29	terpene	2
PBI66098.barcode29	terpene-precursor	1
PBI66098.barcode30	NAGGN	1
PBI66098.barcode30	NI-siderophore	1
PBI66098.barcode30	NRP-metallophore	1
PBI66098.barcode30	NRPS	2
PBI66098.barcode30	NRPS-like	1
PBI66098.barcode30	RiPP-like	6
PBI66098.barcode30	arylpolyene	1
PBI66098.barcode30	betalactone	1
PBI66098.barcode30	butyrolactone	1
PBI66098.barcode30	hydrogen-cyanide	3
PBI66098.barcode30	isocyanide	1
PBI66098.barcode30	redox-cofactor	1
PBI66098.barcode30	terpene-precursor	1
PBI66098.barcode31	NAGGN	1
PBI66098.barcode31	NRP-metallophore	1
PBI66098.barcode31	NRPS	2
PBI66098.barcode31	RiPP-like	2
PBI66098.barcode31	arylpolyene	1
PBI66098.barcode31	betalactone	1
PBI66098.barcode31	hserlactone	1
PBI66098.barcode31	ranthipeptide	1
PBI66098.barcode31	redox-cofactor	2
PBI66098.barcode31	terpene-precursor	2
PBI66098.barcode32	NI-siderophore	1
PBI66098.barcode32	NRPS	2
PBI66098.barcode32	T3PKS	1
PBI66098.barcode32	azole-containing-RiPP	1
PBI66098.barcode32	betalactone	1
PBI66098.barcode32	cyclic-lactone-autoinducer	1
PBI66098.barcode32	lanthipeptide-class-ii	1
PBI66098.barcode32	lassopeptide	1
PBI66098.barcode32	terpene	2
PBI66098.barcode32	terpene-precursor	1
PBI66098.barcode33	NI-siderophore	1
PBI66098.barcode33	NRPS	2
PBI66098.barcode33	T3PKS	1
PBI66098.barcode33	azole-containing-RiPP	1
PBI66098.barcode33	betalactone	1
PBI66098.barcode33	cyclic-lactone-autoinducer	1
PBI66098.barcode33	lassopeptide	1
PBI66098.barcode33	terpene	2
PBI66098.barcode33	terpene-precursor	1
PBI66098.barcode34	NI-siderophore	1
PBI66098.barcode34	NRPS	2
PBI66098.barcode34	T3PKS	1
PBI66098.barcode34	azole-containing-RiPP	1
PBI66098.barcode34	betalactone	1
PBI66098.barcode34	cyclic-lactone-autoinducer	1
PBI66098.barcode34	lassopeptide	1
PBI66098.barcode34	terpene	2
PBI66098.barcode34	terpene-precursor	1
PBI66098.barcode35	NI-siderophore	1
PBI66098.barcode35	NRPS	2
PBI66098.barcode35	T3PKS	1
PBI66098.barcode35	azole-containing-RiPP	1
PBI66098.barcode35	betalactone	1
PBI66098.barcode35	terpene	2
PBI66098.barcode35	terpene-precursor	1
PBI66098.barcode36	HR-T2PKS	1
PBI66098.barcode36	NI-siderophore	1
PBI66098.barcode36	NRP-metallophore	1
PBI66098.barcode36	NRPS	2
PBI66098.barcode36	NRPS-like	1
PBI66098.barcode36	RiPP-like	4
PBI66098.barcode36	azole-containing-RiPP	1
PBI66098.barcode36	betalactone	1
PBI66098.barcode36	lanthipeptide-class-ii	1
PBI66098.barcode36	lassopeptide	1
PBI66098.barcode36	ranthipeptide	1
PBI66098.barcode36	sactipeptide	1
PBI66098.barcode36	terpene	1
PBI66098.barcode36	terpene-precursor	1
PBI66098.barcode37	NI-siderophore	1
PBI66098.barcode37	NRPS	14
PBI66098.barcode37	NRPS-like	4
PBI66098.barcode37	PKS-like	1
PBI66098.barcode37	RRE-containing	1
PBI66098.barcode37	T3PKS	1
PBI66098.barcode37	cyclic-lactone-autoinducer	1
PBI66098.barcode37	lanthipeptide-class-i	1
PBI66098.barcode37	proteusin	1
PBI66098.barcode37	terpene-precursor	2
PBI66098.barcode37	transAT-PKS	1
PBI66098.barcode37	transAT-PKS-like	5
PBI66098.barcode38	T3PKS	1
PBI66098.barcode38	cyclic-lactone-autoinducer	2
PBI66098.barcode38	terpene	2
PBI66098.barcode38	terpene-precursor	1
PBI66098.barcode39	NI-siderophore	1
PBI66098.barcode39	NRPS	7
PBI66098.barcode39	NRPS-like	1
PBI66098.barcode39	betalactone	1
PBI66098.barcode39	cyclic-lactone-autoinducer	3
PBI66098.barcode39	lanthipeptide-class-i	2
PBI66098.barcode39	lassopeptide	1
PBI66098.barcode39	phosphonate	1
PBI66098.barcode39	proteusin	1
PBI66098.barcode39	terpene	1
PBI66098.barcode39	terpene-precursor	2
PBI66098.barcode39	transAT-PKS	1
PBI66098.barcode40	NI-siderophore	1
PBI66098.barcode40	NRP-metallophore	1
PBI66098.barcode40	NRPS	4
PBI66098.barcode40	RiPP-like	3
PBI66098.barcode40	T1PKS	1
PBI66098.barcode40	azole-containing-RiPP	1
PBI66098.barcode40	betalactone	1
PBI66098.barcode40	lanthipeptide-class-i	1
PBI66098.barcode40	lanthipeptide-class-ii	1
PBI66098.barcode40	lassopeptide	1
PBI66098.barcode40	terpene	1
PBI66098.barcode40	terpene-precursor	1
PBI66098.barcode41	NI-siderophore	1
PBI66098.barcode41	NRP-metallophore	2
PBI66098.barcode41	NRPS	8
PBI66098.barcode41	PUFA	1
PBI66098.barcode41	T1PKS	3
PBI66098.barcode41	arylpolyene	1
PBI66098.barcode41	azole-containing-RiPP	1
PBI66098.barcode41	betalactone	1
PBI66098.barcode41	hglE-KS	1
PBI66098.barcode41	other	1
PBI66098.barcode41	prodigiosin	1
PBI66098.barcode41	terpene	1
PBI66098.barcode41	terpene-precursor	1
PBI66098.barcode42	NI-siderophore	1
PBI66098.barcode42	NRPS	7
PBI66098.barcode42	NRPS-like	2
PBI66098.barcode42	PKS-like	1
PBI66098.barcode42	RRE-containing	1
PBI66098.barcode42	T3PKS	1
PBI66098.barcode42	cyclic-lactone-autoinducer	3
PBI66098.barcode42	lanthipeptide-class-i	1
PBI66098.barcode42	lassopeptide	1
PBI66098.barcode42	phosphonate	1
PBI66098.barcode42	proteusin	1
PBI66098.barcode42	terpene-precursor	2
PBI66098.barcode42	transAT-PKS	4
PBI66098.barcode43	NAPAA	1
PBI66098.barcode43	NI-siderophore	1
PBI66098.barcode43	RRE-containing	1
PBI66098.barcode43	betalactone	1
PBI66098.barcode43	ectoine	1
PBI66098.barcode43	terpene	1
PBI66098.barcode43	terpene-precursor	1
PBI66098.barcode44	NRPS	5
PBI66098.barcode44	NRPS-like	1
PBI66098.barcode44	RRE-containing	1
PBI66098.barcode44	betalactone	1
PBI66098.barcode44	cyclic-lactone-autoinducer	2
PBI66098.barcode44	lanthipeptide-class-i	1
PBI66098.barcode44	lassopeptide	1
PBI66098.barcode44	proteusin	1
PBI66098.barcode44	terpene-precursor	1
PBI66098.barcode45	NRP-metallophore	1
PBI66098.barcode45	NRPS	2
PBI66098.barcode45	arylpolyene	1
PBI66098.barcode45	azole-containing-RiPP	1
PBI66098.barcode45	hserlactone	1
PBI66098.barcode45	redox-cofactor	1
PBI66098.barcode45	terpene	1
PBI66098.barcode45	terpene-precursor	1
PBI66098.barcode46	NI-siderophore	1
PBI66098.barcode46	RiPP-like	1
PBI66098.barcode46	T3PKS	1
PBI66098.barcode46	cyclic-lactone-autoinducer	1
PBI66098.barcode46	terpene	1
PBI66098.barcode46	terpene-precursor	1
PBI66098.barcode47	NI-siderophore	1
PBI66098.barcode47	NRPS	2
PBI66098.barcode47	T3PKS	1
PBI66098.barcode47	azole-containing-RiPP	1
PBI66098.barcode47	betalactone	1
PBI66098.barcode47	cyclic-lactone-autoinducer	1
PBI66098.barcode47	lassopeptide	1
PBI66098.barcode47	terpene	2
PBI66098.barcode47	terpene-precursor	1
PBI66098.barcode48	NI-siderophore	1
PBI66098.barcode48	NRPS	6
PBI66098.barcode48	NRPS-like	2
PBI66098.barcode48	PKS-like	1
PBI66098.barcode48	RRE-containing	1
PBI66098.barcode48	T3PKS	1
PBI66098.barcode48	cyclic-lactone-autoinducer	2
PBI66098.barcode48	lanthipeptide-class-i	1
PBI66098.barcode48	lassopeptide	1
PBI66098.barcode48	phosphonate	1
PBI66098.barcode48	proteusin	1
PBI66098.barcode48	ranthipeptide	1
PBI66098.barcode48	terpene-precursor	2
PBI66098.barcode48	transAT-PKS	3
PBI66098.barcode50	NI-siderophore	1
PBI66098.barcode50	RRE-containing	1
PBI66098.barcode50	RiPP-like	2
PBI66098.barcode50	T3PKS	1
PBI66098.barcode50	lassopeptide	1
PBI66098.barcode50	phosphonate	1
PBI66098.barcode50	terpene	3
PBI66098.barcode50	terpene-precursor	1
PBI66098.barcode51	NAGGN	1
PBI66098.barcode51	NRP-metallophore	1
PBI66098.barcode51	NRPS	2
PBI66098.barcode51	NRPS-like	2
PBI66098.barcode51	RiPP-like	3
PBI66098.barcode51	arylpolyene	1
PBI66098.barcode51	betalactone	1
PBI66098.barcode51	ranthipeptide	1
PBI66098.barcode51	redox-cofactor	2
PBI66098.barcode51	terpene-precursor	1
PBI66098.barcode51	thioamitides	1
PBI66098.barcode52	NI-siderophore	1
PBI66098.barcode52	NRPS	1
PBI66098.barcode52	T3PKS	1
PBI66098.barcode52	azole-containing-RiPP	1
PBI66098.barcode52	betalactone	1
PBI66098.barcode52	terpene	2
PBI66098.barcode52	terpene-precursor	1
PBI66098.barcode53	NRPS	2
PBI66098.barcode54	NI-siderophore	1
PBI66098.barcode54	RRE-containing	1
PBI66098.barcode54	RiPP-like	2
PBI66098.barcode54	T3PKS	1
PBI66098.barcode54	azole-containing-RiPP	1
PBI66098.barcode54	phosphonate	1
PBI66098.barcode54	terpene	3
PBI66098.barcode54	terpene-precursor	1
PBI66098.barcode55	NI-siderophore	1
PBI66098.barcode55	NRPS	7
PBI66098.barcode55	NRPS-like	2
PBI66098.barcode55	PKS-like	1
PBI66098.barcode55	RRE-containing	1
PBI66098.barcode55	T3PKS	1
PBI66098.barcode55	cyclic-lactone-autoinducer	3
PBI66098.barcode55	lanthipeptide-class-i	1
PBI66098.barcode55	lassopeptide	1
PBI66098.barcode55	phosphonate	1
PBI66098.barcode55	proteusin	1
PBI66098.barcode55	terpene-precursor	2
PBI66098.barcode55	transAT-PKS	4
PBI66098.barcode56	NAPAA	1
PBI66098.barcode56	NI-siderophore	2
PBI66098.barcode56	NRPS	6
PBI66098.barcode56	NRPS-like	2
PBI66098.barcode56	RiPP-like	1
PBI66098.barcode56	T1PKS	2
PBI66098.barcode56	T3PKS	1
PBI66098.barcode56	hglE-KS	1
PBI66098.barcode56	lanthipeptide-class-i	4
PBI66098.barcode56	linaridin	1
PBI66098.barcode56	terpene-precursor	1
PBI66098.barcode57	NAPAA	1
PBI66098.barcode57	NI-siderophore	3
PBI66098.barcode57	NRP-metallophore	1
PBI66098.barcode57	NRPS	5
PBI66098.barcode57	NRPS-like	2
PBI66098.barcode57	RiPP-like	5
PBI66098.barcode57	T1PKS	2
PBI66098.barcode57	T2PKS	2
PBI66098.barcode57	T3PKS	3
PBI66098.barcode57	betalactone	2
PBI66098.barcode57	butyrolactone	2
PBI66098.barcode57	ectoine	2
PBI66098.barcode57	hydrogen-cyanide	1
PBI66098.barcode57	melanin	2
PBI66098.barcode57	other	1
PBI66098.barcode57	terpene	3
PBI66098.barcode57	terpene-precursor	3
PBI66098.barcode58	CDPS	1
PBI66098.barcode58	NAPAA	2
PBI66098.barcode58	NI-siderophore	3
PBI66098.barcode58	NRPS	10
PBI66098.barcode58	NRPS-like	6
PBI66098.barcode58	PKS-like	3
PBI66098.barcode58	RiPP-like	2
PBI66098.barcode58	T1PKS	4
PBI66098.barcode58	T2PKS	2
PBI66098.barcode58	T3PKS	1
PBI66098.barcode58	arylpolyene	2
PBI66098.barcode58	azole-containing-RiPP	1
PBI66098.barcode58	butyrolactone	3
PBI66098.barcode58	ectoine	1
PBI66098.barcode58	furan	1
PBI66098.barcode58	hydrogen-cyanide	1
PBI66098.barcode58	lanthipeptide-class-i	1
PBI66098.barcode58	lanthipeptide-class-ii	1
PBI66098.barcode58	lanthipeptide-class-iii	2
PBI66098.barcode58	lanthipeptide-class-iv	2
PBI66098.barcode58	melanin	2
PBI66098.barcode58	phenazine	1
PBI66098.barcode58	terpene	10
PBI66098.barcode58	terpene-precursor	4
PBI66098.barcode59	NI-siderophore	1
PBI66098.barcode59	T3PKS	1
PBI66098.barcode59	azole-containing-RiPP	1
PBI66098.barcode59	cyclic-lactone-autoinducer	1
PBI66098.barcode59	opine-like-metallophore	1
PBI66098.barcode59	terpene	1
PBI66098.barcode59	terpene-precursor	1
PBI66098.barcode60	NI-siderophore	1
PBI66098.barcode60	RRE-containing	1
PBI66098.barcode60	RiPP-like	1
PBI66098.barcode60	T3PKS	1
PBI66098.barcode60	azole-containing-RiPP	1
PBI66098.barcode60	lanthipeptide-class-ii	1
PBI66098.barcode60	phosphonate	1
PBI66098.barcode60	terpene	3
PBI66098.barcode60	terpene-precursor	1
PBI66098.barcode61	NI-siderophore	1
PBI66098.barcode61	NRPS	2
PBI66098.barcode61	T3PKS	1
PBI66098.barcode61	azole-containing-RiPP	1
PBI66098.barcode61	betalactone	1
PBI66098.barcode61	lassopeptide	1
PBI66098.barcode61	terpene	2
PBI66098.barcode61	terpene-precursor	1
PBI66098.barcode62	NI-siderophore	1
PBI66098.barcode62	RRE-containing	1
PBI66098.barcode62	RiPP-like	1
PBI66098.barcode62	T3PKS	1
PBI66098.barcode62	lassopeptide	1
PBI66098.barcode62	phosphonate	1
PBI66098.barcode62	terpene	3
PBI66098.barcode62	terpene-precursor	1
PBI66098.barcode63	NRP-metallophore	1
PBI66098.barcode63	NRPS	5
PBI66098.barcode63	NRPS-like	1
PBI66098.barcode63	PKS-like	1
PBI66098.barcode63	RiPP-like	1
PBI66098.barcode63	T3PKS	2
PBI66098.barcode63	betalactone	1
PBI66098.barcode63	other	1
PBI66098.barcode63	terpene	2
PBI66098.barcode63	terpene-precursor	2
PBI66098.barcode63	transAT-PKS	4
PBI66098.barcode63	transAT-PKS-like	1
PBI66098.barcode64	NI-siderophore	1
PBI66098.barcode64	NRPS	12
PBI66098.barcode64	NRPS-like	1
PBI66098.barcode64	RRE-containing	1
PBI66098.barcode64	cyclic-lactone-autoinducer	1
PBI66098.barcode64	lanthipeptide-class-i	2
PBI66098.barcode64	lassopeptide	1
PBI66098.barcode64	proteusin	1
PBI66098.barcode64	terpene	1
PBI66098.barcode64	terpene-precursor	2
PBI66098.barcode65	NI-siderophore	1
PBI66098.barcode65	RRE-containing	1
PBI66098.barcode65	RiPP-like	2
PBI66098.barcode65	T3PKS	1
PBI66098.barcode65	azole-containing-RiPP	1
PBI66098.barcode65	cyclic-lactone-autoinducer	1
PBI66098.barcode65	phosphonate	1
PBI66098.barcode65	terpene	3
PBI66098.barcode65	terpene-precursor	1
PBI66098.barcode66	NI-siderophore	1
PBI66098.barcode66	NRPS	7
PBI66098.barcode66	NRPS-like	1
PBI66098.barcode66	betalactone	1
PBI66098.barcode66	cyclic-lactone-autoinducer	3
PBI66098.barcode66	lanthipeptide-class-i	2
PBI66098.barcode66	lassopeptide	1
PBI66098.barcode66	phosphonate	1
PBI66098.barcode66	proteusin	1
PBI66098.barcode66	terpene	1
PBI66098.barcode66	terpene-precursor	2
PBI66098.barcode66	transAT-PKS	1
PBI66098.barcode67	NI-siderophore	1
PBI66098.barcode67	NRP-metallophore	1
PBI66098.barcode67	NRPS	4
PBI66098.barcode67	RiPP-like	3
PBI66098.barcode67	T1PKS	1
PBI66098.barcode67	azole-containing-RiPP	1
PBI66098.barcode67	betalactone	1
PBI66098.barcode67	lanthipeptide-class-i	1
PBI66098.barcode67	lanthipeptide-class-ii	1
PBI66098.barcode67	lassopeptide	1
PBI66098.barcode67	terpene	1
PBI66098.barcode67	terpene-precursor	1
PBI66098.barcode68	NI-siderophore	1
PBI66098.barcode68	T3PKS	1
PBI66098.barcode68	cyclic-lactone-autoinducer	1
PBI66098.barcode68	opine-like-metallophore	1
PBI66098.barcode68	terpene	2
PBI66098.barcode68	terpene-precursor	1
PBI66098.barcode69	NAPAA	1
PBI66098.barcode69	NI-siderophore	1
PBI66098.barcode69	RRE-containing	1
PBI66098.barcode69	betalactone	1
PBI66098.barcode69	ectoine	1
PBI66098.barcode69	terpene	1
PBI66098.barcode69	terpene-precursor	1
PBI66098.barcode70	2dos	1
PBI66098.barcode70	NAGGN	1
PBI66098.barcode70	NI-siderophore	2
PBI66098.barcode70	NRPS	7
PBI66098.barcode70	NRPS-like	6
PBI66098.barcode70	PKS-like	2
PBI66098.barcode70	RiPP-like	2
PBI66098.barcode70	T1PKS	4
PBI66098.barcode70	T2PKS	2
PBI66098.barcode70	T3PKS	1
PBI66098.barcode70	arylpolyene	1
PBI66098.barcode70	deazapurine	1
PBI66098.barcode70	lanthipeptide-class-i	3
PBI66098.barcode70	oligosaccharide	2
PBI66098.barcode70	other	1
PBI66098.barcode70	terpene	7
PBI66098.barcode70	terpene-precursor	3
PBI66098.barcode70	transAT-PKS	2
PBI66098.barcode71	HR-T2PKS	1
PBI66098.barcode71	NAPAA	1
PBI66098.barcode71	NI-siderophore	2
PBI66098.barcode71	NRPS	4
PBI66098.barcode71	NRPS-like	3
PBI66098.barcode71	RiPP-like	1
PBI66098.barcode71	T1PKS	7
PBI66098.barcode71	T2PKS	2
PBI66098.barcode71	T3PKS	1
PBI66098.barcode71	azole-containing-RiPP	1
PBI66098.barcode71	butyrolactone	1
PBI66098.barcode71	hglE-KS	1
PBI66098.barcode71	hydrogen-cyanide	1
PBI66098.barcode71	indole	1
PBI66098.barcode71	lanthipeptide-class-iii	1
PBI66098.barcode71	lassopeptide	4
PBI66098.barcode71	melanin	1
PBI66098.barcode71	other	1
PBI66098.barcode71	phosphonate	1
PBI66098.barcode71	terpene	7
PBI66098.barcode71	terpene-precursor	2
PBI66098.barcode71	thioamide-NRP	1
PBI66098.barcode71	thioamitides	1
PBI66098.barcode72	CDPS	1
PBI66098.barcode72	NAPAA	3
PBI66098.barcode72	NI-siderophore	2
PBI66098.barcode72	NRP-metallophore	1
PBI66098.barcode72	NRPS	8
PBI66098.barcode72	NRPS-like	8
PBI66098.barcode72	PKS-like	1
PBI66098.barcode72	RiPP-like	2
PBI66098.barcode72	T1PKS	5
PBI66098.barcode72	T2PKS	1
PBI66098.barcode72	T3PKS	2
PBI66098.barcode72	aminopolycarboxylic-acid	1
PBI66098.barcode72	arylpolyene	1
PBI66098.barcode72	betalactone	1
PBI66098.barcode72	butyrolactone	5
PBI66098.barcode72	ectoine	1
PBI66098.barcode72	hydrogen-cyanide	2
PBI66098.barcode72	indole	1
PBI66098.barcode72	lanthipeptide-class-i	4
PBI66098.barcode72	lanthipeptide-class-iii	1
PBI66098.barcode72	lanthipeptide-class-v	1
PBI66098.barcode72	lassopeptide	4
PBI66098.barcode72	other	2
PBI66098.barcode72	ranthipeptide	1
PBI66098.barcode72	redox-cofactor	1
PBI66098.barcode72	terpene	3
PBI66098.barcode72	triceptide	2
PBI66098.barcode73	NI-siderophore	1
PBI66098.barcode73	NRP-metallophore	1
PBI66098.barcode73	NRPS	4
PBI66098.barcode73	RiPP-like	3
PBI66098.barcode73	T1PKS	1
PBI66098.barcode73	azole-containing-RiPP	1
PBI66098.barcode73	betalactone	1
PBI66098.barcode73	lanthipeptide-class-i	1
PBI66098.barcode73	lanthipeptide-class-ii	1
PBI66098.barcode73	lassopeptide	1
PBI66098.barcode73	terpene	1
PBI66098.barcode73	terpene-precursor	1
PBI66098.barcode74	NI-siderophore	1
PBI66098.barcode74	NRPS	5
PBI66098.barcode74	NRPS-like	2
PBI66098.barcode74	T1PKS	1
PBI66098.barcode74	T3PKS	2
PBI66098.barcode74	lanthipeptide-class-iv	1
PBI66098.barcode74	lassopeptide	2
PBI66098.barcode74	opine-like-metallophore	2
PBI66098.barcode74	proteusin	1
PBI66098.barcode74	terpene	1
PBI66098.barcode74	terpene-precursor	2
PBI66098.barcode74	transAT-PKS	4
PBI66098.barcode74	triceptide	1
PBI66098.barcode76	NAGGN	1
PBI66098.barcode76	NAPAA	1
PBI66098.barcode76	NI-siderophore	1
PBI66098.barcode76	NRP-metallophore	1
PBI66098.barcode76	NRPS	11
PBI66098.barcode76	NRPS-like	2
PBI66098.barcode76	RiPP-like	3
PBI66098.barcode76	T1PKS	1
PBI66098.barcode76	arylpolyene	1
PBI66098.barcode76	azole-containing-RiPP	1
PBI66098.barcode76	betalactone	2
PBI66098.barcode76	hydrogen-cyanide	1
PBI66098.barcode76	redox-cofactor	1
PBI66098.barcode76	terpene-precursor	1
PBI66098.barcode77	NI-siderophore	1
PBI66098.barcode77	NRPS	7
PBI66098.barcode77	NRPS-like	2
PBI66098.barcode77	PKS-like	1
PBI66098.barcode77	RRE-containing	1
PBI66098.barcode77	T3PKS	1
PBI66098.barcode77	cyclic-lactone-autoinducer	3
PBI66098.barcode77	lanthipeptide-class-i	1
PBI66098.barcode77	lassopeptide	1
PBI66098.barcode77	phosphonate	1
PBI66098.barcode77	proteusin	1
PBI66098.barcode77	terpene-precursor	2
PBI66098.barcode77	transAT-PKS	4
PBI66098.barcode79	NRPS	6
PBI66098.barcode79	NRPS-like	1
PBI66098.barcode79	PKS-like	1
PBI66098.barcode79	RiPP-like	1
PBI66098.barcode79	T3PKS	1
PBI66098.barcode79	betalactone	1
PBI66098.barcode79	cyclic-lactone-autoinducer	3
PBI66098.barcode79	lassopeptide	1
PBI66098.barcode79	phosphonate	1
PBI66098.barcode79	proteusin	1
PBI66098.barcode79	terpene	1
PBI66098.barcode79	terpene-precursor	2
PBI66098.barcode79	transAT-PKS	1
PBI66098.barcode80	NI-siderophore	1
PBI66098.barcode80	NRPS	3
PBI66098.barcode80	NRPS-like	1
PBI66098.barcode80	T3PKS	1
PBI66098.barcode80	betalactone	1
PBI66098.barcode80	cyclic-lactone-autoinducer	1
PBI66098.barcode80	lanthipeptide-class-ii	1
PBI66098.barcode80	opine-like-metallophore	1
PBI66098.barcode80	terpene	2
PBI66098.barcode80	terpene-precursor	3
PBI66098.barcode81	NI-siderophore	1
PBI66098.barcode81	NRPS	2
PBI66098.barcode81	T3PKS	1
PBI66098.barcode81	azole-containing-RiPP	1
PBI66098.barcode81	betalactone	1
PBI66098.barcode81	lassopeptide	1
PBI66098.barcode81	terpene	2
PBI66098.barcode81	terpene-precursor	1
PBI66098.barcode82	NI-siderophore	1
PBI66098.barcode82	T3PKS	1
PBI66098.barcode82	cyclic-lactone-autoinducer	1
PBI66098.barcode82	terpene	2
PBI66098.barcode82	terpene-precursor	1
PBI66098.barcode83	NI-siderophore	1
PBI66098.barcode83	NRPS	7
PBI66098.barcode83	NRPS-like	2
PBI66098.barcode83	T1PKS	1
PBI66098.barcode83	T3PKS	2
PBI66098.barcode83	lanthipeptide-class-ii	1
PBI66098.barcode83	lassopeptide	2
PBI66098.barcode83	opine-like-metallophore	1
PBI66098.barcode83	proteusin	1
PBI66098.barcode83	terpene	1
PBI66098.barcode83	terpene-precursor	2
PBI66098.barcode83	transAT-PKS	4
PBI66098.barcode84	NI-siderophore	1
PBI66098.barcode84	NRP-metallophore	1
PBI66098.barcode84	NRPS	4
PBI66098.barcode84	NRPS-like	1
PBI66098.barcode84	RiPP-like	2
PBI66098.barcode84	T1PKS	1
PBI66098.barcode84	azole-containing-RiPP	1
PBI66098.barcode84	betalactone	1
PBI66098.barcode84	lanthipeptide-class-ii	1
PBI66098.barcode84	sactipeptide	1
PBI66098.barcode84	terpene	1
PBI66098.barcode84	terpene-precursor	1
PBI66098.barcode85	NI-siderophore	1
PBI66098.barcode85	NRP-metallophore	1
PBI66098.barcode85	NRPS	3
PBI66098.barcode85	NRPS-like	1
PBI66098.barcode85	RiPP-like	3
PBI66098.barcode85	azole-containing-RiPP	2
PBI66098.barcode85	betalactone	1
PBI66098.barcode85	lanthipeptide-class-ii	1
PBI66098.barcode85	lassopeptide	1
PBI66098.barcode85	terpene	1
PBI66098.barcode85	terpene-precursor	1
PBI66098.barcode87	NAPAA	4
PBI66098.barcode87	NI-siderophore	3
PBI66098.barcode87	NRP-metallophore	1
PBI66098.barcode87	NRPS	4
PBI66098.barcode87	NRPS-like	3
PBI66098.barcode87	RRE-containing	1
PBI66098.barcode87	RiPP-like	5
PBI66098.barcode87	T1PKS	4
PBI66098.barcode87	T2PKS	2
PBI66098.barcode87	T3PKS	1
PBI66098.barcode87	arylpolyene	1
PBI66098.barcode87	azoxy-crosslink	1
PBI66098.barcode87	betalactone	1
PBI66098.barcode87	butyrolactone	3
PBI66098.barcode87	ectoine	1
PBI66098.barcode87	guanidinotides	1
PBI66098.barcode87	hglE-KS	1
PBI66098.barcode87	hydrogen-cyanide	1
PBI66098.barcode87	indole	1
PBI66098.barcode87	lanthipeptide-class-i	3
PBI66098.barcode87	lanthipeptide-class-ii	1
PBI66098.barcode87	lanthipeptide-class-iii	1
PBI66098.barcode87	lassopeptide	1
PBI66098.barcode87	melanin	1
PBI66098.barcode87	other	1
PBI66098.barcode87	redox-cofactor	2
PBI66098.barcode87	terpene	6
PBI66098.barcode87	terpene-precursor	4
PBI66098.barcode88	CDPS	1
PBI66098.barcode88	NAPAA	1
PBI66098.barcode88	NI-siderophore	1
PBI66098.barcode88	NRP-metallophore	1
PBI66098.barcode88	NRPS	7
PBI66098.barcode88	NRPS-like	2
PBI66098.barcode88	RiPP-like	2
PBI66098.barcode88	T1PKS	4
PBI66098.barcode88	T2PKS	2
PBI66098.barcode88	T3PKS	1
PBI66098.barcode88	betalactone	1
PBI66098.barcode88	butyrolactone	3
PBI66098.barcode88	ectoine	1
PBI66098.barcode88	hglE-KS	1
PBI66098.barcode88	hydrogen-cyanide	1
PBI66098.barcode88	indole	1
PBI66098.barcode88	lanthipeptide-class-iv	1
PBI66098.barcode88	oligosaccharide	1
PBI66098.barcode88	terpene	6
PBI66098.barcode88	terpene-precursor	3
PBI66098.barcode89	CDPS	1
PBI66098.barcode89	HR-T2PKS	1
PBI66098.barcode89	NAPAA	1
PBI66098.barcode89	NI-siderophore	3
PBI66098.barcode89	NRP-metallophore	1
PBI66098.barcode89	NRPS	8
PBI66098.barcode89	NRPS-like	4
PBI66098.barcode89	RiPP-like	2
PBI66098.barcode89	T1PKS	7
PBI66098.barcode89	T2PKS	1
PBI66098.barcode89	T3PKS	1
PBI66098.barcode89	arylpolyene	1
PBI66098.barcode89	azole-containing-RiPP	1
PBI66098.barcode89	butyrolactone	3
PBI66098.barcode89	ectoine	2
PBI66098.barcode89	furan	1
PBI66098.barcode89	hglE-KS	1
PBI66098.barcode89	hydrogen-cyanide	1
PBI66098.barcode89	lanthipeptide-class-iii	2
PBI66098.barcode89	lanthipeptide-class-iv	1
PBI66098.barcode89	melanin	1
PBI66098.barcode89	phosphonate	1
PBI66098.barcode89	terpene	7
PBI66098.barcode89	terpene-precursor	2
PBI66098.barcode90	CDPS	1
PBI66098.barcode90	NAPAA	1
PBI66098.barcode90	NI-siderophore	1
PBI66098.barcode90	NRP-metallophore	1
PBI66098.barcode90	NRPS	7
PBI66098.barcode90	NRPS-like	2
PBI66098.barcode90	RiPP-like	2
PBI66098.barcode90	T1PKS	4
PBI66098.barcode90	T2PKS	2
PBI66098.barcode90	T3PKS	1
PBI66098.barcode90	betalactone	1
PBI66098.barcode90	butyrolactone	3
PBI66098.barcode90	ectoine	1
PBI66098.barcode90	hglE-KS	1
PBI66098.barcode90	hydrogen-cyanide	1
PBI66098.barcode90	indole	1
PBI66098.barcode90	lanthipeptide-class-iv	1
PBI66098.barcode90	oligosaccharide	1
PBI66098.barcode90	terpene	6
PBI66098.barcode90	terpene-precursor	3
PBI66098.barcode91	CDPS	1
PBI66098.barcode91	NAPAA	1
PBI66098.barcode91	NI-siderophore	2
PBI66098.barcode91	NRPS-like	1
PBI66098.barcode91	PKS-like	3
PBI66098.barcode91	RiPP-like	4
PBI66098.barcode91	T2PKS	2
PBI66098.barcode91	T3PKS	3
PBI66098.barcode91	atropopeptide	1
PBI66098.barcode91	azole-containing-RiPP	1
PBI66098.barcode91	betalactone	2
PBI66098.barcode91	butyrolactone	2
PBI66098.barcode91	ectoine	1
PBI66098.barcode91	hydrogen-cyanide	1
PBI66098.barcode91	lassopeptide	1
PBI66098.barcode91	melanin	1
PBI66098.barcode91	terpene	5
PBI66098.barcode91	terpene-precursor	1
PBI66098.barcode92	NAPAA	2
PBI66098.barcode92	NI-siderophore	3
PBI66098.barcode92	NRPS	6
PBI66098.barcode92	NRPS-like	4
PBI66098.barcode92	PKS-like	1
PBI66098.barcode92	RRE-containing	1
PBI66098.barcode92	RiPP-like	7
PBI66098.barcode92	T1PKS	3
PBI66098.barcode92	T2PKS	2
PBI66098.barcode92	T3PKS	1
PBI66098.barcode92	aminopolycarboxylic-acid	1
PBI66098.barcode92	azole-containing-RiPP	1
PBI66098.barcode92	azoxy-crosslink	1
PBI66098.barcode92	betalactone	1
PBI66098.barcode92	butyrolactone	3
PBI66098.barcode92	ectoine	1
PBI66098.barcode92	hglE-KS	1
PBI66098.barcode92	hydrogen-cyanide	2
PBI66098.barcode92	isocyanide-nrp	1
PBI66098.barcode92	lanthipeptide-class-i	1
PBI66098.barcode92	lanthipeptide-class-iii	1
PBI66098.barcode92	lassopeptide	3
PBI66098.barcode92	melanin	1
PBI66098.barcode92	other	1
PBI66098.barcode92	phosphonate	1
PBI66098.barcode92	terpene	6
PBI66098.barcode92	terpene-precursor	2
PBI66098.barcode92	triceptide	1
PBI66098.barcode93	CDPS	1
PBI66098.barcode93	NAPAA	1
PBI66098.barcode93	NI-siderophore	3
PBI66098.barcode93	NRPS	3
PBI66098.barcode93	NRPS-like	3
PBI66098.barcode93	RRE-containing	1
PBI66098.barcode93	RiPP-like	2
PBI66098.barcode93	T1PKS	4
PBI66098.barcode93	T2PKS	1
PBI66098.barcode93	T3PKS	3
PBI66098.barcode93	aminopolycarboxylic-acid	1
PBI66098.barcode93	atropopeptide	1
PBI66098.barcode93	azole-containing-RiPP	1
PBI66098.barcode93	butyrolactone	1
PBI66098.barcode93	hglE-KS	1
PBI66098.barcode93	hydrogen-cyanide	1
PBI66098.barcode93	lanthipeptide-class-ii	1
PBI66098.barcode93	lanthipeptide-class-iii	1
PBI66098.barcode93	melanin	2
PBI66098.barcode93	other	1
PBI66098.barcode93	phosphonate	1
PBI66098.barcode93	terpene	7
PBI66098.barcode93	terpene-precursor	2
PBI66098.barcode94	NAPAA	1
PBI66098.barcode94	NI-siderophore	3
PBI66098.barcode94	NRPS	3
PBI66098.barcode94	NRPS-like	1
PBI66098.barcode94	PKS-like	1
PBI66098.barcode94	RRE-containing	1
PBI66098.barcode94	RiPP-like	1
PBI66098.barcode94	T1PKS	6
PBI66098.barcode94	T2PKS	2
PBI66098.barcode94	T3PKS	1
PBI66098.barcode94	azole-containing-RiPP	2
PBI66098.barcode94	butyrolactone	3
PBI66098.barcode94	hglE-KS	1
PBI66098.barcode94	hydrogen-cyanide	1
PBI66098.barcode94	lanthipeptide-class-i	4
PBI66098.barcode94	lanthipeptide-class-ii	1
PBI66098.barcode94	lanthipeptide-class-iii	3
PBI66098.barcode94	melanin	1
PBI66098.barcode94	terpene	7
PBI66098.barcode94	terpene-precursor	3
PBI66098.barcode94	transAT-PKS	1
PBI66098.barcode95	NAPAA	2
PBI66098.barcode95	NI-siderophore	3
PBI66098.barcode95	NRPS	2
PBI66098.barcode95	NRPS-like	2
PBI66098.barcode95	RiPP-like	4
PBI66098.barcode95	T1PKS	2
PBI66098.barcode95	T2PKS	2
PBI66098.barcode95	butyrolactone	2
PBI66098.barcode95	ectoine	1
PBI66098.barcode95	hglE-KS	1
PBI66098.barcode95	hydrogen-cyanide	1
PBI66098.barcode95	lanthipeptide-class-iii	1
PBI66098.barcode95	melanin	1
PBI66098.barcode95	redox-cofactor	1
PBI66098.barcode95	terpene	8
PBI66098.barcode95	terpene-precursor	3
PBI66098.barcode95	thioamide-NRP	1
PBI66098.barcode96	NAPAA	3
PBI66098.barcode96	NI-siderophore	4
PBI66098.barcode96	NRPS	4
PBI66098.barcode96	NRPS-like	2
PBI66098.barcode96	RiPP-like	4
PBI66098.barcode96	T1PKS	4
PBI66098.barcode96	T2PKS	2
PBI66098.barcode96	T3PKS	3
PBI66098.barcode96	azoxy-crosslink	1
PBI66098.barcode96	butyrolactone	1
PBI66098.barcode96	darobactin	1
PBI66098.barcode96	ectoine	2
PBI66098.barcode96	hglE-KS	1
PBI66098.barcode96	hydrogen-cyanide	1
PBI66098.barcode96	indole	1
PBI66098.barcode96	lanthipeptide-class-i	1
PBI66098.barcode96	lanthipeptide-class-ii	1
PBI66098.barcode96	melanin	1
PBI66098.barcode96	redox-cofactor	2
PBI66098.barcode96	terpene	8
PBI66098.barcode96	terpene-precursor	2
PBI66098.barcode96	transAT-PKS	1
PBK85545.barcode01	NI-siderophore	1
PBK85545.barcode01	NRP-metallophore	1
PBK85545.barcode01	NRPS	4
PBK85545.barcode01	RiPP-like	3
PBK85545.barcode01	T1PKS	1
PBK85545.barcode01	azole-containing-RiPP	1
PBK85545.barcode01	betalactone	1
PBK85545.barcode01	lanthipeptide-class-ii	1
PBK85545.barcode01	lassopeptide	1
PBK85545.barcode01	terpene	1
PBK85545.barcode01	terpene-precursor	1
PBK85545.barcode02	NRPS	5
PBK85545.barcode02	PKS-like	1
PBK85545.barcode02	RiPP-like	3
PBK85545.barcode02	T1PKS	1
PBK85545.barcode02	arylpolyene	1
PBK85545.barcode02	lanthipeptide-class-ii	3
PBK85545.barcode02	redox-cofactor	1
PBK85545.barcode02	terpene-precursor	1
PBK85545.barcode02	transAT-PKS	2
PBK85545.barcode03	CDPS	2
PBK85545.barcode03	NAPAA	1
PBK85545.barcode03	NI-siderophore	3
PBK85545.barcode03	NRPS	3
PBK85545.barcode03	NRPS-like	2
PBK85545.barcode03	PKS-like	2
PBK85545.barcode03	RRE-containing	1
PBK85545.barcode03	RiPP-like	3
PBK85545.barcode03	T1PKS	2
PBK85545.barcode03	T2PKS	2
PBK85545.barcode03	amglyccycl	1
PBK85545.barcode03	azole-containing-RiPP	2
PBK85545.barcode03	butyrolactone	3
PBK85545.barcode03	hglE-KS	1
PBK85545.barcode03	hydrogen-cyanide	1
PBK85545.barcode03	lassopeptide	1
PBK85545.barcode03	melanin	1
PBK85545.barcode03	nucleoside	1
PBK85545.barcode03	other	1
PBK85545.barcode03	terpene	8
PBK85545.barcode03	terpene-precursor	3
PBK85545.barcode03	thioamitides	2
PBK85545.barcode03	triceptide	1
PBK85545.barcode04	NAGGN	1
PBK85545.barcode04	NRP-metallophore	2
PBK85545.barcode04	NRPS	5
PBK85545.barcode04	NRPS-like	1
PBK85545.barcode04	RiPP-like	5
PBK85545.barcode04	arylpolyene	1
PBK85545.barcode04	betalactone	1
PBK85545.barcode04	ectoine	1
PBK85545.barcode04	hydrogen-cyanide	2
PBK85545.barcode04	redox-cofactor	1
PBK85545.barcode04	terpene-precursor	1
PBK85545.barcode04	transAT-PKS	1
PBK85545.barcode05	HR-T2PKS	1
PBK85545.barcode05	NRP-metallophore	1
PBK85545.barcode05	NRPS	4
PBK85545.barcode05	PKS-like	1
PBK85545.barcode05	RiPP-like	2
PBK85545.barcode05	T3PKS	2
PBK85545.barcode05	betalactone	1
PBK85545.barcode05	lanthipeptide-class-ii	2
PBK85545.barcode05	other	1
PBK85545.barcode05	terpene	2
PBK85545.barcode05	terpene-precursor	2
PBK85545.barcode05	transAT-PKS	4
PBK85545.barcode06	NI-siderophore	1
PBK85545.barcode06	NRP-metallophore	1
PBK85545.barcode06	NRPS	4
PBK85545.barcode06	RRE-containing	1
PBK85545.barcode06	RiPP-like	2
PBK85545.barcode06	azole-containing-RiPP	1
PBK85545.barcode06	betalactone	1
PBK85545.barcode06	lanthipeptide-class-ii	1
PBK85545.barcode06	lassopeptide	1
PBK85545.barcode06	terpene	1
PBK85545.barcode06	terpene-precursor	1
PBK85545.barcode06	thioamide-NRP	1
PBK85545.barcode07	NI-siderophore	1
PBK85545.barcode07	RRE-containing	1
PBK85545.barcode07	RiPP-like	2
PBK85545.barcode07	T3PKS	1
PBK85545.barcode07	lassopeptide	1
PBK85545.barcode07	phosphonate	1
PBK85545.barcode07	terpene	3
PBK85545.barcode07	terpene-precursor	1
PBK85545.barcode08	NI-siderophore	1
PBK85545.barcode08	NRPS	7
PBK85545.barcode08	NRPS-like	1
PBK85545.barcode08	PKS-like	1
PBK85545.barcode08	T1PKS	1
PBK85545.barcode08	T3PKS	1
PBK85545.barcode08	cyclic-lactone-autoinducer	3
PBK85545.barcode08	lanthipeptide-class-ii	1
PBK85545.barcode08	lassopeptide	1
PBK85545.barcode08	phosphonate	1
PBK85545.barcode08	proteusin	1
PBK85545.barcode08	ranthipeptide	1
PBK85545.barcode08	terpene-precursor	2
PBK85545.barcode08	transAT-PKS	3
PBK85545.barcode09	NI-siderophore	1
PBK85545.barcode09	NRPS	7
PBK85545.barcode09	NRPS-like	1
PBK85545.barcode09	PKS-like	1
PBK85545.barcode09	T1PKS	1
PBK85545.barcode09	T3PKS	1
PBK85545.barcode09	cyclic-lactone-autoinducer	3
PBK85545.barcode09	lanthipeptide-class-ii	1
PBK85545.barcode09	lassopeptide	1
PBK85545.barcode09	phosphonate	1
PBK85545.barcode09	proteusin	1
PBK85545.barcode09	ranthipeptide	1
PBK85545.barcode09	terpene-precursor	2
PBK85545.barcode09	transAT-PKS	3
PBK85545.barcode10	NRPS	1
PBK85545.barcode10	NRPS-like	1
PBK85545.barcode10	T3PKS	1
PBK85545.barcode10	terpene	1
PBK85545.barcode10	terpene-precursor	1
PBK85545.barcode11	NAGGN	1
PBK85545.barcode11	NI-siderophore	2
PBK85545.barcode11	NRPS-like	1
PBK85545.barcode11	RiPP-like	2
PBK85545.barcode11	T1PKS	1
PBK85545.barcode11	arylpolyene	1
PBK85545.barcode11	betalactone	1
PBK85545.barcode11	hserlactone	1
PBK85545.barcode11	hydrogen-cyanide	2
PBK85545.barcode11	ranthipeptide	1
PBK85545.barcode11	redox-cofactor	2
PBK85545.barcode11	terpene-precursor	1
PBK85545.barcode12	NI-siderophore	1
PBK85545.barcode12	NRP-metallophore	1
PBK85545.barcode12	NRPS	2
PBK85545.barcode12	RRE-containing	1
PBK85545.barcode12	RiPP-like	1
PBK85545.barcode12	T3PKS	1
PBK85545.barcode12	betalactone	2
PBK85545.barcode12	other	1
PBK85545.barcode12	ranthipeptide	1
PBK85545.barcode12	sactipeptide	1
PBK85545.barcode12	terpene	2
PBK85545.barcode12	terpene-precursor	1
PBK85545.barcode13	HR-T2PKS	1
PBK85545.barcode13	NI-siderophore	1
PBK85545.barcode13	NRP-metallophore	1
PBK85545.barcode13	NRPS	2
PBK85545.barcode13	NRPS-like	1
PBK85545.barcode13	RRE-containing	1
PBK85545.barcode13	RiPP-like	1
PBK85545.barcode13	T3PKS	1
PBK85545.barcode13	betalactone	2
PBK85545.barcode13	other	1
PBK85545.barcode13	ranthipeptide	1
PBK85545.barcode13	sactipeptide	1
PBK85545.barcode13	terpene	2
PBK85545.barcode13	terpene-precursor	2
PBK85545.barcode14	NAGGN	1
PBK85545.barcode14	NI-siderophore	1
PBK85545.barcode14	NRP-metallophore	1
PBK85545.barcode14	NRPS	2
PBK85545.barcode14	NRPS-like	1
PBK85545.barcode14	RiPP-like	4
PBK85545.barcode14	arylpolyene	1
PBK85545.barcode14	betalactone	1
PBK85545.barcode14	butyrolactone	1
PBK85545.barcode14	hserlactone	1
PBK85545.barcode14	hydrogen-cyanide	1
PBK85545.barcode14	isocyanide	1
PBK85545.barcode14	lanthipeptide-class-ii	1
PBK85545.barcode14	redox-cofactor	2
PBK85545.barcode14	terpene-precursor	1
PBK85545.barcode15	HR-T2PKS	2
PBK85545.barcode15	NAPAA	1
PBK85545.barcode15	NI-siderophore	1
PBK85545.barcode15	NRP-metallophore	2
PBK85545.barcode15	NRPS	10
PBK85545.barcode15	NRPS-like	4
PBK85545.barcode15	RiPP-like	4
PBK85545.barcode15	T1PKS	6
PBK85545.barcode15	T2PKS	4
PBK85545.barcode15	T3PKS	1
PBK85545.barcode15	atropopeptide	1
PBK85545.barcode15	butyrolactone	1
PBK85545.barcode15	ectoine	1
PBK85545.barcode15	hglE-KS	1
PBK85545.barcode15	hydrogen-cyanide	1
PBK85545.barcode15	lanthipeptide-class-ii	2
PBK85545.barcode15	lassopeptide	1
PBK85545.barcode15	terpene	6
PBK85545.barcode15	terpene-precursor	2
PBK85545.barcode15	transAT-PKS	1
PBK85545.barcode16	NAGGN	2
PBK85545.barcode16	NRP-metallophore	3
PBK85545.barcode16	NRPS	5
PBK85545.barcode16	NRPS-like	3
PBK85545.barcode16	RiPP-like	6
PBK85545.barcode16	arylpolyene	1
PBK85545.barcode16	hydrogen-cyanide	2
PBK85545.barcode16	redox-cofactor	2
PBK85545.barcode16	terpene-precursor	2
PBK85545.barcode17	CDPS	1
PBK85545.barcode17	HR-T2PKS	1
PBK85545.barcode17	NAPAA	1
PBK85545.barcode17	NI-siderophore	3
PBK85545.barcode17	NRPS	4
PBK85545.barcode17	NRPS-like	2
PBK85545.barcode17	RiPP-like	3
PBK85545.barcode17	T1PKS	6
PBK85545.barcode17	T2PKS	2
PBK85545.barcode17	T3PKS	1
PBK85545.barcode17	arylpolyene	2
PBK85545.barcode17	blactam	1
PBK85545.barcode17	butyrolactone	1
PBK85545.barcode17	ectoine	2
PBK85545.barcode17	hglE-KS	1
PBK85545.barcode17	hydrogen-cyanide	2
PBK85545.barcode17	lanthipeptide-class-ii	1
PBK85545.barcode17	lanthipeptide-class-iii	2
PBK85545.barcode17	melanin	1
PBK85545.barcode17	other	1
PBK85545.barcode17	redox-cofactor	1
PBK85545.barcode17	terpene	5
PBK85545.barcode17	terpene-precursor	2
PBK85545.barcode17	thioamide-NRP	1
PBK85545.barcode18	CDPS	1
PBK85545.barcode18	NAPAA	1
PBK85545.barcode18	NI-siderophore	3
PBK85545.barcode18	NRP-metallophore	1
PBK85545.barcode18	NRPS	8
PBK85545.barcode18	NRPS-like	5
PBK85545.barcode18	PKS-like	2
PBK85545.barcode18	RiPP-like	2
PBK85545.barcode18	T1PKS	4
PBK85545.barcode18	T2PKS	1
PBK85545.barcode18	T3PKS	1
PBK85545.barcode18	azoxy-crosslink	1
PBK85545.barcode18	betalactone	1
PBK85545.barcode18	butyrolactone	2
PBK85545.barcode18	hglE-KS	1
PBK85545.barcode18	hydrogen-cyanide	1
PBK85545.barcode18	lanthipeptide-class-iii	1
PBK85545.barcode18	melanin	1
PBK85545.barcode18	methanobactin	1
PBK85545.barcode18	terpene	6
PBK85545.barcode18	terpene-precursor	2
PBK85545.barcode19	CDPS	1
PBK85545.barcode19	NAPAA	1
PBK85545.barcode19	NI-siderophore	2
PBK85545.barcode19	NRPS-like	2
PBK85545.barcode19	PKS-like	3
PBK85545.barcode19	RiPP-like	4
PBK85545.barcode19	T2PKS	3
PBK85545.barcode19	T3PKS	3
PBK85545.barcode19	atropopeptide	1
PBK85545.barcode19	azole-containing-RiPP	1
PBK85545.barcode19	betalactone	2
PBK85545.barcode19	butyrolactone	2
PBK85545.barcode19	ectoine	1
PBK85545.barcode19	hydrogen-cyanide	1
PBK85545.barcode19	melanin	1
PBK85545.barcode19	terpene	5
PBK85545.barcode19	terpene-precursor	1
PBK85545.barcode20	CDPS	2
PBK85545.barcode20	NAPAA	1
PBK85545.barcode20	NI-siderophore	3
PBK85545.barcode20	NRPS	4
PBK85545.barcode20	NRPS-like	3
PBK85545.barcode20	PKS-like	2
PBK85545.barcode20	RRE-containing	1
PBK85545.barcode20	RiPP-like	2
PBK85545.barcode20	T1PKS	6
PBK85545.barcode20	T2PKS	1
PBK85545.barcode20	T3PKS	3
PBK85545.barcode20	aminopolycarboxylic-acid	1
PBK85545.barcode20	atropopeptide	1
PBK85545.barcode20	azole-containing-RiPP	1
PBK85545.barcode20	betalactone	2
PBK85545.barcode20	butyrolactone	1
PBK85545.barcode20	hglE-KS	1
PBK85545.barcode20	hydrogen-cyanide	1
PBK85545.barcode20	lanthipeptide-class-ii	1
PBK85545.barcode20	lanthipeptide-class-iii	1
PBK85545.barcode20	melanin	3
PBK85545.barcode20	other	1
PBK85545.barcode20	phosphonate	1
PBK85545.barcode20	terpene	7
PBK85545.barcode20	terpene-precursor	3
PBK85545.barcode20	thioamitides	1
PBK85545.barcode21	CDPS	1
PBK85545.barcode21	NAPAA	1
PBK85545.barcode21	NI-siderophore	3
PBK85545.barcode21	NRP-metallophore	1
PBK85545.barcode21	NRPS	8
PBK85545.barcode21	NRPS-like	5
PBK85545.barcode21	PKS-like	2
PBK85545.barcode21	RiPP-like	1
PBK85545.barcode21	T1PKS	4
PBK85545.barcode21	T2PKS	1
PBK85545.barcode21	T3PKS	1
PBK85545.barcode21	azoxy-crosslink	1
PBK85545.barcode21	betalactone	1
PBK85545.barcode21	butyrolactone	2
PBK85545.barcode21	ectoine	1
PBK85545.barcode21	hglE-KS	1
PBK85545.barcode21	hydrogen-cyanide	1
PBK85545.barcode21	lanthipeptide-class-i	2
PBK85545.barcode21	lanthipeptide-class-iii	1
PBK85545.barcode21	melanin	1
PBK85545.barcode21	methanobactin	1
PBK85545.barcode21	terpene	6
PBK85545.barcode21	terpene-precursor	2
PBK85545.barcode23	CDPS	3
PBK85545.barcode23	HR-T2PKS	1
PBK85545.barcode23	NAPAA	1
PBK85545.barcode23	NI-siderophore	4
PBK85545.barcode23	NRPS	5
PBK85545.barcode23	NRPS-like	5
PBK85545.barcode23	PKS-like	4
PBK85545.barcode23	RiPP-like	2
PBK85545.barcode23	T1PKS	6
PBK85545.barcode23	T2PKS	1
PBK85545.barcode23	T3PKS	3
PBK85545.barcode23	butyrolactone	2
PBK85545.barcode23	ectoine	1
PBK85545.barcode23	hglE-KS	1
PBK85545.barcode23	hydrogen-cyanide	1
PBK85545.barcode23	indole	1
PBK85545.barcode23	lanthipeptide-class-iv	1
PBK85545.barcode23	melanin	1
PBK85545.barcode23	other	3
PBK85545.barcode23	phenazine	2
PBK85545.barcode23	phosphonate	1
PBK85545.barcode23	redox-cofactor	1
PBK85545.barcode23	terpene	7
PBK85545.barcode23	terpene-precursor	2
PBK85545.barcode23	thioamitides	1
PBK85545.barcode23	triceptide	1
PBK85545.barcode24	NI-siderophore	2
PBK85545.barcode24	NRP-metallophore	1
PBK85545.barcode24	NRPS	8
PBK85545.barcode24	NRPS-like	5
PBK85545.barcode24	RiPP-like	3
PBK85545.barcode24	T1PKS	5
PBK85545.barcode24	T2PKS	1
PBK85545.barcode24	T3PKS	4
PBK85545.barcode24	arylpolyene	1
PBK85545.barcode24	azole-containing-RiPP	1
PBK85545.barcode24	betalactone	1
PBK85545.barcode24	butyrolactone	2
PBK85545.barcode24	ectoine	4
PBK85545.barcode24	hydrogen-cyanide	1
PBK85545.barcode24	lanthipeptide-class-ii	1
PBK85545.barcode24	lanthipeptide-class-iii	2
PBK85545.barcode24	lassopeptide	1
PBK85545.barcode24	linaridin	1
PBK85545.barcode24	melanin	2
PBK85545.barcode24	terpene	6
PBK85545.barcode24	terpene-precursor	4
PBK85545.barcode24	transAT-PKS	2
PBK85545.barcode24	triceptide	1
PBK85545.barcode25	CDPS	1
PBK85545.barcode25	NAPAA	2
PBK85545.barcode25	NI-siderophore	3
PBK85545.barcode25	NRPS	6
PBK85545.barcode25	NRPS-like	6
PBK85545.barcode25	PKS-like	2
PBK85545.barcode25	RiPP-like	2
PBK85545.barcode25	T1PKS	5
PBK85545.barcode25	T2PKS	1
PBK85545.barcode25	T3PKS	1
PBK85545.barcode25	arylpolyene	2
PBK85545.barcode25	azole-containing-RiPP	1
PBK85545.barcode25	butyrolactone	3
PBK85545.barcode25	ectoine	1
PBK85545.barcode25	furan	1
PBK85545.barcode25	hydrogen-cyanide	1
PBK85545.barcode25	lanthipeptide-class-i	2
PBK85545.barcode25	lanthipeptide-class-ii	1
PBK85545.barcode25	lanthipeptide-class-iii	2
PBK85545.barcode25	lanthipeptide-class-iv	1
PBK85545.barcode25	melanin	2
PBK85545.barcode25	phenazine	1
PBK85545.barcode25	proteusin	1
PBK85545.barcode25	terpene	10
PBK85545.barcode25	terpene-precursor	4
PBK85545.barcode26	CDPS	1
PBK85545.barcode26	NAPAA	2
PBK85545.barcode26	NI-siderophore	3
PBK85545.barcode26	NRPS	6
PBK85545.barcode26	NRPS-like	6
PBK85545.barcode26	PKS-like	2
PBK85545.barcode26	RiPP-like	2
PBK85545.barcode26	T1PKS	5
PBK85545.barcode26	T2PKS	1
PBK85545.barcode26	T3PKS	1
PBK85545.barcode26	arylpolyene	2
PBK85545.barcode26	azole-containing-RiPP	1
PBK85545.barcode26	butyrolactone	3
PBK85545.barcode26	ectoine	1
PBK85545.barcode26	furan	1
PBK85545.barcode26	hydrogen-cyanide	1
PBK85545.barcode26	lanthipeptide-class-i	2
PBK85545.barcode26	lanthipeptide-class-ii	1
PBK85545.barcode26	lanthipeptide-class-iii	2
PBK85545.barcode26	lanthipeptide-class-iv	2
PBK85545.barcode26	melanin	2
PBK85545.barcode26	phenazine	1
PBK85545.barcode26	proteusin	1
PBK85545.barcode26	terpene	10
PBK85545.barcode26	terpene-precursor	4
PBK85545.barcode27	2dos	1
PBK85545.barcode27	NAPAA	1
PBK85545.barcode27	NI-siderophore	3
PBK85545.barcode27	NRP-metallophore	1
PBK85545.barcode27	NRPS	5
PBK85545.barcode27	NRPS-like	1
PBK85545.barcode27	RiPP-like	3
PBK85545.barcode27	T1PKS	3
PBK85545.barcode27	T2PKS	1
PBK85545.barcode27	T3PKS	4
PBK85545.barcode27	amglyccycl	1
PBK85545.barcode27	butyrolactone	1
PBK85545.barcode27	ectoine	1
PBK85545.barcode27	hglE-KS	1
PBK85545.barcode27	hydrogen-cyanide	1
PBK85545.barcode27	indole	1
PBK85545.barcode27	lanthipeptide-class-iii	1
PBK85545.barcode27	lanthipeptide-class-iv	1
PBK85545.barcode27	melanin	2
PBK85545.barcode27	other	1
PBK85545.barcode27	phenazine	2
PBK85545.barcode27	terpene	6
PBK85545.barcode27	terpene-precursor	3
PBK85545.barcode28	CDPS	1
PBK85545.barcode28	NAPAA	1
PBK85545.barcode28	NRPS	3
PBK85545.barcode28	NRPS-like	1
PBK85545.barcode28	RiPP-like	2
PBK85545.barcode28	T1PKS	1
PBK85545.barcode28	arylpolyene	1
PBK85545.barcode28	betalactone	1
PBK85545.barcode28	hserlactone	1
PBK85545.barcode28	hydrogen-cyanide	2
PBK85545.barcode28	phosphonate	1
PBK85545.barcode28	redox-cofactor	1
PBK85545.barcode28	resorcinol	1
PBK85545.barcode28	terpene	1
PBK85545.barcode28	terpene-precursor	2
PBK85545.barcode29	NAPAA	1
PBK85545.barcode29	NI-siderophore	1
PBK85545.barcode29	NRP-metallophore	1
PBK85545.barcode29	NRPS	1
PBK85545.barcode29	RiPP-like	2
PBK85545.barcode29	arylpolyene	2
PBK85545.barcode29	redox-cofactor	1
PBK85545.barcode29	terpene-precursor	1
PBK85545.barcode30	NAPAA	2
PBK85545.barcode30	NI-siderophore	4
PBK85545.barcode30	NRP-metallophore	1
PBK85545.barcode30	NRPS	1
PBK85545.barcode30	NRPS-like	2
PBK85545.barcode30	PKS-like	1
PBK85545.barcode30	RRE-containing	1
PBK85545.barcode30	RiPP-like	4
PBK85545.barcode30	T1PKS	4
PBK85545.barcode30	T2PKS	2
PBK85545.barcode30	betalactone	3
PBK85545.barcode30	butyrolactone	3
PBK85545.barcode30	ectoine	1
PBK85545.barcode30	hglE-KS	1
PBK85545.barcode30	hydrogen-cyanide	2
PBK85545.barcode30	lanthipeptide-class-i	1
PBK85545.barcode30	lassopeptide	1
PBK85545.barcode30	redox-cofactor	1
PBK85545.barcode30	terpene	8
PBK85545.barcode30	terpene-precursor	4
PBK85545.barcode31	NI-siderophore	1
PBK85545.barcode31	NRP-metallophore	2
PBK85545.barcode31	NRPS	5
PBK85545.barcode31	NRPS-like	2
PBK85545.barcode31	PKS-like	1
PBK85545.barcode31	RiPP-like	2
PBK85545.barcode31	T1PKS	5
PBK85545.barcode31	T2PKS	1
PBK85545.barcode31	azole-containing-RiPP	1
PBK85545.barcode31	benzoxazole	1
PBK85545.barcode31	betalactone	1
PBK85545.barcode31	butyrolactone	1
PBK85545.barcode31	ectoine	1
PBK85545.barcode31	hglE-KS	1
PBK85545.barcode31	hydrogen-cyanide	2
PBK85545.barcode31	lanthipeptide-class-ii	1
PBK85545.barcode31	lanthipeptide-class-iii	2
PBK85545.barcode31	melanin	1
PBK85545.barcode31	other	1
PBK85545.barcode31	terpene	6
PBK85545.barcode31	terpene-precursor	3
PBK85545.barcode31	thioamitides	1
PBK85545.barcode32	NI-siderophore	1
PBK85545.barcode32	NRPS	7
PBK85545.barcode32	NRPS-like	2
PBK85545.barcode32	PKS-like	1
PBK85545.barcode32	RRE-containing	1
PBK85545.barcode32	T3PKS	1
PBK85545.barcode32	cyclic-lactone-autoinducer	3
PBK85545.barcode32	lanthipeptide-class-i	1
PBK85545.barcode32	lassopeptide	1
PBK85545.barcode32	phosphonate	1
PBK85545.barcode32	proteusin	1
PBK85545.barcode32	terpene-precursor	2
PBK85545.barcode32	transAT-PKS	4
PBK85545.barcode33	NAPAA	1
PBK85545.barcode33	NI-siderophore	2
PBK85545.barcode33	NRP-metallophore	1
PBK85545.barcode33	NRPS	14
PBK85545.barcode33	NRPS-like	7
PBK85545.barcode33	RRE-containing	1
PBK85545.barcode33	RiPP-like	4
PBK85545.barcode33	T1PKS	9
PBK85545.barcode33	T2PKS	4
PBK85545.barcode33	T3PKS	3
PBK85545.barcode33	atropopeptide	1
PBK85545.barcode33	butyrolactone	1
PBK85545.barcode33	hglE-KS	1
PBK85545.barcode33	hydrogen-cyanide	1
PBK85545.barcode33	lanthipeptide-class-ii	1
PBK85545.barcode33	lanthipeptide-class-iv	1
PBK85545.barcode33	melanin	1
PBK85545.barcode33	other	1
PBK85545.barcode33	phenazine	1
PBK85545.barcode33	phosphonate	1
PBK85545.barcode33	redox-cofactor	1
PBK85545.barcode33	terpene	8
PBK85545.barcode33	terpene-precursor	4
PBK85545.barcode34	CDPS	2
PBK85545.barcode34	HR-T2PKS	1
PBK85545.barcode34	NAPAA	2
PBK85545.barcode34	NI-siderophore	2
PBK85545.barcode34	NRP-metallophore	1
PBK85545.barcode34	NRPS	5
PBK85545.barcode34	RRE-containing	1
PBK85545.barcode34	RiPP-like	1
PBK85545.barcode34	T1PKS	3
PBK85545.barcode34	T2PKS	2
PBK85545.barcode34	T3PKS	2
PBK85545.barcode34	amglyccycl	1
PBK85545.barcode34	arylpolyene	2
PBK85545.barcode34	betalactone	1
PBK85545.barcode34	butyrolactone	4
PBK85545.barcode34	ectoine	1
PBK85545.barcode34	hglE-KS	1
PBK85545.barcode34	hydrogen-cyanide	1
PBK85545.barcode34	indole	1
PBK85545.barcode34	lanthipeptide-class-i	1
PBK85545.barcode34	lanthipeptide-class-iii	2
PBK85545.barcode34	lanthipeptide-class-iv	2
PBK85545.barcode34	lassopeptide	1
PBK85545.barcode34	melanin	1
PBK85545.barcode34	other	1
PBK85545.barcode34	phenazine	1
PBK85545.barcode34	terpene	8
PBK85545.barcode34	terpene-precursor	5
PBK85545.barcode34	thioamitides	2
PBK85545.barcode35	NAGGN	1
PBK85545.barcode35	NRP-metallophore	1
PBK85545.barcode35	NRPS	2
PBK85545.barcode35	NRPS-like	1
PBK85545.barcode35	RiPP-like	2
PBK85545.barcode35	arylpolyene	1
PBK85545.barcode35	betalactone	1
PBK85545.barcode35	ranthipeptide	1
PBK85545.barcode35	redox-cofactor	2
PBK85545.barcode35	terpene-precursor	2
PBK85545.barcode36	NI-siderophore	1
PBK85545.barcode36	NRPS	1
PBK85545.barcode36	PKS-like	1
PBK85545.barcode36	RiPP-like	1
PBK85545.barcode36	T3PKS	2
PBK85545.barcode36	arylpolyene	2
PBK85545.barcode36	betalactone	1
PBK85545.barcode36	ranthipeptide	1
PBK85545.barcode36	resorcinol	1
PBK85545.barcode36	terpene	3
PBK85545.barcode36	transAT-PKS	1
PBK85545.barcode37	NAPAA	1
PBK85545.barcode37	NI-siderophore	3
PBK85545.barcode37	NRPS	3
PBK85545.barcode37	NRPS-like	1
PBK85545.barcode37	PKS-like	1
PBK85545.barcode37	RRE-containing	1
PBK85545.barcode37	RiPP-like	1
PBK85545.barcode37	T1PKS	6
PBK85545.barcode37	T2PKS	1
PBK85545.barcode37	T3PKS	1
PBK85545.barcode37	azole-containing-RiPP	1
PBK85545.barcode37	butyrolactone	3
PBK85545.barcode37	hglE-KS	1
PBK85545.barcode37	hydrogen-cyanide	1
PBK85545.barcode37	lanthipeptide-class-i	4
PBK85545.barcode37	lanthipeptide-class-ii	1
PBK85545.barcode37	lanthipeptide-class-iii	4
PBK85545.barcode37	melanin	1
PBK85545.barcode37	polyyne	1
PBK85545.barcode37	terpene	8
PBK85545.barcode37	terpene-precursor	3
PBK85545.barcode37	transAT-PKS	1
PBK85545.barcode38	azole-containing-RiPP	1
PBK85545.barcode38	cyclic-lactone-autoinducer	2
PBK85545.barcode38	resorcinol	1
PBK85545.barcode38	terpene	1
PBK85545.barcode38	terpene-precursor	3
PBK85545.barcode39	CDPS	2
PBK85545.barcode39	NAPAA	1
PBK85545.barcode39	NI-siderophore	2
PBK85545.barcode39	NRP-metallophore	1
PBK85545.barcode39	NRPS	9
PBK85545.barcode39	NRPS-like	3
PBK85545.barcode39	RiPP-like	3
PBK85545.barcode39	T1PKS	3
PBK85545.barcode39	T2PKS	2
PBK85545.barcode39	azole-containing-RiPP	4
PBK85545.barcode39	butyrolactone	2
PBK85545.barcode39	ectoine	1
PBK85545.barcode39	hydrogen-cyanide	1
PBK85545.barcode39	lanthipeptide-class-ii	1
PBK85545.barcode39	lanthipeptide-class-iii	2
PBK85545.barcode39	lanthipeptide-class-iv	1
PBK85545.barcode39	linaridin	1
PBK85545.barcode39	melanin	2
PBK85545.barcode39	other	1
PBK85545.barcode39	terpene	7
PBK85545.barcode39	terpene-precursor	3
PBK85545.barcode40	NI-siderophore	3
PBK85545.barcode40	NRPS	2
PBK85545.barcode40	PKS-like	1
PBK85545.barcode40	RRE-containing	1
PBK85545.barcode40	RiPP-like	1
PBK85545.barcode40	T1PKS	4
PBK85545.barcode40	T2PKS	1
PBK85545.barcode40	T3PKS	1
PBK85545.barcode40	azole-containing-RiPP	1
PBK85545.barcode40	betalactone	1
PBK85545.barcode40	butyrolactone	3
PBK85545.barcode40	hydrogen-cyanide	1
PBK85545.barcode40	lanthipeptide-class-i	4
PBK85545.barcode40	lanthipeptide-class-ii	1
PBK85545.barcode40	lanthipeptide-class-iii	3
PBK85545.barcode40	melanin	1
PBK85545.barcode40	terpene	5
PBK85545.barcode40	terpene-precursor	3
PBK85545.barcode41	NI-siderophore	2
PBK85545.barcode41	NRP-metallophore	1
PBK85545.barcode41	NRPS	8
PBK85545.barcode41	NRPS-like	2
PBK85545.barcode41	PKS-like	1
PBK85545.barcode41	RiPP-like	4
PBK85545.barcode41	T1PKS	3
PBK85545.barcode41	T2PKS	2
PBK85545.barcode41	T3PKS	1
PBK85545.barcode41	blactam	2
PBK85545.barcode41	butyrolactone	2
PBK85545.barcode41	ectoine	2
PBK85545.barcode41	lanthipeptide-class-ii	1
PBK85545.barcode41	lanthipeptide-class-iii	1
PBK85545.barcode41	melanin	1
PBK85545.barcode41	terpene	7
PBK85545.barcode41	terpene-precursor	2
PBK85545.barcode42	NI-siderophore	1
PBK85545.barcode42	NRPS	1
PBK85545.barcode42	T3PKS	1
PBK85545.barcode42	cyclic-lactone-autoinducer	1
PBK85545.barcode42	opine-like-metallophore	1
PBK85545.barcode42	terpene-precursor	1
PBK85545.barcode43	CDPS	1
PBK85545.barcode43	NAPAA	1
PBK85545.barcode43	NI-siderophore	2
PBK85545.barcode43	NRP-metallophore	1
PBK85545.barcode43	NRPS	6
PBK85545.barcode43	NRPS-like	2
PBK85545.barcode43	PKS-like	3
PBK85545.barcode43	RiPP-like	4
PBK85545.barcode43	T1PKS	7
PBK85545.barcode43	T2PKS	1
PBK85545.barcode43	T3PKS	1
PBK85545.barcode43	amglyccycl	1
PBK85545.barcode43	azole-containing-RiPP	1
PBK85545.barcode43	butyrolactone	3
PBK85545.barcode43	guanidinotides	1
PBK85545.barcode43	hydrogen-cyanide	1
PBK85545.barcode43	lanthipeptide-class-i	3
PBK85545.barcode43	lanthipeptide-class-ii	1
PBK85545.barcode43	lanthipeptide-class-iii	1
PBK85545.barcode43	melanin	1
PBK85545.barcode43	terpene	5
PBK85545.barcode43	terpene-precursor	3
PBK85545.barcode43	transAT-PKS	1
PBK85545.barcode44	NRPS	2
PBK85545.barcode44	NRPS-like	1
PBK85545.barcode44	RRE-containing	1
PBK85545.barcode44	cyclic-lactone-autoinducer	1
PBK85545.barcode44	proteusin	1
PBK85545.barcode44	terpene	1
PBK85545.barcode44	terpene-precursor	2
PBK85545.barcode44	transAT-PKS-like	1
PBK85545.barcode45	NAPAA	2
PBK85545.barcode45	NI-siderophore	1
PBK85545.barcode45	NRP-metallophore	1
PBK85545.barcode45	NRPS	6
PBK85545.barcode45	NRPS-like	4
PBK85545.barcode45	RRE-containing	1
PBK85545.barcode45	RiPP-like	3
PBK85545.barcode45	T1PKS	9
PBK85545.barcode45	T2PKS	2
PBK85545.barcode45	T3PKS	2
PBK85545.barcode45	atropopeptide	1
PBK85545.barcode45	azole-containing-RiPP	1
PBK85545.barcode45	butyrolactone	1
PBK85545.barcode45	ectoine	1
PBK85545.barcode45	hglE-KS	1
PBK85545.barcode45	hydrogen-cyanide	1
PBK85545.barcode45	lassopeptide	1
PBK85545.barcode45	linaridin	1
PBK85545.barcode45	oligosaccharide	1
PBK85545.barcode45	phosphonate	1
PBK85545.barcode45	terpene	5
PBK85545.barcode45	terpene-precursor	2
PBK85545.barcode45	transAT-PKS	1
PBK85545.barcode46	NAPAA	1
PBK85545.barcode46	NI-siderophore	1
PBK85545.barcode46	NRP-metallophore	1
PBK85545.barcode46	NRPS	8
PBK85545.barcode46	NRPS-like	1
PBK85545.barcode46	RiPP-like	3
PBK85545.barcode46	T2PKS	2
PBK85545.barcode46	T3PKS	1
PBK85545.barcode46	arylpolyene	1
PBK85545.barcode46	azole-containing-RiPP	2
PBK85545.barcode46	butyrolactone	1
PBK85545.barcode46	crocagin	1
PBK85545.barcode46	ectoine	1
PBK85545.barcode46	hglE-KS	1
PBK85545.barcode46	hydrogen-cyanide	1
PBK85545.barcode46	terpene	5
PBK85545.barcode46	terpene-precursor	3
PBK85545.barcode47	NAPAA	1
PBK85545.barcode47	NI-siderophore	1
PBK85545.barcode47	NRP-metallophore	1
PBK85545.barcode47	NRPS	7
PBK85545.barcode47	NRPS-like	2
PBK85545.barcode47	RiPP-like	2
PBK85545.barcode47	T1PKS	4
PBK85545.barcode47	T2PKS	2
PBK85545.barcode47	T3PKS	1
PBK85545.barcode47	betalactone	1
PBK85545.barcode47	butyrolactone	3
PBK85545.barcode47	ectoine	1
PBK85545.barcode47	hglE-KS	1
PBK85545.barcode47	hydrogen-cyanide	1
PBK85545.barcode47	indole	1
PBK85545.barcode47	lanthipeptide-class-iv	1
PBK85545.barcode47	oligosaccharide	1
PBK85545.barcode47	terpene	6
PBK85545.barcode47	terpene-precursor	3
PBK85545.barcode48	CDPS	2
PBK85545.barcode48	NAPAA	1
PBK85545.barcode48	NI-siderophore	3
PBK85545.barcode48	NRPS	6
PBK85545.barcode48	NRPS-like	5
PBK85545.barcode48	PKS-like	2
PBK85545.barcode48	RiPP-like	2
PBK85545.barcode48	T1PKS	4
PBK85545.barcode48	T2PKS	2
PBK85545.barcode48	T3PKS	1
PBK85545.barcode48	azole-containing-RiPP	2
PBK85545.barcode48	butyrolactone	3
PBK85545.barcode48	hglE-KS	1
PBK85545.barcode48	hydrogen-cyanide	1
PBK85545.barcode48	lanthipeptide-class-iii	1
PBK85545.barcode48	lanthipeptide-class-iv	1
PBK85545.barcode48	melanin	1
PBK85545.barcode48	terpene	7
PBK85545.barcode48	terpene-precursor	1
PBK85545.barcode48	triceptide	2
PBK85545.barcode49	NAPAA	2
PBK85545.barcode49	NI-siderophore	3
PBK85545.barcode49	NRPS	2
PBK85545.barcode49	NRPS-like	3
PBK85545.barcode49	RRE-containing	2
PBK85545.barcode49	RiPP-like	2
PBK85545.barcode49	T1PKS	4
PBK85545.barcode49	T2PKS	2
PBK85545.barcode49	T3PKS	1
PBK85545.barcode49	butyrolactone	2
PBK85545.barcode49	ectoine	1
PBK85545.barcode49	guanidinotides	1
PBK85545.barcode49	hydrogen-cyanide	1
PBK85545.barcode49	lanthipeptide-class-i	1
PBK85545.barcode49	lanthipeptide-class-iii	1
PBK85545.barcode49	melanin	1
PBK85545.barcode49	terpene	8
PBK85545.barcode49	terpene-precursor	3
PBK85545.barcode49	thioamide-NRP	1
PBK85545.barcode50	CDPS	1
PBK85545.barcode50	NAPAA	1
PBK85545.barcode50	NI-siderophore	3
PBK85545.barcode50	NRPS	5
PBK85545.barcode50	NRPS-like	3
PBK85545.barcode50	RRE-containing	3
PBK85545.barcode50	RiPP-like	4
PBK85545.barcode50	T1PKS	5
PBK85545.barcode50	T2PKS	1
PBK85545.barcode50	T3PKS	3
PBK85545.barcode50	amglyccycl	1
PBK85545.barcode50	azole-containing-RiPP	3
PBK85545.barcode50	butyrolactone	2
PBK85545.barcode50	ectoine	1
PBK85545.barcode50	hglE-KS	1
PBK85545.barcode50	hydrogen-cyanide	1
PBK85545.barcode50	lanthipeptide-class-i	1
PBK85545.barcode50	lanthipeptide-class-ii	1
PBK85545.barcode50	lanthipeptide-class-iii	2
PBK85545.barcode50	lassopeptide	1
PBK85545.barcode50	linaridin	1
PBK85545.barcode50	melanin	2
PBK85545.barcode50	phosphonate	1
PBK85545.barcode50	terpene	10
PBK85545.barcode50	terpene-precursor	1
PBK85545.barcode50	thioamitides	2
PBK85545.barcode51	NAPAA	2
PBK85545.barcode51	NI-siderophore	2
PBK85545.barcode51	NRPS	5
PBK85545.barcode51	NRPS-like	6
PBK85545.barcode51	RiPP-like	3
PBK85545.barcode51	T1PKS	6
PBK85545.barcode51	T2PKS	2
PBK85545.barcode51	T3PKS	1
PBK85545.barcode51	butyrolactone	2
PBK85545.barcode51	ectoine	1
PBK85545.barcode51	hglE-KS	1
PBK85545.barcode51	hydrogen-cyanide	1
PBK85545.barcode51	lanthipeptide-class-i	1
PBK85545.barcode51	redox-cofactor	1
PBK85545.barcode51	terpene	7
PBK85545.barcode51	terpene-precursor	2
PBK85545.barcode51	transAT-PKS	1
PBK85545.barcode52	CDPS	2
PBK85545.barcode52	NAPAA	1
PBK85545.barcode52	NI-siderophore	3
PBK85545.barcode52	NRPS	4
PBK85545.barcode52	NRPS-like	3
PBK85545.barcode52	PKS-like	2
PBK85545.barcode52	RRE-containing	1
PBK85545.barcode52	RiPP-like	2
PBK85545.barcode52	T1PKS	6
PBK85545.barcode52	T2PKS	1
PBK85545.barcode52	T3PKS	4
PBK85545.barcode52	aminopolycarboxylic-acid	1
PBK85545.barcode52	atropopeptide	1
PBK85545.barcode52	azole-containing-RiPP	1
PBK85545.barcode52	betalactone	1
PBK85545.barcode52	hglE-KS	1
PBK85545.barcode52	hydrogen-cyanide	1
PBK85545.barcode52	lanthipeptide-class-ii	1
PBK85545.barcode52	lanthipeptide-class-iii	1
PBK85545.barcode52	lassopeptide	1
PBK85545.barcode52	melanin	3
PBK85545.barcode52	other	1
PBK85545.barcode52	phosphonate	1
PBK85545.barcode52	terpene	10
PBK85545.barcode52	terpene-precursor	3
PBK85545.barcode52	thioamitides	1
PBK85545.barcode52	triceptide	1
PBK85545.barcode53	NAPAA	1
PBK85545.barcode53	NI-siderophore	1
PBK85545.barcode53	NRP-metallophore	1
PBK85545.barcode53	NRPS	6
PBK85545.barcode53	RiPP-like	3
PBK85545.barcode53	T2PKS	2
PBK85545.barcode53	T3PKS	1
PBK85545.barcode53	azole-containing-RiPP	2
PBK85545.barcode53	butyrolactone	1
PBK85545.barcode53	crocagin	1
PBK85545.barcode53	ectoine	1
PBK85545.barcode53	hglE-KS	1
PBK85545.barcode53	hydrogen-cyanide	1
PBK85545.barcode53	phosphonate	1
PBK85545.barcode53	terpene	5
PBK85545.barcode53	terpene-precursor	3
PBK85545.barcode54	NI-siderophore	1
PBK85545.barcode54	NRPS	1
PBK85545.barcode54	PKS-like	1
PBK85545.barcode54	RiPP-like	1
PBK85545.barcode54	T3PKS	2
PBK85545.barcode54	arylpolyene	2
PBK85545.barcode54	betalactone	1
PBK85545.barcode54	ranthipeptide	1
PBK85545.barcode54	resorcinol	1
PBK85545.barcode54	terpene	3
PBK85545.barcode54	transAT-PKS	1
PBK85545.barcode55	NI-siderophore	2
PBK85545.barcode55	NRP-metallophore	1
PBK85545.barcode55	NRPS	7
PBK85545.barcode55	NRPS-like	1
PBK85545.barcode55	PKS-like	1
PBK85545.barcode55	RiPP-like	4
PBK85545.barcode55	T1PKS	3
PBK85545.barcode55	T2PKS	2
PBK85545.barcode55	T3PKS	1
PBK85545.barcode55	blactam	2
PBK85545.barcode55	butyrolactone	2
PBK85545.barcode55	ectoine	2
PBK85545.barcode55	lanthipeptide-class-ii	1
PBK85545.barcode55	lanthipeptide-class-iii	1
PBK85545.barcode55	melanin	1
PBK85545.barcode55	terpene	7
PBK85545.barcode55	terpene-precursor	3
PBK85545.barcode55	thioamitides	1
PBK85545.barcode56	NAPAA	2
PBK85545.barcode56	NI-siderophore	3
PBK85545.barcode56	NRP-metallophore	1
PBK85545.barcode56	NRPS	8
PBK85545.barcode56	NRPS-like	4
PBK85545.barcode56	PKS-like	1
PBK85545.barcode56	RRE-containing	1
PBK85545.barcode56	RiPP-like	3
PBK85545.barcode56	T1PKS	5
PBK85545.barcode56	T2PKS	1
PBK85545.barcode56	T3PKS	3
PBK85545.barcode56	betalactone	1
PBK85545.barcode56	butyrolactone	3
PBK85545.barcode56	ectoine	2
PBK85545.barcode56	hglE-KS	1
PBK85545.barcode56	hydrogen-cyanide	1
PBK85545.barcode56	lanthipeptide-class-iii	1
PBK85545.barcode56	lassopeptide	1
PBK85545.barcode56	melanin	1
PBK85545.barcode56	nucleoside	1
PBK85545.barcode56	other	1
PBK85545.barcode56	terpene	8
PBK85545.barcode56	terpene-precursor	2
PBK85545.barcode56	triceptide	1
PBK85545.barcode57	CDPS	1
PBK85545.barcode57	NAPAA	1
PBK85545.barcode57	NI-siderophore	3
PBK85545.barcode57	NRPS	8
PBK85545.barcode57	NRPS-like	5
PBK85545.barcode57	PKS-like	1
PBK85545.barcode57	RiPP-like	2
PBK85545.barcode57	T1PKS	4
PBK85545.barcode57	T2PKS	1
PBK85545.barcode57	T3PKS	1
PBK85545.barcode57	azoxy-crosslink	1
PBK85545.barcode57	betalactone	1
PBK85545.barcode57	butyrolactone	2
PBK85545.barcode57	hglE-KS	1
PBK85545.barcode57	hydrogen-cyanide	1
PBK85545.barcode57	lanthipeptide-class-iii	1
PBK85545.barcode57	melanin	1
PBK85545.barcode57	methanobactin	1
PBK85545.barcode57	other	1
PBK85545.barcode57	terpene	8
PBK85545.barcode57	terpene-precursor	2
PBK85545.barcode57	triceptide	1
PBK85545.barcode58	NI-siderophore	2
PBK85545.barcode58	NRP-metallophore	1
PBK85545.barcode58	NRPS	16
PBK85545.barcode58	NRPS-like	4
PBK85545.barcode58	PKS-like	1
PBK85545.barcode58	RiPP-like	3
PBK85545.barcode58	T1PKS	4
PBK85545.barcode58	T2PKS	1
PBK85545.barcode58	T3PKS	3
PBK85545.barcode58	arylpolyene	2
PBK85545.barcode58	azole-containing-RiPP	1
PBK85545.barcode58	azoxy-crosslink	1
PBK85545.barcode58	butyrolactone	2
PBK85545.barcode58	ectoine	2
PBK85545.barcode58	hydrogen-cyanide	1
PBK85545.barcode58	lanthipeptide-class-ii	1
PBK85545.barcode58	lanthipeptide-class-iii	2
PBK85545.barcode58	lanthipeptide-class-iv	1
PBK85545.barcode58	linaridin	1
PBK85545.barcode58	melanin	3
PBK85545.barcode58	oligosaccharide	1
PBK85545.barcode58	terpene	7
PBK85545.barcode58	terpene-precursor	4
PBK85545.barcode58	transAT-PKS	1
PBK85545.barcode59	CDPS	2
PBK85545.barcode59	HR-T2PKS	1
PBK85545.barcode59	NAPAA	1
PBK85545.barcode59	NI-siderophore	3
PBK85545.barcode59	NRP-metallophore	1
PBK85545.barcode59	NRPS	6
PBK85545.barcode59	NRPS-like	2
PBK85545.barcode59	PKS-like	2
PBK85545.barcode59	RiPP-like	4
PBK85545.barcode59	T1PKS	4
PBK85545.barcode59	T2PKS	2
PBK85545.barcode59	T3PKS	4
PBK85545.barcode59	amglyccycl	1
PBK85545.barcode59	atropopeptide	1
PBK85545.barcode59	azole-containing-RiPP	1
PBK85545.barcode59	butyrolactone	2
PBK85545.barcode59	cyanobactin	1
PBK85545.barcode59	hglE-KS	1
PBK85545.barcode59	hydrogen-cyanide	1
PBK85545.barcode59	indole	1
PBK85545.barcode59	lanthipeptide-class-ii	1
PBK85545.barcode59	lanthipeptide-class-iii	1
PBK85545.barcode59	lanthipeptide-class-v	1
PBK85545.barcode59	lassopeptide	2
PBK85545.barcode59	melanin	2
PBK85545.barcode59	methanobactin	1
PBK85545.barcode59	other	1
PBK85545.barcode59	phenazine	1
PBK85545.barcode59	terpene	11
PBK85545.barcode59	terpene-precursor	1
PBK85545.barcode59	thioamitides	1
PBK85545.barcode59	triceptide	1
PBK85545.barcode60	HR-T2PKS	1
PBK85545.barcode60	NAPAA	1
PBK85545.barcode60	NI-siderophore	2
PBK85545.barcode60	NRPS-like	1
PBK85545.barcode60	RiPP-like	4
PBK85545.barcode60	T1PKS	1
PBK85545.barcode60	T2PKS	1
PBK85545.barcode60	T3PKS	2
PBK85545.barcode60	azole-containing-RiPP	1
PBK85545.barcode60	butyrolactone	1
PBK85545.barcode60	ectoine	1
PBK85545.barcode60	redox-cofactor	1
PBK85545.barcode60	terpene	5
PBK85545.barcode60	terpene-precursor	1
PBK85545.barcode61	HR-T2PKS	1
PBK85545.barcode61	NAPAA	1
PBK85545.barcode61	NI-siderophore	1
PBK85545.barcode61	NRP-metallophore	1
PBK85545.barcode61	NRPS	8
PBK85545.barcode61	NRPS-like	3
PBK85545.barcode61	RiPP-like	3
PBK85545.barcode61	T2PKS	2
PBK85545.barcode61	T3PKS	1
PBK85545.barcode61	arylpolyene	1
PBK85545.barcode61	azole-containing-RiPP	2
PBK85545.barcode61	butyrolactone	1
PBK85545.barcode61	crocagin	1
PBK85545.barcode61	ectoine	1
PBK85545.barcode61	hydrogen-cyanide	1
PBK85545.barcode61	lanthipeptide-class-i	2
PBK85545.barcode61	phosphonate	1
PBK85545.barcode61	terpene	5
PBK85545.barcode61	terpene-precursor	3
PBK85545.barcode62	CDPS	1
PBK85545.barcode62	NAPAA	2
PBK85545.barcode62	NI-siderophore	2
PBK85545.barcode62	NRPS	8
PBK85545.barcode62	NRPS-like	2
PBK85545.barcode62	PKS-like	4
PBK85545.barcode62	RRE-containing	1
PBK85545.barcode62	RiPP-like	3
PBK85545.barcode62	T1PKS	2
PBK85545.barcode62	T2PKS	2
PBK85545.barcode62	T3PKS	4
PBK85545.barcode62	aminocoumarin	1
PBK85545.barcode62	arylpolyene	1
PBK85545.barcode62	azole-containing-RiPP	1
PBK85545.barcode62	butyrolactone	2
PBK85545.barcode62	crocagin	1
PBK85545.barcode62	ectoine	1
PBK85545.barcode62	furan	1
PBK85545.barcode62	hglE-KS	1
PBK85545.barcode62	hydrogen-cyanide	1
PBK85545.barcode62	lanthipeptide-class-ii	1
PBK85545.barcode62	lanthipeptide-class-iii	2
PBK85545.barcode62	melanin	2
PBK85545.barcode62	oligosaccharide	3
PBK85545.barcode62	other	2
PBK85545.barcode62	terpene	7
PBK85545.barcode62	terpene-precursor	5
PBK85545.barcode63	NAPAA	2
PBK85545.barcode63	NI-siderophore	3
PBK85545.barcode63	NRPS	2
PBK85545.barcode63	NRPS-like	3
PBK85545.barcode63	RRE-containing	2
PBK85545.barcode63	RiPP-like	2
PBK85545.barcode63	T1PKS	3
PBK85545.barcode63	T2PKS	2
PBK85545.barcode63	T3PKS	1
PBK85545.barcode63	butyrolactone	2
PBK85545.barcode63	ectoine	1
PBK85545.barcode63	hydrogen-cyanide	1
PBK85545.barcode63	lanthipeptide-class-i	1
PBK85545.barcode63	lanthipeptide-class-iii	1
PBK85545.barcode63	melanin	1
PBK85545.barcode63	redox-cofactor	1
PBK85545.barcode63	terpene	9
PBK85545.barcode63	terpene-precursor	3
PBK85545.barcode63	thioamide-NRP	1
PBK85545.barcode63	thioamitides	1
PBK85545.barcode64	CDPS	2
PBK85545.barcode64	NAPAA	1
PBK85545.barcode64	NI-siderophore	3
PBK85545.barcode64	NRPS	4
PBK85545.barcode64	NRPS-like	3
PBK85545.barcode64	PKS-like	1
PBK85545.barcode64	RRE-containing	1
PBK85545.barcode64	RiPP-like	2
PBK85545.barcode64	T1PKS	6
PBK85545.barcode64	T2PKS	1
PBK85545.barcode64	T3PKS	3
PBK85545.barcode64	aminopolycarboxylic-acid	1
PBK85545.barcode64	atropopeptide	1
PBK85545.barcode64	azole-containing-RiPP	1
PBK85545.barcode64	betalactone	2
PBK85545.barcode64	butyrolactone	1
PBK85545.barcode64	hglE-KS	1
PBK85545.barcode64	hydrogen-cyanide	1
PBK85545.barcode64	lanthipeptide-class-ii	1
PBK85545.barcode64	lanthipeptide-class-iii	1
PBK85545.barcode64	melanin	3
PBK85545.barcode64	nucleoside	1
PBK85545.barcode64	other	1
PBK85545.barcode64	phosphonate	1
PBK85545.barcode64	terpene	7
PBK85545.barcode64	terpene-precursor	3
PBK85545.barcode64	thioamitides	1
PBK85545.barcode65	CDPS	2
PBK85545.barcode65	NAPAA	1
PBK85545.barcode65	NI-siderophore	3
PBK85545.barcode65	NRP-metallophore	1
PBK85545.barcode65	NRPS	9
PBK85545.barcode65	NRPS-like	4
PBK85545.barcode65	PKS-like	2
PBK85545.barcode65	RiPP-like	3
PBK85545.barcode65	T1PKS	4
PBK85545.barcode65	T2PKS	1
PBK85545.barcode65	T3PKS	1
PBK85545.barcode65	amglyccycl	1
PBK85545.barcode65	azole-containing-RiPP	2
PBK85545.barcode65	azoxy-crosslink	1
PBK85545.barcode65	butyrolactone	2
PBK85545.barcode65	hglE-KS	1
PBK85545.barcode65	hydrogen-cyanide	1
PBK85545.barcode65	lanthipeptide-class-iv	3
PBK85545.barcode65	lassopeptide	1
PBK85545.barcode65	melanin	1
PBK85545.barcode65	phosphonate	1
PBK85545.barcode65	terpene	9
PBK85545.barcode65	terpene-precursor	1
PBK85545.barcode66	CDPS	2
PBK85545.barcode66	NAPAA	1
PBK85545.barcode66	NI-siderophore	3
PBK85545.barcode66	NRP-metallophore	1
PBK85545.barcode66	NRPS	9
PBK85545.barcode66	NRPS-like	4
PBK85545.barcode66	PKS-like	2
PBK85545.barcode66	RiPP-like	3
PBK85545.barcode66	T1PKS	4
PBK85545.barcode66	T2PKS	1
PBK85545.barcode66	T3PKS	1
PBK85545.barcode66	amglyccycl	1
PBK85545.barcode66	azole-containing-RiPP	2
PBK85545.barcode66	azoxy-crosslink	1
PBK85545.barcode66	butyrolactone	2
PBK85545.barcode66	hglE-KS	1
PBK85545.barcode66	hydrogen-cyanide	1
PBK85545.barcode66	lanthipeptide-class-iv	3
PBK85545.barcode66	lassopeptide	1
PBK85545.barcode66	melanin	1
PBK85545.barcode66	phosphonate	1
PBK85545.barcode66	terpene	9
PBK85545.barcode66	terpene-precursor	1
PBK85545.barcode67	CDPS	1
PBK85545.barcode67	NAPAA	1
PBK85545.barcode67	NI-siderophore	3
PBK85545.barcode67	NRPS	6
PBK85545.barcode67	NRPS-like	4
PBK85545.barcode67	PKS-like	2
PBK85545.barcode67	RiPP-like	2
PBK85545.barcode67	T1PKS	3
PBK85545.barcode67	T2PKS	3
PBK85545.barcode67	T3PKS	1
PBK85545.barcode67	azole-containing-RiPP	2
PBK85545.barcode67	azoxy-crosslink	1
PBK85545.barcode67	butyrolactone	2
PBK85545.barcode67	hglE-KS	1
PBK85545.barcode67	hydrogen-cyanide	1
PBK85545.barcode67	lanthipeptide-class-iii	1
PBK85545.barcode67	melanin	1
PBK85545.barcode67	methanobactin	1
PBK85545.barcode67	oligosaccharide	1
PBK85545.barcode67	other	1
PBK85545.barcode67	phosphonate	1
PBK85545.barcode67	terpene	6
PBK85545.barcode67	terpene-precursor	2
PBK85545.barcode68	NAPAA	1
PBK85545.barcode68	NI-siderophore	1
PBK85545.barcode68	NRP-metallophore	1
PBK85545.barcode68	NRPS	8
PBK85545.barcode68	NRPS-like	1
PBK85545.barcode68	PKS-like	1
PBK85545.barcode68	RiPP-like	1
PBK85545.barcode68	T1PKS	1
PBK85545.barcode68	T2PKS	2
PBK85545.barcode68	T3PKS	1
PBK85545.barcode68	azole-containing-RiPP	2
PBK85545.barcode68	betalactone	1
PBK85545.barcode68	butyrolactone	3
PBK85545.barcode68	ectoine	2
PBK85545.barcode68	lanthipeptide-class-iv	1
PBK85545.barcode68	oligosaccharide	1
PBK85545.barcode68	terpene	5
PBK85545.barcode68	terpene-precursor	2
PBK85545.barcode68	thioamitides	1
PBK85545.barcode68	transAT-PKS	1
PBK85545.barcode69	NAPAA	1
PBK85545.barcode69	NI-siderophore	3
PBK85545.barcode69	NRPS	3
PBK85545.barcode69	NRPS-like	2
PBK85545.barcode69	RRE-containing	1
PBK85545.barcode69	RiPP-like	1
PBK85545.barcode69	T1PKS	7
PBK85545.barcode69	T2PKS	1
PBK85545.barcode69	T3PKS	1
PBK85545.barcode69	arylpolyene	1
PBK85545.barcode69	azole-containing-RiPP	1
PBK85545.barcode69	butyrolactone	3
PBK85545.barcode69	hglE-KS	1
PBK85545.barcode69	hydrogen-cyanide	1
PBK85545.barcode69	lanthipeptide-class-i	4
PBK85545.barcode69	lanthipeptide-class-ii	1
PBK85545.barcode69	lanthipeptide-class-iii	3
PBK85545.barcode69	lassopeptide	1
PBK85545.barcode69	melanin	1
PBK85545.barcode69	other	1
PBK85545.barcode69	terpene	8
PBK85545.barcode69	terpene-precursor	4
PBK85545.barcode69	transAT-PKS	1
PBK85545.barcode70	CDPS	1
PBK85545.barcode70	NAPAA	1
PBK85545.barcode70	NI-siderophore	3
PBK85545.barcode70	NRP-metallophore	1
PBK85545.barcode70	NRPS	7
PBK85545.barcode70	NRPS-like	5
PBK85545.barcode70	PKS-like	3
PBK85545.barcode70	RiPP-like	1
PBK85545.barcode70	T1PKS	3
PBK85545.barcode70	T2PKS	2
PBK85545.barcode70	T3PKS	1
PBK85545.barcode70	azole-containing-RiPP	1
PBK85545.barcode70	butyrolactone	2
PBK85545.barcode70	hglE-KS	1
PBK85545.barcode70	hydrogen-cyanide	1
PBK85545.barcode70	lanthipeptide-class-i	2
PBK85545.barcode70	lanthipeptide-class-iii	2
PBK85545.barcode70	lanthipeptide-class-iv	1
PBK85545.barcode70	melanin	1
PBK85545.barcode70	oligosaccharide	1
PBK85545.barcode70	other	1
PBK85545.barcode70	phosphonate	1
PBK85545.barcode70	terpene	8
PBK85545.barcode70	terpene-precursor	2
PBK85545.barcode70	thioamitides	1
PBK85545.barcode70	triceptide	1
PBK85545.barcode71	HR-T2PKS	1
PBK85545.barcode71	NAPAA	2
PBK85545.barcode71	NI-siderophore	3
PBK85545.barcode71	NRPS	1
PBK85545.barcode71	NRPS-like	5
PBK85545.barcode71	RRE-containing	1
PBK85545.barcode71	RiPP-like	4
PBK85545.barcode71	T1PKS	4
PBK85545.barcode71	T2PKS	2
PBK85545.barcode71	T3PKS	2
PBK85545.barcode71	azoxy-crosslink	1
PBK85545.barcode71	betalactone	1
PBK85545.barcode71	butyrolactone	2
PBK85545.barcode71	deazapurine	1
PBK85545.barcode71	ectoine	1
PBK85545.barcode71	hglE-KS	1
PBK85545.barcode71	hydrogen-cyanide	1
PBK85545.barcode71	indole	1
PBK85545.barcode71	lanthipeptide-class-i	2
PBK85545.barcode71	lanthipeptide-class-ii	1
PBK85545.barcode71	melanin	2
PBK85545.barcode71	proteusin	1
PBK85545.barcode71	redox-cofactor	2
PBK85545.barcode71	terpene	5
PBK85545.barcode71	terpene-precursor	3
PBK85545.barcode71	thioamitides	1
PBK85545.barcode72	NAPAA	1
PBK85545.barcode72	NI-siderophore	3
PBK85545.barcode72	NRP-metallophore	1
PBK85545.barcode72	NRPS	5
PBK85545.barcode72	PKS-like	1
PBK85545.barcode72	RiPP-like	2
PBK85545.barcode72	T1PKS	4
PBK85545.barcode72	T2PKS	2
PBK85545.barcode72	T3PKS	1
PBK85545.barcode72	arylpolyene	1
PBK85545.barcode72	betalactone	1
PBK85545.barcode72	bottromycin	1
PBK85545.barcode72	butyrolactone	3
PBK85545.barcode72	ectoine	1
PBK85545.barcode72	hglE-KS	1
PBK85545.barcode72	hydrogen-cyanide	1
PBK85545.barcode72	indole	1
PBK85545.barcode72	lanthipeptide-class-iii	2
PBK85545.barcode72	melanin	2
PBK85545.barcode72	other	1
PBK85545.barcode72	redox-cofactor	2
PBK85545.barcode72	terpene	8
PBK85545.barcode72	terpene-precursor	2
PBK85545.barcode72	triceptide	1
PBK85545.barcode73	CDPS	1
PBK85545.barcode73	NAPAA	1
PBK85545.barcode73	NI-siderophore	4
PBK85545.barcode73	NRPS	6
PBK85545.barcode73	NRPS-like	4
PBK85545.barcode73	PKS-like	1
PBK85545.barcode73	RiPP-like	2
PBK85545.barcode73	T1PKS	3
PBK85545.barcode73	T2PKS	1
PBK85545.barcode73	T3PKS	1
PBK85545.barcode73	arylpolyene	1
PBK85545.barcode73	butyrolactone	3
PBK85545.barcode73	ectoine	1
PBK85545.barcode73	hydrogen-cyanide	1
PBK85545.barcode73	melanin	1
PBK85545.barcode73	redox-cofactor	1
PBK85545.barcode73	terpene	8
PBK85545.barcode73	terpene-precursor	1
PBK85545.barcode73	triceptide	1
PBK85545.barcode74	CDPS	1
PBK85545.barcode74	HR-T2PKS	2
PBK85545.barcode74	NAPAA	1
PBK85545.barcode74	NI-siderophore	3
PBK85545.barcode74	NRPS	7
PBK85545.barcode74	NRPS-like	3
PBK85545.barcode74	RRE-containing	3
PBK85545.barcode74	RiPP-like	2
PBK85545.barcode74	T1PKS	3
PBK85545.barcode74	T2PKS	3
PBK85545.barcode74	T3PKS	1
PBK85545.barcode74	azole-containing-RiPP	4
PBK85545.barcode74	azoxy-crosslink	1
PBK85545.barcode74	butyrolactone	2
PBK85545.barcode74	hglE-KS	1
PBK85545.barcode74	hydrogen-cyanide	1
PBK85545.barcode74	lanthipeptide-class-i	1
PBK85545.barcode74	lanthipeptide-class-ii	1
PBK85545.barcode74	melanin	3
PBK85545.barcode74	other	1
PBK85545.barcode74	polyhalogenated-pyrrole	1
PBK85545.barcode74	pyrrolidine	1
PBK85545.barcode74	terpene	9
PBK85545.barcode74	terpene-precursor	1
PBK85545.barcode75	NI-siderophore	2
PBK85545.barcode75	NRP-metallophore	2
PBK85545.barcode75	NRPS	6
PBK85545.barcode75	NRPS-like	1
PBK85545.barcode75	RRE-containing	1
PBK85545.barcode75	RiPP-like	3
PBK85545.barcode75	T1PKS	4
PBK85545.barcode75	T3PKS	2
PBK85545.barcode75	azole-containing-RiPP	1
PBK85545.barcode75	butyrolactone	2
PBK85545.barcode75	ectoine	2
PBK85545.barcode75	hydrogen-cyanide	1
PBK85545.barcode75	lanthipeptide-class-ii	1
PBK85545.barcode75	lanthipeptide-class-iii	2
PBK85545.barcode75	lanthipeptide-class-iv	1
PBK85545.barcode75	lassopeptide	1
PBK85545.barcode75	melanin	1
PBK85545.barcode75	other	1
PBK85545.barcode75	terpene	6
PBK85545.barcode75	terpene-precursor	2
PBK85545.barcode77	CDPS	1
PBK85545.barcode77	NAPAA	2
PBK85545.barcode77	NI-siderophore	3
PBK85545.barcode77	NRPS	5
PBK85545.barcode77	NRPS-like	1
PBK85545.barcode77	RRE-containing	1
PBK85545.barcode77	RiPP-like	3
PBK85545.barcode77	T1PKS	4
PBK85545.barcode77	T2PKS	2
PBK85545.barcode77	T3PKS	2
PBK85545.barcode77	azoxy-crosslink	1
PBK85545.barcode77	butyrolactone	1
PBK85545.barcode77	deazapurine	1
PBK85545.barcode77	ectoine	1
PBK85545.barcode77	hglE-KS	1
PBK85545.barcode77	hydrogen-cyanide	1
PBK85545.barcode77	indole	1
PBK85545.barcode77	lanthipeptide-class-i	1
PBK85545.barcode77	lanthipeptide-class-ii	1
PBK85545.barcode77	lassopeptide	1
PBK85545.barcode77	melanin	1
PBK85545.barcode77	redox-cofactor	1
PBK85545.barcode77	terpene	7
PBK85545.barcode77	terpene-precursor	3
PBK85545.barcode79	NI-siderophore	2
PBK85545.barcode79	NRP-metallophore	1
PBK85545.barcode79	NRPS	6
PBK85545.barcode79	NRPS-like	1
PBK85545.barcode79	PKS-like	1
PBK85545.barcode79	RiPP-like	4
PBK85545.barcode79	T1PKS	3
PBK85545.barcode79	T2PKS	2
PBK85545.barcode79	T3PKS	1
PBK85545.barcode79	blactam	2
PBK85545.barcode79	butyrolactone	2
PBK85545.barcode79	ectoine	2
PBK85545.barcode79	lanthipeptide-class-i	1
PBK85545.barcode79	lanthipeptide-class-ii	1
PBK85545.barcode79	lanthipeptide-class-iii	1
PBK85545.barcode79	melanin	1
PBK85545.barcode79	terpene	7
PBK85545.barcode79	terpene-precursor	4
PBK85545.barcode80	CDPS	1
PBK85545.barcode80	NAPAA	2
PBK85545.barcode80	NI-siderophore	2
PBK85545.barcode80	NRPS	8
PBK85545.barcode80	NRPS-like	1
PBK85545.barcode80	PKS-like	3
PBK85545.barcode80	RRE-containing	1
PBK85545.barcode80	RiPP-like	3
PBK85545.barcode80	T1PKS	2
PBK85545.barcode80	T2PKS	1
PBK85545.barcode80	T3PKS	3
PBK85545.barcode80	aminocoumarin	1
PBK85545.barcode80	arylpolyene	2
PBK85545.barcode80	azole-containing-RiPP	1
PBK85545.barcode80	butyrolactone	2
PBK85545.barcode80	crocagin	1
PBK85545.barcode80	ectoine	1
PBK85545.barcode80	furan	1
PBK85545.barcode80	hglE-KS	1
PBK85545.barcode80	hydrogen-cyanide	1
PBK85545.barcode80	lanthipeptide-class-ii	1
PBK85545.barcode80	lanthipeptide-class-iii	2
PBK85545.barcode80	melanin	2
PBK85545.barcode80	oligosaccharide	2
PBK85545.barcode80	other	2
PBK85545.barcode80	terpene	7
PBK85545.barcode80	terpene-precursor	4
PBK85545.barcode81	NAPAA	1
PBK85545.barcode81	NI-siderophore	1
PBK85545.barcode81	NRP-metallophore	1
PBK85545.barcode81	NRPS	9
PBK85545.barcode81	NRPS-like	3
PBK85545.barcode81	RiPP-like	4
PBK85545.barcode81	T2PKS	2
PBK85545.barcode81	T3PKS	1
PBK85545.barcode81	arylpolyene	1
PBK85545.barcode81	azole-containing-RiPP	2
PBK85545.barcode81	butyrolactone	1
PBK85545.barcode81	ectoine	1
PBK85545.barcode81	hglE-KS	1
PBK85545.barcode81	hydrogen-cyanide	1
PBK85545.barcode81	terpene	5
PBK85545.barcode81	terpene-precursor	3
PBK85545.barcode82	NRP-metallophore	1
PBK85545.barcode82	NRPS	3
PBK85545.barcode82	RiPP-like	1
PBK85545.barcode82	azole-containing-RiPP	1
PBK85545.barcode82	betalactone	1
PBK85545.barcode82	darobactin	1
PBK85545.barcode82	glycocin	1
PBK85545.barcode82	lanthipeptide-class-i	1
PBK85545.barcode82	ranthipeptide	1
PBK85545.barcode82	terpene	1
PBK85545.barcode82	terpene-precursor	1
PBK85545.barcode83	2dos	1
PBK85545.barcode83	NAPAA	1
PBK85545.barcode83	NI-siderophore	3
PBK85545.barcode83	NRPS	6
PBK85545.barcode83	NRPS-like	6
PBK85545.barcode83	RiPP-like	3
PBK85545.barcode83	T1PKS	5
PBK85545.barcode83	T2PKS	2
PBK85545.barcode83	T3PKS	2
PBK85545.barcode83	arylpolyene	1
PBK85545.barcode83	betalactone	2
PBK85545.barcode83	butyrolactone	2
PBK85545.barcode83	ectoine	1
PBK85545.barcode83	hydrogen-cyanide	1
PBK85545.barcode83	linaridin	1
PBK85545.barcode83	melanin	1
PBK85545.barcode83	phosphonate	1
PBK85545.barcode83	terpene	5
PBK85545.barcode83	terpene-precursor	2
PBK85545.barcode84	CDPS	1
PBK85545.barcode84	NAPAA	1
PBK85545.barcode84	NI-siderophore	2
PBK85545.barcode84	NRPS-like	2
PBK85545.barcode84	PKS-like	3
PBK85545.barcode84	RiPP-like	4
PBK85545.barcode84	T2PKS	3
PBK85545.barcode84	T3PKS	3
PBK85545.barcode84	atropopeptide	1
PBK85545.barcode84	azole-containing-RiPP	1
PBK85545.barcode84	betalactone	2
PBK85545.barcode84	butyrolactone	2
PBK85545.barcode84	ectoine	1
PBK85545.barcode84	hydrogen-cyanide	1
PBK85545.barcode84	melanin	1
PBK85545.barcode84	terpene	5
PBK85545.barcode84	terpene-precursor	1
PBK85545.barcode85	CDPS	1
PBK85545.barcode85	HR-T2PKS	1
PBK85545.barcode85	NAPAA	2
PBK85545.barcode85	NI-siderophore	4
PBK85545.barcode85	NRP-metallophore	2
PBK85545.barcode85	NRPS	12
PBK85545.barcode85	NRPS-like	7
PBK85545.barcode85	PKS-like	1
PBK85545.barcode85	RiPP-like	3
PBK85545.barcode85	T1PKS	8
PBK85545.barcode85	T2PKS	1
PBK85545.barcode85	T3PKS	2
PBK85545.barcode85	atropopeptide	2
PBK85545.barcode85	azole-containing-RiPP	1
PBK85545.barcode85	benzoxazole	1
PBK85545.barcode85	betalactone	1
PBK85545.barcode85	butyrolactone	1
PBK85545.barcode85	ectoine	1
PBK85545.barcode85	hglE-KS	2
PBK85545.barcode85	hydrogen-cyanide	2
PBK85545.barcode85	lanthipeptide-class-i	3
PBK85545.barcode85	lanthipeptide-class-ii	2
PBK85545.barcode85	lanthipeptide-class-iii	1
PBK85545.barcode85	lanthipeptide-class-iv	2
PBK85545.barcode85	lassopeptide	1
PBK85545.barcode85	phosphonate	1
PBK85545.barcode85	terpene	8
PBK85545.barcode85	terpene-precursor	2
PBK85545.barcode86	HR-T2PKS	1
PBK85545.barcode86	NAPAA	1
PBK85545.barcode86	NI-siderophore	2
PBK85545.barcode86	NRPS-like	1
PBK85545.barcode86	RiPP-like	4
PBK85545.barcode86	T1PKS	1
PBK85545.barcode86	T2PKS	1
PBK85545.barcode86	T3PKS	2
PBK85545.barcode86	azole-containing-RiPP	1
PBK85545.barcode86	butyrolactone	1
PBK85545.barcode86	ectoine	1
PBK85545.barcode86	redox-cofactor	1
PBK85545.barcode86	terpene	6
PBK85545.barcode86	terpene-precursor	1
PBK85545.barcode87	NI-siderophore	1
PBK85545.barcode87	NRPS	7
PBK85545.barcode87	NRPS-like	2
PBK85545.barcode87	PKS-like	1
PBK85545.barcode87	RRE-containing	1
PBK85545.barcode87	T3PKS	1
PBK85545.barcode87	cyclic-lactone-autoinducer	2
PBK85545.barcode87	lanthipeptide-class-i	1
PBK85545.barcode87	lassopeptide	1
PBK85545.barcode87	phosphonate	1
PBK85545.barcode87	proteusin	1
PBK85545.barcode87	terpene-precursor	2
PBK85545.barcode87	transAT-PKS	4
PBK85545.barcode88	NI-siderophore	1
PBK85545.barcode88	T3PKS	1
PBK85545.barcode88	cyclic-lactone-autoinducer	1
PBK85545.barcode88	lanthipeptide-class-ii	1
PBK85545.barcode88	opine-like-metallophore	1
PBK85545.barcode88	terpene	1
PBK85545.barcode88	terpene-precursor	1
PBK85545.barcode89	NRP-metallophore	1
PBK85545.barcode89	NRPS	5
PBK85545.barcode89	PKS-like	1
PBK85545.barcode89	RiPP-like	1
PBK85545.barcode89	T3PKS	2
PBK85545.barcode89	betalactone	1
PBK85545.barcode89	cyclic-lactone-autoinducer	1
PBK85545.barcode89	lanthipeptide-class-ii	1
PBK85545.barcode89	other	1
PBK85545.barcode89	terpene	2
PBK85545.barcode89	terpene-precursor	2
PBK85545.barcode89	transAT-PKS	5
PBK85545.barcode90	CDPS	1
PBK85545.barcode90	NAPAA	2
PBK85545.barcode90	NI-siderophore	3
PBK85545.barcode90	NRPS	6
PBK85545.barcode90	NRPS-like	6
PBK85545.barcode90	PKS-like	2
PBK85545.barcode90	RiPP-like	2
PBK85545.barcode90	T1PKS	6
PBK85545.barcode90	T2PKS	1
PBK85545.barcode90	T3PKS	1
PBK85545.barcode90	arylpolyene	2
PBK85545.barcode90	azole-containing-RiPP	1
PBK85545.barcode90	butyrolactone	3
PBK85545.barcode90	ectoine	1
PBK85545.barcode90	furan	1
PBK85545.barcode90	hydrogen-cyanide	1
PBK85545.barcode90	lanthipeptide-class-i	2
PBK85545.barcode90	lanthipeptide-class-ii	1
PBK85545.barcode90	lanthipeptide-class-iii	2
PBK85545.barcode90	lanthipeptide-class-iv	2
PBK85545.barcode90	melanin	2
PBK85545.barcode90	phenazine	1
PBK85545.barcode90	proteusin	1
PBK85545.barcode90	terpene	10
PBK85545.barcode90	terpene-precursor	4
PBK85545.barcode91	CDPS	1
PBK85545.barcode91	NAPAA	2
PBK85545.barcode91	NI-siderophore	3
PBK85545.barcode91	NRPS	6
PBK85545.barcode91	NRPS-like	6
PBK85545.barcode91	PKS-like	2
PBK85545.barcode91	RiPP-like	2
PBK85545.barcode91	T1PKS	6
PBK85545.barcode91	T2PKS	1
PBK85545.barcode91	T3PKS	1
PBK85545.barcode91	arylpolyene	2
PBK85545.barcode91	azole-containing-RiPP	2
PBK85545.barcode91	butyrolactone	3
PBK85545.barcode91	ectoine	1
PBK85545.barcode91	furan	1
PBK85545.barcode91	hydrogen-cyanide	1
PBK85545.barcode91	lanthipeptide-class-ii	1
PBK85545.barcode91	lanthipeptide-class-iii	2
PBK85545.barcode91	lanthipeptide-class-iv	2
PBK85545.barcode91	lassopeptide	1
PBK85545.barcode91	melanin	2
PBK85545.barcode91	phenazine	1
PBK85545.barcode91	proteusin	1
PBK85545.barcode91	terpene	9
PBK85545.barcode91	terpene-precursor	4
PBK85545.barcode91	thioamitides	1
PBK85545.barcode91	triceptide	1
PBK85545.barcode92	CDPS	1
PBK85545.barcode92	NAPAA	2
PBK85545.barcode92	NI-siderophore	3
PBK85545.barcode92	NRPS	6
PBK85545.barcode92	NRPS-like	6
PBK85545.barcode92	PKS-like	2
PBK85545.barcode92	RiPP-like	2
PBK85545.barcode92	T1PKS	6
PBK85545.barcode92	T2PKS	1
PBK85545.barcode92	T3PKS	1
PBK85545.barcode92	arylpolyene	2
PBK85545.barcode92	azole-containing-RiPP	1
PBK85545.barcode92	butyrolactone	3
PBK85545.barcode92	ectoine	1
PBK85545.barcode92	furan	1
PBK85545.barcode92	hydrogen-cyanide	1
PBK85545.barcode92	lanthipeptide-class-i	2
PBK85545.barcode92	lanthipeptide-class-ii	1
PBK85545.barcode92	lanthipeptide-class-iii	2
PBK85545.barcode92	lanthipeptide-class-iv	2
PBK85545.barcode92	melanin	2
PBK85545.barcode92	phenazine	1
PBK85545.barcode92	proteusin	1
PBK85545.barcode92	terpene	10
PBK85545.barcode92	terpene-precursor	4
PBK85545.barcode93	NI-siderophore	2
PBK85545.barcode93	NRP-metallophore	1
PBK85545.barcode93	NRPS	3
PBK85545.barcode93	NRPS-like	1
PBK85545.barcode93	PKS-like	1
PBK85545.barcode93	RiPP-like	2
PBK85545.barcode93	T1PKS	5
PBK85545.barcode93	T3PKS	3
PBK85545.barcode93	aminocoumarin	1
PBK85545.barcode93	azole-containing-RiPP	2
PBK85545.barcode93	butyrolactone	2
PBK85545.barcode93	ectoine	1
PBK85545.barcode93	hglE-KS	2
PBK85545.barcode93	hydrogen-cyanide	1
PBK85545.barcode93	lanthipeptide-class-iii	1
PBK85545.barcode93	lanthipeptide-class-v	1
PBK85545.barcode93	lassopeptide	1
PBK85545.barcode93	melanin	1
PBK85545.barcode93	other	2
PBK85545.barcode93	redox-cofactor	1
PBK85545.barcode93	terpene	6
PBK85545.barcode93	terpene-precursor	4
PBK85545.barcode94	HR-T2PKS	1
PBK85545.barcode94	NI-siderophore	4
PBK85545.barcode94	NRPS	3
PBK85545.barcode94	NRPS-like	6
PBK85545.barcode94	PKS-like	1
PBK85545.barcode94	RiPP-like	3
PBK85545.barcode94	T1PKS	7
PBK85545.barcode94	T2PKS	2
PBK85545.barcode94	T3PKS	2
PBK85545.barcode94	azole-containing-RiPP	2
PBK85545.barcode94	butyrolactone	4
PBK85545.barcode94	ectoine	1
PBK85545.barcode94	hglE-KS	2
PBK85545.barcode94	hydrogen-cyanide	2
PBK85545.barcode94	indole	1
PBK85545.barcode94	lanthipeptide-class-i	1
PBK85545.barcode94	lassopeptide	3
PBK85545.barcode94	linaridin	1
PBK85545.barcode94	melanin	1
PBK85545.barcode94	other	1
PBK85545.barcode94	terpene	4
PBK85545.barcode94	terpene-precursor	1
PBK85545.barcode94	thioamitides	1
PBK85545.barcode94	transAT-PKS	1
PBK85545.barcode94	transAT-PKS-like	1
PBK85545.barcode94	triceptide	1
PBK85545.barcode95	CDPS	1
PBK85545.barcode95	NAPAA	1
PBK85545.barcode95	NI-siderophore	2
PBK85545.barcode95	NRPS	5
PBK85545.barcode95	NRPS-like	2
PBK85545.barcode95	PKS-like	1
PBK85545.barcode95	RRE-containing	1
PBK85545.barcode95	RiPP-like	5
PBK85545.barcode95	T1PKS	6
PBK85545.barcode95	T2PKS	2
PBK85545.barcode95	T3PKS	1
PBK85545.barcode95	arylpolyene	1
PBK85545.barcode95	atropopeptide	1
PBK85545.barcode95	azole-containing-RiPP	2
PBK85545.barcode95	azoxy-crosslink	1
PBK85545.barcode95	butyrolactone	1
PBK85545.barcode95	crocagin	1
PBK85545.barcode95	ectoine	1
PBK85545.barcode95	hglE-KS	1
PBK85545.barcode95	hydrogen-cyanide	1
PBK85545.barcode95	indole	1
PBK85545.barcode95	lanthipeptide-class-iii	1
PBK85545.barcode95	lassopeptide	1
PBK85545.barcode95	linaridin	1
PBK85545.barcode95	melanin	2
PBK85545.barcode95	terpene	9
PBK85545.barcode95	terpene-precursor	3
PBK85545.barcode95	thioamitides	1
PBK85545.barcode95	triceptide	1
PBK85545.barcode96	ectoine	1
